model,k,modality,horizon,prompting,regime,coord_error_per_bob_0,coord_error_mean,coord_error_max,angle_error_per_link_0,angle_error_mean,sign_match_per_link_0,omega_mag_error_0,delta_KE,delta_PE,delta_E,coord_error_per_bob_1,angle_error_per_link_1,sign_match_per_link_1,omega_mag_error_1,coord_error_per_bob_2,angle_error_per_link_2,sign_match_per_link_2,omega_mag_error_2,success_rate
chronos2-multi,1,coords,0.01,no_cot,changed_disclosed,0.03669483420495703,0.03669483420495703,0.03669483420495703,0.026213599686262246,0.026213599686262246,1.0,0.04104527587375406,-0.06383984705408406,0.023694513501887542,-0.040145333552196585,,,,,,,,,1.0
chronos2-multi,1,coords,0.01,no_cot,changed_hidden,0.004113225686578216,0.004113225686578216,0.004113225686578216,0.005141624568013392,0.005141624568013392,1.0,0.0067307155108391635,-0.0005944883681652301,-0.0003454134066010084,-0.0009399017747662441,,,,,,,,,1.0
chronos2-multi,1,coords,0.01,no_cot,normal,0.0326295797991787,0.0326295797991787,0.0326295797991787,0.03264090358365932,0.03264090358365932,1.0,0.05256655549265275,-0.00222539293594549,0.005320166399400134,0.0030947734634545697,,,,,,,,,1.0
chronos2-multi,1,coords,1.0,no_cot,changed_disclosed,0.27866852575837,0.27866852575837,0.27866852575837,0.20175413196748543,0.20175413196748543,1.0,0.18395851819912507,0.13432643995809293,1.0534378304368526,1.1877642703949456,,,,,,,,,1.0
chronos2-multi,1,coords,1.0,no_cot,changed_hidden,0.034710958045699354,0.034710958045699354,0.034710958045699354,0.04342427142014989,0.04342427142014989,1.0,0.05039689947204053,0.0042787161215884556,0.008719239612360624,0.012997955733949077,,,,,,,,,1.0
chronos2-multi,1,coords,1.0,no_cot,normal,0.04188963814162253,0.04188963814162253,0.04188963814162253,0.04193370010400106,0.04193370010400106,1.0,0.07378945114360302,-0.09051451887980985,-0.14650606009157546,-0.23702057897138537,,,,,,,,,1.0
chronos2-multi,1,coords,10.0,no_cot,changed_disclosed,0.7544239134952171,0.7544239134952171,0.7544239134952171,0.6195315651096361,0.6195315651096361,0.6,1.2982346555401008,-1.2283115908403257,2.0102006089142996,0.781889018073974,,,,,,,,,1.0
chronos2-multi,1,coords,10.0,no_cot,changed_hidden,0.1505154603682982,0.1505154603682982,0.1505154603682982,0.1896253998114318,0.1896253998114318,0.3,0.26325356596327376,0.01379923727913765,0.02040513093222786,0.03420436821136551,,,,,,,,,1.0
chronos2-multi,1,coords,10.0,no_cot,normal,0.4629394108962838,0.4629394108962838,0.4629394108962838,0.48008599138234176,0.48008599138234176,1.0,1.1713843019487977,0.6141839194875299,-1.320204216977066,-0.706020297489536,,,,,,,,,1.0
chronos2-multi,1,coords,60.0,no_cot,changed_disclosed,0.9132134245800565,0.9132134245800565,0.9132134245800565,0.6958850857406099,0.6958850857406099,0.45,1.180227906949805,-2.672869794311969,-1.1135221776155393,-3.7863919719275083,,,,,,,,,1.0
chronos2-multi,1,coords,60.0,no_cot,changed_hidden,0.2559969107561576,0.2559969107561576,0.2559969107561576,0.3282173823598339,0.3282173823598339,0.25,0.20850519268236284,0.01232283280968361,0.068079300961747,0.0804021337714306,,,,,,,,,1.0
chronos2-multi,1,coords,60.0,no_cot,normal,0.9487582113985737,0.9487582113985737,0.9487582113985737,1.0877991371800642,1.0877991371800642,0.45,2.1862852669471593,-3.5512000970228854,-5.6946142303207,-9.245814327343584,,,,,,,,,1.0
chronos2-multi,2,coords,0.01,no_cot,changed_disclosed,0.013650366218153978,0.02771116506336589,0.04202135108190784,0.009750481664585942,0.031571685540442596,0.95,0.027587582628284934,-0.04154109871875364,-0.0892011813768031,-0.1307422800955568,0.041771963908577806,0.05339288941629925,0.95,0.0816776093443437,,,,,1.0
chronos2-multi,2,coords,0.01,no_cot,changed_hidden,0.011221639848664462,0.016316482239290542,0.023529310342102122,0.0140276035550017,0.014992518963041778,1.0,0.0541737921940121,-0.038431227260205834,-0.0070591665399041045,-0.045490393800109885,0.02141132462991662,0.01595743437108186,0.9,0.024912034558218447,,,,,1.0
chronos2-multi,2,coords,0.01,no_cot,normal,0.06782869575314023,0.10157908666029425,0.14989185764922403,0.06790639768339497,0.09553776252379655,1.0,0.24752469171897826,-0.5079127790902493,0.10991270406575888,-0.39800007502449064,0.13532947756744823,0.12316912736419812,0.95,0.2736997284416561,,,,,1.0
chronos2-multi,2,coords,1.0,no_cot,changed_disclosed,0.49553451588677644,0.6334896146248389,0.8426788619593788,0.3618373078024596,0.8163169567255799,0.7,0.6553287834298426,-0.37869709953718556,1.6107234979293268,1.2320263983921411,0.7714447133629012,1.2707966056487003,0.8,1.6235188507482743,,,,,1.0
chronos2-multi,2,coords,1.0,no_cot,changed_hidden,0.3109818820935027,0.3062229438874572,0.37391808658796155,0.3998715890154848,0.3569841702910784,0.85,0.7782535763369218,0.16900198205216838,0.2633121386624679,0.43231412071463626,0.30146400568141163,0.314096751566672,0.65,0.7072973286405497,,,,,1.0
chronos2-multi,2,coords,1.0,no_cot,normal,0.729876816206527,0.9177207426327344,1.1481258360370172,0.8115537752074152,0.9838318276473347,0.5,2.9612737121835293,-9.303341355215869,2.766401495720333,-6.5369398594955355,1.1055646690589418,1.156109880087254,0.65,3.4428781389679317,,,,,1.0
chronos2-multi,2,coords,10.0,no_cot,changed_disclosed,0.6738740645400169,0.8834271199186677,1.1591628854071077,0.5070575024705252,0.8698678588424711,0.55,0.8181584605084252,-0.4668886984949059,1.1297112090395376,0.6628225105446317,1.0929801752973187,1.232678215214417,0.55,2.058708286224833,,,,,1.0
chronos2-multi,2,coords,10.0,no_cot,changed_hidden,0.3223509936978086,0.5110622903455367,0.7121872857294161,0.41143137967661775,0.4297553763771541,0.7,0.6084662304570355,0.0165765623672158,0.6122482645912413,0.628824826958457,0.6997735869932649,0.4480793730776904,0.5,0.5544257181866727,,,,,1.0
chronos2-multi,2,coords,10.0,no_cot,normal,0.966739911746035,1.1826130542414504,1.5263500057080148,1.126562842703301,1.329791183502746,0.45,2.3248668716700363,-10.08952020942588,-1.1414739141166577,-11.230994123542535,1.3984861967368656,1.5330195243021913,0.5,4.157806535184962,,,,,1.0
chronos2-multi,2,coords,60.0,no_cot,changed_disclosed,0.5156019255148615,0.8052024734868375,1.1018620901302438,0.37536892718293624,0.7985949500653383,0.6,0.37229097006600764,-0.4993938841417839,1.4147849512252586,0.9153910670834746,1.0948030214588136,1.2218209729477405,0.45,0.9226858771021336,,,,,1.0
chronos2-multi,2,coords,60.0,no_cot,changed_hidden,0.243897782385703,0.37095193710863295,0.5216238031399516,0.3101324076123621,0.2935334327698456,0.45,0.3867435514135555,0.13177140712891086,0.17102080813486134,0.3027922152637721,0.49800609183156286,0.27693445792732907,0.5,0.4177884155191249,,,,,1.0
chronos2-multi,2,coords,60.0,no_cot,normal,0.7554511484009915,1.108074876996084,1.5313201244076926,0.8512492899862256,1.1225311913329403,0.55,2.869671245141744,-10.08716869183751,-5.274083306006483,-15.361251997843993,1.4606986055911764,1.3938130926796548,0.35,4.54043568027901,,,,,1.0
chronos2-multi,3,coords,0.01,no_cot,changed_disclosed,0.01990403900313564,0.06862858701767514,0.1173513883610046,0.014217482898422618,0.06526093629899296,1.0,0.03964786919985627,-0.03865981209897125,0.16313768081701802,0.12447786871804674,0.07334606803701807,0.09630067117887575,0.95,0.17106552413051276,0.11263565401287175,0.08526465481968051,1.0,0.08009877894926139,1.0
chronos2-multi,3,coords,0.01,no_cot,changed_hidden,0.015031665039825578,0.029599905249446175,0.0517267118796035,0.01879092158612634,0.02723050727409098,1.0,0.06827796076063045,0.03022694733771409,-0.0023753407042394594,0.027851606633474614,0.025918971874402275,0.0199666365688975,1.0,0.043900473343416735,0.047849078834110666,0.04293396366724911,0.95,0.05167128365421094,1.0
chronos2-multi,3,coords,0.01,no_cot,normal,0.05466611197175488,0.0839295059758908,0.11851416097485805,0.05471212492610751,0.06344025320170095,1.0,0.2037762181620658,-0.1861047207617696,-0.43322474608483513,-0.6193294668466051,0.08980852635281332,0.07417151532095452,1.0,0.20243229279021321,0.10731387960310419,0.06143711935804082,1.0,0.17908848796631502,1.0
chronos2-multi,3,coords,1.0,no_cot,changed_disclosed,0.8508500609049392,1.2083078380263785,1.7327809618147054,0.6445413555493247,1.16449866521106,0.65,0.8620984433126022,1.065401250749989,3.4516350000925358,4.517036250842525,1.2295702402299935,1.713259112653774,0.55,3.8258963501695744,1.5445032129442031,1.1356955274300817,0.7,2.609607546471363,1.0
chronos2-multi,3,coords,1.0,no_cot,changed_hidden,0.47194042638044714,0.6226514184155907,0.9398426536009306,0.6264884689490822,0.6916131320264951,0.6,1.164864522882131,0.8733274612209121,0.13470160104248907,1.0080290622634014,0.6143805417691199,0.49350232569073305,0.65,0.827890198456384,0.7816332870972048,0.9548486014396703,0.65,1.0492712662390236,1.0
chronos2-multi,3,coords,1.0,no_cot,normal,0.739977214772541,1.1341647375314095,1.6685269638424287,0.8568011255415218,1.0222529958467241,0.55,1.6061534802749278,-8.081399215073287,0.9149575994603902,-7.1664416156128965,1.1055292567957111,0.9255605762273174,0.55,3.3669199098643774,1.556987741025976,1.2843972857713335,0.65,3.088382079280543,1.0
chronos2-multi,3,coords,10.0,no_cot,changed_disclosed,0.7727520599648507,1.3290128536295125,2.051064269346167,0.6071820837779373,1.2834766378139677,0.7,0.619613634702031,-1.6646111742496974,4.534447266281761,2.869836092032063,1.3672840096366077,1.6209939991171858,0.55,2.030451560060208,1.8470024912870788,1.6222538305467804,0.6,1.3019799795196734,1.0
chronos2-multi,3,coords,10.0,no_cot,changed_hidden,0.32514551909063977,0.8169600458842992,1.4799659094274837,0.4199897358345287,0.7430893831281128,0.6,0.5404107538553389,0.35695752592861946,0.39620843645848547,0.753165962387105,0.6792605744675249,0.45815886313047527,0.4,0.53438992371798,1.4464740440947326,1.3511195504193343,0.45,0.965193549293694,1.0
chronos2-multi,3,coords,10.0,no_cot,normal,0.7454190093488582,1.216312468528517,1.822520132328446,0.8307468166819378,1.049436811400152,0.35,2.6778401165344987,-16.214074738012396,-2.603188403888472,-18.81726314190087,1.3224523473448284,1.0597351761260472,0.3,3.9192324453240452,1.5810660488918642,1.2578284413924712,0.55,3.4136335404362184,1.0
chronos2-multi,3,coords,60.0,no_cot,changed_disclosed,0.6789458038679761,1.2516436475537733,1.9402336122363522,0.5007908317443892,0.9287054750325986,0.5,0.44022826651948843,1.6387094234608832,7.288998739148596,8.92770816260948,1.2639159382857719,1.3104585756386566,0.7,0.9631347203915703,1.812069200507572,0.9748670177147503,0.5,0.8990140796796682,1.0
chronos2-multi,3,coords,60.0,no_cot,changed_hidden,0.2713051932984664,0.6515924091563506,1.1305022595937644,0.36206683931647,0.524888688035815,0.6,0.3761777171300345,1.1260061285679186,1.607076320119789,2.733082448687708,0.5895944629697746,0.37071944151268255,0.75,0.3783045551292551,1.093877571200811,0.8418797832782927,0.45,0.6797735404948135,1.0
chronos2-multi,3,coords,60.0,no_cot,normal,0.563080172392252,1.2403056132549755,1.9614428138835567,0.638735094300263,1.0925953699096513,0.45,2.3679388351379136,-14.95908160139131,-5.874536258910875,-20.833617860302184,1.2684224200786542,1.169901593451654,0.5,3.2158370922369004,1.8894142472940196,1.4691494219770374,0.65,3.077528170666597,1.0
chronos2-uni,1,coords,0.01,no_cot,changed_disclosed,0.04224916103377642,0.04224916103377642,0.04224916103377642,0.030181154745813378,0.030181154745813378,1.0,0.03299816752156977,0.008179290692515362,0.09665267322227608,0.1048319639147914,,,,,,,,,1.0
chronos2-uni,1,coords,0.01,no_cot,changed_hidden,0.006166568069702593,0.006166568069702593,0.006166568069702593,0.0077084362533681675,0.0077084362533681675,1.0,0.008636441407197654,-0.0005479247851146645,-0.0006529226309902436,-0.0012008474161048998,,,,,,,,,1.0
chronos2-uni,1,coords,0.01,no_cot,normal,0.03697249674566036,0.03697249674566036,0.03697249674566036,0.03699525273491302,0.03699525273491302,1.0,0.0481538803272698,0.010866004671425598,-1.3492626605604574e-06,0.010864655408765023,,,,,,,,,1.0
chronos2-uni,1,coords,1.0,no_cot,changed_disclosed,0.2565388502283099,0.2565388502283099,0.2565388502283099,0.1849725726767362,0.1849725726767362,0.95,0.16699352052638247,0.2591248041340401,0.9783100134647469,1.2374348175987868,,,,,,,,,1.0
chronos2-uni,1,coords,1.0,no_cot,changed_hidden,0.03312213214175307,0.03312213214175307,0.03312213214175307,0.041416782648554376,0.041416782648554376,0.95,0.048631897621318476,-0.0019464458527740582,-0.005659187184351699,-0.007605633037125764,,,,,,,,,1.0
chronos2-uni,1,coords,1.0,no_cot,normal,0.03130429285266832,0.03130429285266832,0.03130429285266832,0.031334497454228075,0.031334497454228075,1.0,0.05847083610760793,-0.00036983293413236294,-0.10182270682425691,-0.10219253975838934,,,,,,,,,1.0
chronos2-uni,1,coords,10.0,no_cot,changed_disclosed,0.7427749577730322,0.7427749577730322,0.7427749577730322,0.5910500728705406,0.5910500728705406,0.6,1.3205392437142582,-1.0688244787355814,2.3109320253190835,1.2421075465835023,,,,,,,,,1.0
chronos2-uni,1,coords,10.0,no_cot,changed_hidden,0.20771816814785177,0.20771816814785177,0.20771816814785177,0.26397598767151054,0.26397598767151054,0.2,0.29365117104673943,0.016014468931035683,0.04069509347467115,0.056709562405706834,,,,,,,,,1.0
chronos2-uni,1,coords,10.0,no_cot,normal,0.49846261123629143,0.49846261123629143,0.49846261123629143,0.5620329203799128,0.5620329203799128,1.0,1.0322503151180864,0.382464270091624,-1.7076964571165427,-1.3252321870249189,,,,,,,,,1.0
chronos2-uni,1,coords,60.0,no_cot,changed_disclosed,0.9043928062895901,0.9043928062895901,0.9043928062895901,0.6808452005159382,0.6808452005159382,0.5,1.1734794774502384,-2.5374941431828857,-1.8212734190593018,-4.358767562242187,,,,,,,,,1.0
chronos2-uni,1,coords,60.0,no_cot,changed_hidden,0.2614544095118273,0.2614544095118273,0.2614544095118273,0.3360179619896723,0.3360179619896723,0.25,0.2101442643480671,0.012583776047320855,0.0715285478279759,0.08411232387529674,,,,,,,,,1.0
chronos2-uni,1,coords,60.0,no_cot,normal,0.963525319951518,0.963525319951518,0.963525319951518,1.1112153084495555,1.1112153084495555,0.45,2.195040091980407,-3.52528765773827,-5.690294911832219,-9.21558256957049,,,,,,,,,1.0
chronos2-uni,2,coords,0.01,no_cot,changed_disclosed,0.022141850982914758,0.03743605079173561,0.05396690313449328,0.015816522543799016,0.03623104599136536,0.95,0.025735256179493467,-0.06070128363576747,-0.08314302337397281,-0.14384430700974046,0.05273025060055647,0.05664556943893171,0.95,0.08078007786312018,,,,,1.0
chronos2-uni,2,coords,0.01,no_cot,changed_hidden,0.020631331901299184,0.025580956637083506,0.03390708595493529,0.02579234084207165,0.023737259309871372,1.0,0.0403693994796908,-0.03892684930299904,0.020608703887853942,-0.018318145415144982,0.030530581372867828,0.021682177777671098,0.95,0.038960936513617636,,,,,1.0
chronos2-uni,2,coords,0.01,no_cot,normal,0.07208038604009989,0.121093314671554,0.1715205818208426,0.07218657627022498,0.10999250440114058,1.0,0.266767966701412,-0.7798809847343303,0.6155871531885546,-0.1642938315457759,0.1701062433030081,0.14779843253205618,0.95,0.2210048135185799,,,,,1.0
chronos2-uni,2,coords,1.0,no_cot,changed_disclosed,0.34637573390712534,0.558898962775674,0.8105946951855081,0.25372487765357005,0.820088173700484,0.8,0.3595719245960526,-0.6257640962916333,2.017588790648195,1.391824694356562,0.7714221916442225,1.386451469747398,0.7,1.5749449540624625,,,,,1.0
chronos2-uni,2,coords,1.0,no_cot,changed_hidden,0.26994732096647467,0.35662750106746494,0.45753960171148356,0.36543700025062914,0.3740371121826363,0.65,0.9668930807994023,0.463370371388904,0.4227019002020441,0.8860722715909481,0.4433076811684552,0.38263722411464346,0.75,0.7025868420003594,,,,,1.0
chronos2-uni,2,coords,1.0,no_cot,normal,0.7574567678466927,0.9218141891861036,1.237939476763967,0.8382562288995548,1.0660670504502305,0.65,2.7139504663427756,-6.593532188713608,4.861200281127119,-1.7323319075864902,1.0861716105255144,1.293877872000906,0.7,3.010289975949705,,,,,1.0
chronos2-uni,2,coords,10.0,no_cot,changed_disclosed,0.6577083660327525,0.8502011655313316,1.0853499007732366,0.5100255266947002,0.7607354291503295,0.45,0.9536002773832409,-0.32624761883714387,1.477342726183791,1.151095107346647,1.0426939650299105,1.0114453316059588,0.6,2.3872131390985087,,,,,1.0
chronos2-uni,2,coords,10.0,no_cot,changed_hidden,0.4224248836049954,0.7055219874552607,1.001913710874086,0.544528599870169,0.5597129780088588,0.45,0.8378696210774885,-0.3344277967813197,0.4594975116630279,0.12506971488170812,0.988619091305526,0.5748973561475486,0.4,0.7254509708860872,,,,,1.0
chronos2-uni,2,coords,10.0,no_cot,normal,0.8238921787923836,1.1250861857623042,1.546589442523654,0.9840861299176454,1.300354340093146,0.55,2.5064037506879853,-4.176761920575912,0.17442819785006397,-4.002333722725849,1.4262801927322248,1.6166225502686467,0.5,4.940103748017307,,,,,1.0
chronos2-uni,2,coords,60.0,no_cot,changed_disclosed,0.5569663618289263,0.8313167638671508,1.1126664796870416,0.40749352393716387,0.7862556808583429,0.5,0.3801357991822059,-0.45493519843663976,1.637155225492106,1.1822200270554664,1.1056671659053756,1.1650178377795217,0.45,0.89268354536843,,,,,1.0
chronos2-uni,2,coords,60.0,no_cot,changed_hidden,0.25555136025210606,0.37817706351413805,0.5152408778303026,0.3260509065572377,0.2932835566955263,0.4,0.408090152584918,0.1731633513910254,0.16840400769027591,0.3415673590813014,0.5008027667761701,0.26051620683381504,0.45,0.4389234873454666,,,,,1.0
chronos2-uni,2,coords,60.0,no_cot,normal,0.7031666394771111,1.0625051059665718,1.4772192628054355,0.7946363873314473,1.088065258945878,0.45,2.8722950686131115,-10.340230484429009,-5.300448820691576,-15.640679305120585,1.4218435724560323,1.3814941305603088,0.4,4.5347185219614445,,,,,1.0
chronos2-uni,3,coords,0.01,no_cot,changed_disclosed,0.029753550421847973,0.07809603473758632,0.12941212243113764,0.02125497078452321,0.06743011775903472,1.0,0.04851143312428456,0.07240783693518868,0.18888381245341418,0.26129164938860255,0.0814101675139739,0.09659997545770212,1.0,0.16833366779694442,0.12312438627693707,0.08443540703487884,1.0,0.11551814095411646,1.0
chronos2-uni,3,coords,0.01,no_cot,changed_hidden,0.02034615861527428,0.0404500112561027,0.06875119001389376,0.025434322623918426,0.035215033943046904,1.0,0.08442003531559909,0.2445057900853329,-0.012820683496110541,0.2316851065892224,0.035241826190649965,0.02507154776486391,1.0,0.0676811989960265,0.06576204896238387,0.05513923144035837,1.0,0.05528399483946024,1.0
chronos2-uni,3,coords,0.01,no_cot,normal,0.043906851582568074,0.0659058583551125,0.10384697240313848,0.04391838589842192,0.06148842239714386,1.0,0.23417179046582062,0.47926188908769796,0.1311106094562267,0.6103724985439246,0.06682797465732142,0.06117852665779302,1.0,0.23689454782241035,0.08698274882544807,0.07936835463521666,1.0,0.11712418608528759,1.0
chronos2-uni,3,coords,1.0,no_cot,changed_disclosed,0.7871167443882898,1.2235379370131154,1.800373754276314,0.5905213866505649,1.2549357262105503,0.5,0.9875063225681713,-3.153706951499333,4.251092442593813,1.0973854910944794,1.2385609752029392,1.7746068981637453,0.5,3.424128847785481,1.6449360914481173,1.3996788938173408,0.65,1.8455358269946973,1.0
chronos2-uni,3,coords,1.0,no_cot,changed_hidden,0.5937331279992286,0.8428274305487233,1.188401366257644,0.7909383409426118,0.8445091384514949,0.5,1.2445991192298214,0.35506833900558965,1.4787583719854094,1.833826710990999,0.8445577668780165,0.7299470308055682,0.65,0.8734233617616999,1.0901913967689252,1.0126420436063048,0.65,1.1554882550230743,1.0
chronos2-uni,3,coords,1.0,no_cot,normal,0.6389984345390685,1.067928607909956,1.62054810342632,0.723547174734437,0.9771297992482664,0.4,2.0337206533069625,-17.569210393961992,1.4718992880757489,-16.097311105886245,1.060149797356356,1.0330125990949948,0.5,3.4284708180579777,1.5046375918344435,1.1748296239153675,0.55,3.971930172072708,1.0
chronos2-uni,3,coords,10.0,no_cot,changed_disclosed,0.8623332148136902,1.3468307096044199,1.9641064163671185,0.7007796084632345,1.1762195138305667,0.7,0.7970934931486966,-1.1054376327061957,5.415585800538225,4.31014816783203,1.3691191137974505,1.4553772679874495,0.55,2.113537203034988,1.8090398002021189,1.3725016650410162,0.65,1.4831016166908475,1.0
chronos2-uni,3,coords,10.0,no_cot,changed_hidden,0.5347419463140398,0.9933655357353498,1.5257147826856285,0.7149643321439169,0.7685023486528888,0.5,0.6168251306857963,0.5537710654359305,0.48909341688583174,1.0428644823217623,0.9944636985904198,0.5489777482522523,0.4,0.6455326013777791,1.4508909623015895,1.0415649655624972,0.55,1.0248988418744025,1.0
chronos2-uni,3,coords,10.0,no_cot,normal,0.7872067352365526,1.1301082226764207,1.6021447053889122,0.8505634855633298,0.9715710002170231,0.4,2.538520736618379,-16.911508054859077,-1.2362825915815907,-18.147790646440665,1.132170353302873,1.10467846414014,0.4,3.811977884134131,1.4709475794898368,0.9594710509475999,0.55,3.90820536592562,1.0
chronos2-uni,3,coords,60.0,no_cot,changed_disclosed,0.7201757694992332,1.1761999721263057,1.7692815177554198,0.5351365054442525,0.8812871813534116,0.5,0.46235815640529543,1.69471769327272,6.261436653365633,7.956154346638354,1.1413926880054972,1.1408098428997366,0.75,0.9781777261148836,1.6670314588741868,0.9679151957162455,0.45,0.8190120032118504,1.0
chronos2-uni,3,coords,60.0,no_cot,changed_hidden,0.26912642546955456,0.7362497770779439,1.2861860786094486,0.3603193602663929,0.5557805397169664,0.6,0.4509633350168806,1.4344783096492795,1.9159799945387885,3.350458304188068,0.6636889182345685,0.43511915009362295,0.7,0.37916774039487533,1.2759339875297087,0.8719031087908832,0.55,0.7078773309270283,1.0
chronos2-uni,3,coords,60.0,no_cot,normal,0.5493003355376446,1.2297103474557471,1.9315187833280985,0.623359802201753,1.057560648711611,0.55,2.28099088341708,-14.057194610667025,-7.7165049717164225,-21.773699582383447,1.2952515911918492,1.2015643975773134,0.5,3.237238636524701,1.8445791156377478,1.3477577463557662,0.65,3.093622729267509,1.0
euler,1,coords,0.01,no_cot,changed_disclosed,0.00011552346506670478,0.00011552346506670478,0.00011552346506670478,8.251676079920056e-05,8.251676079920056e-05,1.0,0.00013481171822746495,0.0011318392615415882,0.0006471919428330363,0.0017790312043746593,,,,,,,,,1.0
euler,1,coords,0.01,no_cot,changed_hidden,1.4408319840570376e-05,1.4408319840570376e-05,1.4408319840570376e-05,1.8010399801426935e-05,1.8010399801426935e-05,1.0,2.726982127874908e-05,3.4418463074211335e-06,3.2239296712588405e-06,6.665775978675903e-06,,,,,,,,,1.0
euler,1,coords,0.01,no_cot,normal,0.00026986265308112477,0.00026986265308112477,0.00026986265308112477,0.0002698626548772509,0.0002698626548772509,1.0,0.000718487223144882,0.002007501315692532,0.002072034323994909,0.004079535639687349,,,,,,,,,1.0
euler,1,coords,1.0,no_cot,changed_disclosed,0.016620593270372193,0.016620593270372193,0.016620593270372193,0.011871973704731054,0.011871973704731054,1.0,0.011088215361620845,0.03113776883791638,0.1055181672553874,0.13665593609330406,,,,,,,,,1.0
euler,1,coords,1.0,no_cot,changed_hidden,0.0013257077009402088,0.0013257077009402088,0.0013257077009402088,0.0016571351558939628,0.0016571351558939628,1.0,0.002193367462743054,0.000238466563587314,0.00024826970272026627,0.00048673626630758025,,,,,,,,,1.0
euler,1,coords,1.0,no_cot,normal,0.04072321878629066,0.04072321878629066,0.04072321878629066,0.040733025878200046,0.040733025878200046,1.0,0.11497349108932797,0.09284753889711225,0.2889445129726217,0.38179205186973386,,,,,,,,,1.0
euler,1,coords,10.0,no_cot,changed_disclosed,0.6774437778339856,0.6774437778339856,0.6774437778339856,0.5073159950368151,0.5073159950368151,0.8,0.6686861267859234,-1.4212491245065857,2.83937464245255,1.4181255179459646,,,,,,,,,1.0
euler,1,coords,10.0,no_cot,changed_hidden,0.003492509182565872,0.003492509182565872,0.003492509182565872,0.004365645390436867,0.004365645390436867,1.0,0.005517389178544919,0.00015663939288867665,0.00017059781594764846,0.00032723720883632846,,,,,,,,,1.0
euler,1,coords,10.0,no_cot,normal,0.9261338811560484,0.9261338811560484,0.9261338811560484,1.061472577998812,1.061472577998812,0.55,3.0896087374660044,2.3326834394434988,1.8980045339603617,4.23068797340386,,,,,,,,,1.0
euler,1,coords,60.0,no_cot,changed_disclosed,1.3962687912460225,1.3962687912460225,1.3962687912460225,1.1049279625779111,1.1049279625779111,0.6,1.391161868795816,3.5393070196940437,3.8044813133115647,7.343788333005608,,,,,,,,,1.0
euler,1,coords,60.0,no_cot,changed_hidden,9.901261184061662e-06,9.901261184061662e-06,9.901261184061662e-06,1.2376576480366274e-05,1.2376576480366274e-05,1.0,1.98159950900797e-05,3.0505085546083166e-10,2.6978492217999415e-10,5.748357678747595e-10,,,,,,,,,1.0
euler,1,coords,60.0,no_cot,normal,1.2605921417488735,1.2605921417488735,1.2605921417488735,1.5873847801655359,1.5873847801655359,0.4,7.081661315507523,20.65954260120178,6.173494829787114,26.833037430988895,,,,,,,,,1.0
euler,2,coords,0.01,no_cot,changed_disclosed,8.863072380581247e-05,0.00013903453447268563,0.00019375498332615496,6.33076598908211e-05,0.00013350329410386497,1.0,0.0002621462227442483,0.0005571255660335349,0.0008483762106790028,0.0014055017767123368,0.00018943834513955878,0.00020369892831690884,1.0,0.0006611860414490048,,,,,1.0
euler,2,coords,0.01,no_cot,changed_hidden,0.00010713699639347599,0.00010006665710221338,0.0001268053719040169,0.00013392124598403664,0.00011894353603387753,1.0,0.00042273631707391465,-0.00016467568649109428,0.0002713239464940509,0.00010664826000297278,9.299631781095079e-05,0.00010396582608371841,1.0,0.00032217746928008543,,,,,1.0
euler,2,coords,0.01,no_cot,normal,0.0007779853402128261,0.0008182222847803648,0.001032534494514727,0.0007779853844197771,0.0008687368266830142,1.0,0.008864203879499261,0.033787829132252124,0.011266263234219753,0.045054092366471864,0.0008584592293479033,0.0009594882689462514,1.0,0.012657094914605958,,,,,1.0
euler,2,coords,1.0,no_cot,changed_disclosed,0.009163601343796148,0.015083069325714423,0.022966939585360547,0.006545467825496587,0.01907868298036828,1.0,0.012378379800941471,0.07878098067166742,0.06908292259688664,0.14786390326855436,0.021002537307632695,0.03161189813523997,1.0,0.05820539820065444,,,,,1.0
euler,2,coords,1.0,no_cot,changed_hidden,0.010242120998614011,0.009243759777230841,0.01121325911733621,0.01280286590054891,0.010328121351550978,1.0,0.027543812959068343,0.014609624778791736,0.025105643778966846,0.03971526855775862,0.008245398555847671,0.007853376802553047,0.95,0.018382595798973743,,,,,1.0
euler,2,coords,1.0,no_cot,normal,0.19189664827411973,0.2070090189750841,0.2531981323378377,0.19700469563544715,0.1665979058740202,0.9,1.0697891842637373,3.7521077298903824,-1.743309169508882,2.0087985603815004,0.22212138967604855,0.13619111611259324,1.0,0.5353851577502668,,,,,1.0
euler,2,coords,10.0,no_cot,changed_disclosed,0.2407639398444532,0.3840014516428556,0.5730959394291666,0.17324470814225884,0.5139132918830862,0.85,0.3253028582774678,0.7430229438239379,0.5096625541597097,1.252685497983648,0.527238963441258,0.8545818756239136,0.65,2.1712718103728634,,,,,1.0
euler,2,coords,10.0,no_cot,changed_hidden,0.17751983720055758,0.13113356205610913,0.19323417409663102,0.224245488678618,0.18815183103712227,0.65,0.48685946154862664,0.04068377921813894,0.10833751619311101,0.1490212954112498,0.0847472869116607,0.15205817339562655,0.85,0.35561336605438176,,,,,1.0
euler,2,coords,10.0,no_cot,normal,1.3843031907415846,1.5003992748428587,1.8012040839435894,1.6814610326481705,1.5593572692168178,0.35,4.102100429480895,8.851891827384613,11.762110889118208,20.61400271650282,1.6164953589441329,1.437253505785465,0.45,6.592110738524573,,,,,1.0
euler,2,coords,60.0,no_cot,changed_disclosed,0.4790824361758991,0.6556410477119254,0.8384268567705723,0.34916862769399915,0.4525325146626983,0.5,0.6601608700285002,0.6144371293665005,0.7394264723957303,1.3538636017622308,0.8321996592479518,0.5558964016313974,0.65,0.9435058498881375,,,,,1.0
euler,2,coords,60.0,no_cot,changed_hidden,0.05860280396764206,0.11085145394578164,0.1631001039239212,0.07333785648639077,0.0803011627806294,0.95,0.07081551034616916,0.05946075225631943,0.09277875289515572,0.15223950515147516,0.1631001039239212,0.08726446907486803,0.95,0.07848598933902237,,,,,1.0
euler,2,coords,60.0,no_cot,normal,1.1087480700107633,1.2926249113624815,1.6716776449260238,1.3463456506126965,1.33875125852318,0.35,7.181947865666096,99.35824379598756,5.645831939735865,105.00407573572343,1.4765017527141997,1.3311568664336635,0.6,13.123010136754061,,,,,1.0
euler,3,coords,0.01,no_cot,changed_disclosed,0.00013449106539565,0.0003584300685473232,0.0005612357148297904,9.606504713186582e-05,0.00030023676488646347,1.0,0.0007882766213061027,-0.007934600689277538,0.0031561683061592126,-0.004778432383118414,0.000409830598188029,0.0005037691142032452,1.0,0.003219905577849979,0.0005309685420582908,0.0003008761333242793,1.0,0.0029683713999990786,1.0
euler,3,coords,0.01,no_cot,changed_hidden,0.00020742150886389005,0.0002004839653522036,0.00027648061179477094,0.00025927688943578887,0.00021202029047990846,1.0,0.0036306570359419645,0.0026839898753501764,0.0007594111592648777,0.0034434010346150344,0.00014572552990044127,0.00019876993670826516,1.0,0.002777153778532287,0.0002483048572922795,0.00017801404529567134,1.0,0.0018553408317956634,1.0
euler,3,coords,0.01,no_cot,normal,0.0005892960597629132,0.0007949771604067627,0.0010860741926823788,0.0005892960768461685,0.0006539949173253179,1.0,0.004441660194806863,-0.015104270628226547,0.011849573226611999,-0.0032546974016145922,0.0008152289184812821,0.0009429916638808323,1.0,0.003961501408535725,0.000980406502976093,0.0004296970112489529,1.0,0.0071524426103768465,1.0
euler,3,coords,1.0,no_cot,changed_disclosed,0.027326982846646343,0.05408011259997749,0.08544133999523301,0.019520120643673967,0.052722979011368284,1.0,0.09437780175829494,0.43852310188551663,0.18771823695327722,0.626241338838794,0.061900368174204856,0.08057606897353223,1.0,0.49601492447098494,0.07301298677908127,0.058072747416898676,0.95,0.3368082037245855,1.0
euler,3,coords,1.0,no_cot,changed_hidden,0.023755576230026575,0.022398137213805538,0.03092453982014855,0.029702029018939747,0.026305480263367008,0.95,0.1016418785830123,0.06999995955456213,0.07039534879924711,0.14039530835380917,0.017298032698754524,0.02157332304619608,1.0,0.07229466759349383,0.026140802712635525,0.0276410887249652,0.95,0.047201400976844624,1.0
euler,3,coords,1.0,no_cot,normal,0.170404772232639,0.2552837571758736,0.40113893285785085,0.17145400877048664,0.2734709623238331,0.8,0.9751325477199073,4.004197505316054,0.9392751741438877,4.9434726794599415,0.2372662052849622,0.26668605346888746,0.7,1.2665951063388186,0.35818029401001955,0.38227282473212526,0.95,1.7469785832497102,1.0
euler,3,coords,10.0,no_cot,changed_disclosed,0.9112662058652935,1.0838047924611178,1.5046775101057699,0.698407068732983,1.2142954150455345,0.6,0.8681086725203085,1.7283452449765513,3.6466755622333045,5.3750208072098555,1.186349392149434,1.6961295820135647,0.55,2.849101803495576,1.153798779368626,1.248349594390056,0.5,2.2515767774973785,1.0
euler,3,coords,10.0,no_cot,changed_hidden,0.220809637332921,0.2032813055984583,0.3219343608462445,0.28178488710863164,0.2795269288062935,0.5,0.7328900093040376,0.2180008374404677,0.21730174470283786,0.43530258214330575,0.17715119870802667,0.17689457507022963,0.4,0.5123992607021844,0.21188308075442733,0.3799013242400191,0.85,0.42751221834357206,1.0
euler,3,coords,10.0,no_cot,normal,0.9406631630291766,1.3448773015414113,1.9786836524180742,1.1045624411951185,1.3567593883993587,0.55,4.75954267782435,40.224482255187205,17.16596632701946,57.39044858220667,1.2859116254329983,1.022838950648564,0.5,8.544009316003448,1.8080571161620598,1.9428767733543935,0.7,5.9514001907034135,1.0
euler,3,coords,60.0,no_cot,changed_disclosed,0.5430314186196037,1.0083814770738275,1.5996124717929254,0.39558190852207575,0.8805655108387835,0.6,0.5740528289431128,3.983825273584298,6.777272333366271,10.761097606950567,0.9597311476650388,1.0870345386511326,0.4,2.8020990748767494,1.5223818649368404,1.1590800853431422,0.5,1.9001462928219623,1.0
euler,3,coords,60.0,no_cot,changed_hidden,0.046643460268773446,0.12581861513206635,0.20545111415796163,0.058363861688520056,0.0713763793944789,0.9,0.046596630472421616,0.1427923512126115,0.07865871140232983,0.2214510626149413,0.1254294945242946,0.0659163969050853,0.9,0.051707382300090456,0.20538289060313103,0.08984887958983132,0.85,0.08638388364821309,1.0
euler,3,coords,60.0,no_cot,normal,1.1796216697217785,1.5810746504818245,2.24211715010397,1.409806442029,1.5096620938178795,0.45,8.780723735922928,181.97999971126495,27.970953983217452,209.9509536944824,1.5541564366788925,1.59112951216393,0.45,12.359381469757741,2.009445845044802,1.5280503272607084,0.35,14.218002536295504,1.0
hnn,1,coords,0.01,no_cot,changed_disclosed,0.026370906335547763,0.026370906335547763,0.026370906335547763,0.018914604641251387,0.018914604641251387,1.0,0.00990652058319995,0.030816885646222404,0.15198039556061307,0.1827972812068354,,,,,,,,,1.0
hnn,1,coords,0.01,no_cot,changed_hidden,0.0006649951839346124,0.0006649951839346124,0.0006649951839346124,0.0008312440884215456,0.0008312440884215456,1.0,0.0008487919159879453,3.604267936593242e-05,8.021446000455179e-05,0.00011625713937047921,,,,,,,,,1.0
hnn,1,coords,0.01,no_cot,normal,0.029622024848338525,0.029622024848338525,0.029622024848338525,0.029663864086649516,0.029663864086649516,1.0,0.04649828896621312,-0.05104923899025989,0.0424564293038634,-0.008592809686396774,,,,,,,,,1.0
hnn,1,coords,1.0,no_cot,changed_disclosed,0.33199942772684676,0.33199942772684676,0.33199942772684676,0.24172802670503274,0.24172802670503274,0.75,0.6049755491895921,-0.604508368057036,0.16448881534493714,-0.4400195527120988,,,,,,,,,1.0
hnn,1,coords,1.0,no_cot,changed_hidden,0.03563983359632589,0.03563983359632589,0.03563983359632589,0.044571860700895624,0.044571860700895624,0.85,0.11023690335672962,0.010481179293317452,0.002091280692592401,0.012572459985909844,,,,,,,,,1.0
hnn,1,coords,1.0,no_cot,normal,0.50585056866587,0.50585056866587,0.50585056866587,0.5591983263976272,0.5591983263976272,0.55,3.227347871176728,10.834969861436498,0.5964166584223778,11.431386519858876,,,,,,,,,1.0
hnn,1,coords,10.0,no_cot,changed_disclosed,0.8472218711923338,0.8472218711923338,0.8472218711923338,0.6491250937410656,0.6491250937410656,0.45,1.370561915026472,-1.9537372929385366,2.052003022908286,0.09826572996974917,,,,,,,,,1.0
hnn,1,coords,10.0,no_cot,changed_hidden,0.16912706355680113,0.16912706355680113,0.16912706355680113,0.21270536914473456,0.21270536914473456,0.5,0.2658984564511964,0.018546084869617056,0.016550471031258045,0.035096555900875084,,,,,,,,,1.0
hnn,1,coords,10.0,no_cot,normal,1.0229350129402879,1.0229350129402879,1.0229350129402879,1.239782817993712,1.239782817993712,0.5,5.070870808461156,60.43642188732948,0.0661326953869231,60.50255458271639,,,,,,,,,1.0
hnn,1,coords,60.0,no_cot,changed_disclosed,1.3818730035915199,1.3818730035915199,1.3818730035915199,1.1931623213001727,1.1931623213001727,0.45,2.0965082276851392,7.299157549180601,3.8672135875293074,11.166371136709909,,,,,,,,,1.0
hnn,1,coords,60.0,no_cot,changed_hidden,0.1365002762210685,0.1365002762210685,0.1365002762210685,0.17136187763392274,0.17136187763392274,0.55,0.26471245900573653,0.01745251652329994,0.016586664239860195,0.03403918076316012,,,,,,,,,1.0
hnn,1,coords,60.0,no_cot,normal,0.9932627095775212,0.9932627095775212,0.9932627095775212,1.1500747113993066,1.1500747113993066,0.55,16.527293982514735,2074.34270256776,-0.8722769113741526,2073.470425656386,,,,,,,,,1.0
hnn,2,coords,0.01,no_cot,changed_disclosed,0.29204803052708417,0.32350343690007655,0.36496813106214687,0.20979202883059442,0.17699504577764405,0.85,0.3697689045245599,-0.14112050977635154,0.4159903611760223,0.2748698513996707,0.3549588432730689,0.14419806272469365,0.8,0.6788017409427957,,,,,1.0
hnn,2,coords,0.01,no_cot,changed_hidden,0.0054565586949753,0.01208223379375518,0.018720918681732937,0.006820821133957056,0.01064259676481034,1.0,0.02832871980113231,-0.0018108408642430475,0.003524261301898135,0.0017134204376550333,0.018707908892535055,0.014464372395663627,0.95,0.03376586974162493,,,,,1.0
hnn,2,coords,0.01,no_cot,normal,0.06394492771043617,0.0737307337859933,0.0895029847331256,0.06409901248888823,0.05522018517014361,1.0,0.13054221554649534,0.14081685941952576,-0.3631909652756903,-0.22237410585616466,0.08351653986155046,0.04634135785139899,0.95,0.13515920031576817,,,,,1.0
hnn,2,coords,1.0,no_cot,changed_disclosed,1.8095635904664529,2.072854383215822,2.4056523523082234,1.6382576698693516,1.7113511796277572,0.55,19.878922512136494,2023.6350495828774,9.457023351432328,2033.09207293431,2.3361451759651914,1.7844446893861625,0.55,10.681455274876445,,,,,1.0
hnn,2,coords,1.0,no_cot,changed_hidden,0.42083247246748207,0.5776519614006369,0.7629902772925026,0.5571293555815551,0.5138438335897921,0.55,1.5386438909359659,2.722268181981863,0.4339116350353326,3.156179817017196,0.7344714503337916,0.470558311598029,0.7,1.340480092190879,,,,,1.0
hnn,2,coords,1.0,no_cot,normal,0.976116385847328,1.212994937875183,1.5505219586970909,1.17656097690633,1.2136103254719868,0.35,6.579736039119356,105.50638990750033,0.32372636201305127,105.83011626951335,1.4498734899030379,1.250659674037643,0.65,6.324006376367379,,,,,1.0
hnn,2,coords,10.0,no_cot,changed_disclosed,2.0726639538956495,2.416368335097494,2.8115515178925135,1.8699784691735002,1.8234736242093068,0.55,122.64156166591468,62356.011005426044,16.96622352603361,62372.97722895207,2.760072716299339,1.7769687792451136,0.45,96.972618656989,,,,,1.0
hnn,2,coords,10.0,no_cot,changed_hidden,0.4350209614331682,0.7961560304466825,1.1710066143953575,0.5673882963473331,0.6583351870697219,0.65,1.4037412239540674,6.974778986980557,0.8027715630070169,7.777550549987575,1.1572910994601968,0.7492820777921108,0.5,1.652494203823754,,,,,1.0
hnn,2,coords,10.0,no_cot,normal,1.0909779447416468,1.5330281039420095,2.034227124770297,1.2203296548489562,1.4579359397967617,0.45,23.308929930403966,2337.9954798741956,5.9859031426688984,2343.9813830168646,1.9750782631423722,1.6955422247445675,0.35,17.65372212999539,,,,,1.0
hnn,2,coords,60.0,no_cot,changed_disclosed,1.8055366032358062,2.084842472886671,2.392474467121384,1.5442873905325158,1.5809072977164738,0.5,610.3328344942956,2587126.755159663,14.175247164572927,2587140.9304068275,2.3641483425375354,1.6175272049004312,0.55,490.2508799082684,,,,,1.0
hnn,2,coords,60.0,no_cot,changed_hidden,0.7476332981895846,1.1978465212829525,1.652042991112205,1.0248193240039376,0.9514243453833467,0.5,1.553286582681309,500.3956466629813,3.1457210801543467,503.54136774313565,1.6480597443763205,0.8780293667627559,0.5,5.034965834585369,,,,,1.0
hnn,2,coords,60.0,no_cot,normal,1.0330238531700986,1.3770992305979493,1.8503977651563694,1.1582763596730818,1.4254303034435654,0.45,85.65292554976232,57292.68972676366,0.11773467329893741,57292.80746143697,1.7211746080258,1.6925842472140489,0.3,85.03447487389093,,,,,1.0
hnn,3,coords,0.01,no_cot,changed_disclosed,0.20511465923001815,0.22184804488895934,0.29126028816156646,0.14703909423919265,0.14690481919275217,0.95,0.30618642937796436,1.296640085095771,0.5169687749461882,1.813608860041959,0.21380568749714954,0.14375267935698616,0.85,0.37469677258338707,0.24662378793971032,0.14992268398207773,1.0,0.28729969078835693,1.0
hnn,3,coords,0.01,no_cot,changed_hidden,0.04579377748647803,0.08180556665318786,0.10912238780765135,0.057300544022002284,0.04983749092987653,0.95,0.1862844748123864,-0.028006281911236795,0.09154201944697682,0.06353573753573998,0.09524819235932173,0.062212548283467076,0.95,0.11521904364126052,0.10437473011376382,0.02999938048416022,1.0,0.17661645049268695,1.0
hnn,3,coords,0.01,no_cot,normal,0.0559176004539234,0.07652425822025984,0.10889725442388105,0.05599447686755754,0.05423347745127273,0.95,0.11233310650020771,-0.26457300773843145,-0.12207920146555909,-0.38665220920399046,0.07592099354907618,0.04339472374376112,1.0,0.1873438296185596,0.09773418065777993,0.0633112317424995,1.0,0.10755430785794184,1.0
hnn,3,coords,1.0,no_cot,changed_disclosed,1.6966763163158252,2.2426095939421637,2.9730637160041353,1.4876944059185502,1.7132599764964245,0.5,17.897014298115046,2647.2815475102134,17.927343618881117,2665.2088911290944,2.2886396545889167,1.749980153270474,0.65,21.54067360289665,2.74251281092175,1.9021053703002486,0.4,16.198168657363063,1.0
hnn,3,coords,1.0,no_cot,changed_hidden,0.7571194159771377,1.6435406726255626,2.364443003794701,1.1347535649853948,1.2179013702823362,0.6,3.970087077229749,154.42806163583128,6.378037671856658,160.80609930768793,1.9258552778887956,1.491314640203453,0.5,5.544821243298648,2.2476473240107544,1.0276359056581608,0.6,5.695394216799643,1.0
hnn,3,coords,1.0,no_cot,normal,1.1423548175689142,1.9004272689852617,2.7675430597844324,1.3601529798975887,1.5126071122654585,0.35,10.33972541235504,370.7843107644375,27.109963509154273,397.8942742735918,2.107457719758351,1.5657656784468408,0.55,8.551964353721427,2.4514692696285194,1.6119026784519463,0.3,8.296776722178347,1.0
hnn,3,coords,10.0,no_cot,changed_disclosed,1.5610921424210367,2.1768666124748606,3.1375143153190055,1.3171123986295132,1.6776690577771092,0.45,51.9792978859273,25438.28902868192,22.411724536575342,25460.70075321849,1.9468563802918957,1.7956830578784406,0.55,63.08098607055907,3.02265131471165,1.9202117168233737,0.45,74.93110421810596,1.0
hnn,3,coords,10.0,no_cot,changed_hidden,0.7473569903369573,1.5285284679822742,2.247406338523793,1.0679515552049605,1.1073851865069781,0.55,18.01307167257513,4331.819064114343,5.9676218188907155,4337.7866859332335,1.644096906346034,1.13334385998825,0.5,22.53240159241234,2.1941315072638305,1.1208601443277235,0.55,23.454423331069123,1.0
hnn,3,coords,10.0,no_cot,normal,1.363577484802002,1.9715429883437854,2.661494139691869,1.711152175342562,1.5886038246758807,0.6,50.205164981419315,20808.755253334974,40.87730861991384,20849.632561954884,2.118993719537831,1.5577614726196987,0.5,58.33113134451573,2.4320577606915226,1.4968978260653811,0.4,83.76332490073948,1.0
hnn,3,coords,60.0,no_cot,changed_disclosed,1.4479250685084624,2.068670396439585,2.8934071705045232,1.2164815790892733,1.3482280402552806,0.35,135.22826459461422,210105.80517604217,24.234486397725824,210130.0396624399,1.9335429581838486,1.4712939840056904,0.5,273.40836180138456,2.8245431626264437,1.356908557670878,0.55,305.42044035877154,1.0
hnn,3,coords,60.0,no_cot,changed_hidden,0.674455360785737,1.6706040536254896,2.568179051253014,0.9575524350661766,1.1304643647997246,0.65,44.229031830446374,60571.30158121267,6.414161988034391,60577.7157432007,1.776414589957189,1.270091216150665,0.4,72.94497197750768,2.5609422101335433,1.163749443182332,0.5,82.98690018547937,1.0
hnn,3,coords,60.0,no_cot,normal,1.2522803500847783,1.7895578570402317,2.469381720221847,1.5302295097701322,1.5416664240802473,0.35,144.21680360021006,220638.95848222644,27.231185884666473,220666.18966811112,1.818260867290411,1.421322302164043,0.55,223.30594012207538,2.298132353745507,1.673447460306567,0.6,295.4714172184888,1.0
hnn-rollout,1,coords,0.01,no_cot,changed_disclosed,0.00539886337828962,0.00539886337828962,0.00539886337828962,0.0038564986856365114,0.0038564986856365114,1.0,0.017292406144414418,-0.09539500779620366,-0.016594980955713753,-0.11198998875191765,,,,,,,,,1.0
hnn-rollout,1,coords,0.01,no_cot,changed_hidden,0.0006243223102629215,0.0006243223102629215,0.0006243223102629215,0.000780402930840074,0.000780402930840074,1.0,0.0006739882704553599,4.0642573244757653e-05,8.542962070283711e-05,0.0001260721939476017,,,,,,,,,1.0
hnn-rollout,1,coords,0.01,no_cot,normal,0.008806778704287997,0.008806778704287997,0.008806778704287997,0.008808129850411484,0.008808129850411484,0.95,0.030041895336598255,-0.030200218561330577,0.0020926460666973955,-0.028107572494633283,,,,,,,,,1.0
hnn-rollout,1,coords,1.0,no_cot,changed_disclosed,0.41779926622973373,0.41779926622973373,0.41779926622973373,0.35703230079755355,0.35703230079755355,0.95,0.24755203823708705,0.731685678008866,0.328750621066218,1.0604362990750842,,,,,,,,,1.0
hnn-rollout,1,coords,1.0,no_cot,changed_hidden,0.043361584281233524,0.043361584281233524,0.043361584281233524,0.05422140478819752,0.05422140478819752,0.85,0.08434604643540647,0.007929388094358222,0.0033646387748966057,0.011294026869254814,,,,,,,,,1.0
hnn-rollout,1,coords,1.0,no_cot,normal,0.3978038095800713,0.3978038095800713,0.3978038095800713,0.45232503939752855,0.45232503939752855,0.95,1.2078524055309838,2.0085468851738764,-0.7887602204067223,1.2197866647671545,,,,,,,,,1.0
hnn-rollout,1,coords,10.0,no_cot,changed_disclosed,1.2211348933512245,1.2211348933512245,1.2211348933512245,0.9541746300689915,0.9541746300689915,0.8,0.7436698319077423,0.9913113588821183,0.46513559753028044,1.4564469564123987,,,,,,,,,1.0
hnn-rollout,1,coords,10.0,no_cot,changed_hidden,0.1703041424564103,0.1703041424564103,0.1703041424564103,0.21409134644574376,0.21409134644574376,0.4,0.23726349711132116,0.014341766667461628,0.0187428655971488,0.03308463226461043,,,,,,,,,1.0
hnn-rollout,1,coords,10.0,no_cot,normal,0.8885395891224841,0.8885395891224841,0.8885395891224841,1.0182896297318516,1.0182896297318516,0.45,3.65869452457068,1.0975986301712877,-1.6226595829150958,-0.5250609527438084,,,,,,,,,1.0
hnn-rollout,1,coords,60.0,no_cot,changed_disclosed,1.5860035476764192,1.5860035476764192,1.5860035476764192,1.4423086470467013,1.4423086470467013,0.55,1.758170576745154,1.9443285169744384,3.9561777657106076,5.900506282685047,,,,,,,,,1.0
hnn-rollout,1,coords,60.0,no_cot,changed_hidden,0.1487224585491556,0.1487224585491556,0.1487224585491556,0.18687825660934926,0.18687825660934926,0.2,0.2447598771010952,0.017266680936235755,0.01880784724181577,0.03607452817805152,,,,,,,,,1.0
hnn-rollout,1,coords,60.0,no_cot,normal,0.8893348581390367,0.8893348581390367,0.8893348581390367,1.016635838523047,1.016635838523047,0.45,3.4908657286057454,0.7763856889561871,-0.5939778159978222,0.182407872958365,,,,,,,,,1.0
hnn-rollout,2,coords,0.01,no_cot,changed_disclosed,0.03982707564060284,0.04452732911347758,0.05486906031261631,0.028453466326797083,0.038588609513677916,1.0,0.08349132071417646,-0.14140969660704555,0.16541038175802045,0.02400068515097471,0.04922758258635231,0.04872375270055875,0.95,0.078094073640076,,,,,1.0
hnn-rollout,2,coords,0.01,no_cot,changed_hidden,0.010875969761961972,0.012447705384308361,0.014503335377384744,0.013611439597863062,0.009381013409867179,1.0,0.02656396659333065,-0.027510666568345655,0.02685377241428315,-0.0006568941540624262,0.014019441006654748,0.005150587221871295,1.0,0.017446454757322635,,,,,1.0
hnn-rollout,2,coords,0.01,no_cot,normal,0.033181335122688664,0.04649111624263329,0.06039035629913063,0.03319435169326725,0.036613556061908324,1.0,0.13127176625931622,0.04139387326077624,-0.10144037510696373,-0.0600465018461875,0.05980089736257791,0.040032760430549395,0.95,0.15949460664826492,,,,,1.0
hnn-rollout,2,coords,1.0,no_cot,changed_disclosed,1.129528401492347,1.28824845800152,1.5270295323657956,0.9523446430817533,1.0193216045289044,0.6,2.663366343959637,39.61196470603527,1.0220741276742138,40.63403883370949,1.4469685145106932,1.0862985659760558,0.5,7.06928454439573,,,,,1.0
hnn-rollout,2,coords,1.0,no_cot,changed_hidden,0.3353441415509811,0.481738202389226,0.6391671022823207,0.4426898274132126,0.4422074669922312,0.9,0.7661368462465694,4.310221389753873,0.869381567250618,5.179602957004493,0.628132263227471,0.4417251065712497,0.75,0.336522841649853,,,,,1.0
hnn-rollout,2,coords,1.0,no_cot,normal,0.6951140017173225,0.996072439673453,1.3211822291919766,0.7721504712733173,1.017469296383862,0.45,7.010267189518229,91.30766115390732,1.4859436410928992,92.79360479500022,1.2970308776295836,1.2627881214944068,0.6,4.643249976679113,,,,,1.0
hnn-rollout,2,coords,10.0,no_cot,changed_disclosed,1.7117232779767235,1.8945212495713157,2.1437733772410428,1.4682909392121852,1.4359194705293539,0.45,12.940985585740254,1228.7142367503575,10.246905899359323,1238.961142649717,2.077319221165908,1.403548001846523,0.4,17.89942516476436,,,,,1.0
hnn-rollout,2,coords,10.0,no_cot,changed_hidden,0.38627486137262423,0.6553140607930155,0.9289484859781878,0.510131647293872,0.513854143025992,0.55,2.9361522447942487,278.0592495946693,1.3582168453835104,279.41746644005286,0.9243532602134067,0.517576638758112,0.55,4.248802057802653,,,,,1.0
hnn-rollout,2,coords,10.0,no_cot,normal,0.8474350395014578,0.9866016704232103,1.2640699722713733,0.947059309959927,1.0955125733542737,0.5,13.508931665711426,1316.5166455931146,-1.5201577840337694,1314.996487809081,1.1257683013449629,1.2439658367486204,0.65,18.380748209476394,,,,,1.0
hnn-rollout,2,coords,60.0,no_cot,changed_disclosed,1.0093363233169825,1.2635473273127669,1.5407969903296688,0.8247573971922536,1.044453995816325,0.35,39.929952754960524,15172.608593249193,6.107472338951945,15178.716065588149,1.5177583313085514,1.2641505944403963,0.65,75.37509648574363,,,,,1.0
hnn-rollout,2,coords,60.0,no_cot,changed_hidden,0.48645894712926613,0.8668914147792923,1.251954613637762,0.6374531386278321,0.7129693055157706,0.7,2.551762442882828,134.91334752821194,1.7446199309568837,136.65796745916882,1.2473238824293187,0.7884854724037091,0.25,4.204149031551212,,,,,1.0
hnn-rollout,2,coords,60.0,no_cot,normal,1.223780304732096,1.4234980379478341,1.6637744703706943,1.4819778340395433,1.4028443104464696,0.5,109.30416985022396,54439.36346998382,10.264806130564164,54449.62827611439,1.6232157711635722,1.3237107868533957,0.5,137.78985705577182,,,,,1.0
hnn-rollout,3,coords,0.01,no_cot,changed_disclosed,0.09143587227511603,0.11971529337671269,0.15369806177806836,0.06534835129112207,0.06896144545400967,1.0,0.18769528643997652,1.716525563196424,-0.36714418685185757,1.3493813763445663,0.12666364988531126,0.07758122448322873,0.9,0.2279658716914506,0.14104635796971082,0.06395476058767824,1.0,0.1417951629185235,1.0
hnn-rollout,3,coords,0.01,no_cot,changed_hidden,0.040644096334774844,0.06898343308935295,0.10090643634258178,0.05083071035958868,0.05467943196014691,1.0,0.12019473156423754,-0.44486734537692685,-0.04070927644759659,-0.48557662182452344,0.07335108813844154,0.06521697490412737,1.0,0.17536515529730803,0.09295511479484246,0.047990610616724674,1.0,0.19373789218211093,1.0
hnn-rollout,3,coords,0.01,no_cot,normal,0.052422058909547785,0.06521639429015422,0.08865849442253204,0.05243347726565813,0.04503450698975222,1.0,0.1115100560599768,0.619640794940681,0.36991737970268546,0.9895581746433664,0.06786472478881447,0.03991671398367587,1.0,0.2056249332223997,0.07536239917210039,0.04275332971992267,1.0,0.08268613956078201,1.0
hnn-rollout,3,coords,1.0,no_cot,changed_disclosed,1.6145630592053841,2.0065803601489725,2.652000516814274,1.3730618798878482,1.3111668629393667,0.45,5.661287873021956,449.7553922771446,17.004721239906083,466.7601135170506,1.9587892422455533,1.3291920346803572,0.65,6.380692624489771,2.4463887789959804,1.2312466742498942,0.45,7.152039905721478,1.0
hnn-rollout,3,coords,1.0,no_cot,changed_hidden,0.5959520844210974,1.1860953236721286,1.6736894266042295,0.8589989586814758,0.9823945682389251,0.5,5.821405534722592,340.1351365926965,3.4343239527354803,343.5694605454319,1.467906145259948,1.0800658764140671,0.6,7.38951109255636,1.4944277413353408,1.0081188696212324,0.6,4.141569079444848,1.0
hnn-rollout,3,coords,1.0,no_cot,normal,1.027621044154464,1.5069831098787791,2.18390176562107,1.2525416177435613,1.1900278003898022,0.55,8.057873705530131,168.45766967104436,24.195529076377962,192.65319874742232,1.6759135276343096,1.0688731782086451,0.45,5.078585195667636,1.8174147578475641,1.2486686052171998,0.45,5.795829926620712,1.0
hnn-rollout,3,coords,10.0,no_cot,changed_disclosed,1.9694621836333528,2.5266461420409088,3.3197431859916344,1.8173530264919644,1.6119049738611444,0.35,32.16481909986869,11329.521313725387,27.468576000941606,11356.989889726328,2.382784070425281,1.3597593669485575,0.5,33.34881199992966,3.227692172064092,1.6586025281429113,0.4,27.65237321230245,1.0
hnn-rollout,3,coords,10.0,no_cot,changed_hidden,0.7657239408611058,1.712095154737319,2.511653434946851,1.1330040444081626,1.1744873405808696,0.65,21.795760436609477,5378.61130886309,6.022895166782051,5384.634204029872,1.889439973561315,1.2038964295373502,0.5,29.830323595908492,2.481121549789537,1.1865615477970963,0.55,19.62647730663696,1.0
hnn-rollout,3,coords,10.0,no_cot,normal,1.4795983264365224,2.1578210979309818,2.9770237482572854,1.882992793719263,1.7473851019260327,0.6,31.951970540945517,7261.363165567054,39.285265615500194,7300.648431182555,2.1855845732273775,1.7779118634667603,0.5,42.481144381710095,2.8082803941290444,1.581250648592075,0.35,41.46268872019776,1.0
hnn-rollout,3,coords,60.0,no_cot,changed_disclosed,1.6791202982526259,2.604060380610316,3.760116979087955,1.472298303421859,1.699523480893713,0.55,84.99114043298843,86464.21597349973,29.876619834033317,86494.09259333376,2.380147282744855,1.7612884475699697,0.45,114.87511444678125,3.752913560833467,1.8649836916893103,0.55,90.82235091350144,1.0
hnn-rollout,3,coords,60.0,no_cot,changed_hidden,0.6831102274995458,1.5151855166908943,2.2597712571398803,0.9883269273043634,1.0923521215218965,0.45,78.33962140196266,73615.1103106987,6.382600130815352,73621.4929108295,1.6264870073325135,1.0906983176994367,0.5,82.95043605188162,2.2359593152406236,1.1980311195618896,0.5,99.77216089237982,1.0
hnn-rollout,3,coords,60.0,no_cot,normal,1.0680485574616483,1.7406321556462316,2.4537550518175957,1.2635956765882046,1.5135953403552305,0.6,165.7297185740104,324411.9635846285,32.51254748075826,324444.47613210924,1.948338066999563,1.6985296354047528,0.4,237.71241315984224,2.2055098424774844,1.578660709072734,0.55,143.05010105716815,1.0
hnn-rollout-mixed,1,coords,0.01,no_cot,changed_disclosed,0.0024331018102393682,0.0024331018102393682,0.0024331018102393682,0.0017379466913075125,0.0017379466913075125,1.0,0.0026631501570612975,-0.0015209037874280892,0.01081389704930593,0.009292993261877802,,,,,,,,,1.0
hnn-rollout-mixed,1,coords,0.01,no_cot,changed_hidden,0.0006121311769153437,0.0006121311769153437,0.0006121311769153437,0.0007651640110596603,0.0007651640110596603,1.0,0.000467647328591967,3.0650214825279595e-05,9.802914903127569e-05,0.0001286793638565653,,,,,,,,,1.0
hnn-rollout-mixed,1,coords,0.01,no_cot,normal,0.015055371998758879,0.015055371998758879,0.015055371998758879,0.015056214598239536,0.015056214598239536,1.0,0.03167436393297864,0.019668529382648074,-0.01777763975381772,0.001890889628830239,,,,,,,,,1.0
hnn-rollout-mixed,1,coords,1.0,no_cot,changed_disclosed,0.36733127955699,0.36733127955699,0.36733127955699,0.2937558467900131,0.2937558467900131,0.85,0.31193904781293924,-0.22786655855780996,0.912134737473918,0.6842681789161082,,,,,,,,,1.0
hnn-rollout-mixed,1,coords,1.0,no_cot,changed_hidden,0.05520332985766975,0.05520332985766975,0.05520332985766975,0.0690403679197615,0.0690403679197615,0.8,0.06585798204154464,0.006104404120252895,0.005258463091101317,0.011362867211354216,,,,,,,,,1.0
hnn-rollout-mixed,1,coords,1.0,no_cot,normal,0.6706277011030468,0.6706277011030468,0.6706277011030468,0.7314026466696901,0.7314026466696901,0.65,1.7984670995739531,0.7383247052960964,-0.34087252248056615,0.39745218281553,,,,,,,,,1.0
hnn-rollout-mixed,1,coords,10.0,no_cot,changed_disclosed,0.8171556021531524,0.8171556021531524,0.8171556021531524,0.6313206253718413,0.6313206253718413,0.55,2.0480519297460185,26.58341995217275,0.6568890732122895,27.240309025385038,,,,,,,,,1.0
hnn-rollout-mixed,1,coords,10.0,no_cot,changed_hidden,0.1648910078236361,0.1648910078236361,0.1648910078236361,0.20709997197985136,0.20709997197985136,0.45,0.21121131642749158,0.011174721999896001,0.02029632832092256,0.03147105032081855,,,,,,,,,1.0
hnn-rollout-mixed,1,coords,10.0,no_cot,normal,0.9664045842520685,0.9664045842520685,0.9664045842520685,1.162208944018137,1.162208944018137,0.35,4.854713095829085,32.492364147779526,-0.3794278735374409,32.11293627424208,,,,,,,,,1.0
hnn-rollout-mixed,1,coords,60.0,no_cot,changed_disclosed,1.44140922051178,1.44140922051178,1.44140922051178,1.3538581310198885,1.3538581310198885,0.2,2.147796125290932,3.485698862414303,3.174523944597701,6.660222807012003,,,,,,,,,1.0
hnn-rollout-mixed,1,coords,60.0,no_cot,changed_hidden,0.15516845048040523,0.15516845048040523,0.15516845048040523,0.19506267231619803,0.19506267231619803,0.55,0.2630281658848924,0.017378016058173677,0.020930638352360607,0.03830865441053427,,,,,,,,,1.0
hnn-rollout-mixed,1,coords,60.0,no_cot,normal,0.9847700157021885,0.9847700157021885,0.9847700157021885,1.200548001018703,1.200548001018703,0.45,13.042228001642794,1014.4473079828116,-0.6433838332565042,1013.8039241495551,,,,,,,,,1.0
hnn-rollout-mixed,2,coords,0.01,no_cot,changed_disclosed,0.09783761809211391,0.116175166089257,0.13572964379860283,0.06995361347038569,0.07738869002199535,1.0,0.1594717467945052,0.07667047490482645,0.2381719263474828,0.31484240125230906,0.1345127140864001,0.08482376657360499,1.0,0.2603251761838625,,,,,1.0
hnn-rollout-mixed,2,coords,0.01,no_cot,changed_hidden,0.003663083361832204,0.007023416906103569,0.010512493939923493,0.004578920118895602,0.006362144351549614,1.0,0.013791171532976576,0.008985283562423322,-0.013035385360383778,-0.004050101797960437,0.010383750450374934,0.008145368584203626,1.0,0.015749525854498122,,,,,1.0
hnn-rollout-mixed,2,coords,0.01,no_cot,normal,0.034622253740272085,0.04160409800219579,0.0502634720776312,0.03464240870022017,0.03302395761983272,1.0,0.1222464482464813,0.18296335829868685,-0.11677310616946379,0.06619025212922298,0.04858594226411948,0.03140550653944527,0.95,0.1711243599666139,,,,,1.0
hnn-rollout-mixed,2,coords,1.0,no_cot,changed_disclosed,1.491915907436716,1.6344714760590215,1.880551209987528,1.259272193260842,1.3610904594894428,0.55,6.642459486065649,251.32397506085536,7.1456014010030175,258.46957646185837,1.7770270446813268,1.4629087257180438,0.65,12.263186097914865,,,,,1.0
hnn-rollout-mixed,2,coords,1.0,no_cot,changed_hidden,0.22434933877519675,0.3711032227051884,0.5278387360826662,0.3378583724654177,0.3944322638693097,1.0,0.8732658432701468,8.323260768861136,0.6017925559740099,8.925053324835146,0.5178571066351801,0.4510061552732016,0.8,0.9491142125773214,,,,,1.0
hnn-rollout-mixed,2,coords,1.0,no_cot,normal,0.8300560249968175,1.1983370851789803,1.5833461390176065,0.9382583555477364,1.1805452715580582,0.55,6.378759330105202,49.41235272111822,4.121330769439605,53.53368349055783,1.5666181453611432,1.4228321875683803,0.6,4.497334802348302,,,,,1.0
hnn-rollout-mixed,2,coords,10.0,no_cot,changed_disclosed,1.682836889189316,2.0185564965414082,2.3802377141050064,1.4979104437732305,1.54707083239887,0.65,39.53907389260583,9082.834302246041,9.770432608890903,9092.604734854931,2.3542761038935,1.5962312210245098,0.7,54.76921551863628,,,,,1.0
hnn-rollout-mixed,2,coords,10.0,no_cot,changed_hidden,0.5163550193053357,0.8784833500346293,1.2459781657787696,0.6965778846333313,0.7265953905750814,0.5,2.162465149014058,119.88176646063343,1.7109445270326962,121.5927109876661,1.240611680763923,0.7566128965168315,0.65,2.1029427321042506,,,,,1.0
hnn-rollout-mixed,2,coords,10.0,no_cot,normal,0.9350765771344776,1.234326098214479,1.6699113113690554,1.039683287572379,1.2863456183682551,0.3,21.834788271758146,2453.9981365009694,2.7557334833637515,2456.7538699843335,1.533575619294481,1.5330079491641313,0.65,13.281906364612862,,,,,1.0
hnn-rollout-mixed,2,coords,60.0,no_cot,changed_disclosed,1.8572579007148615,2.0935743503302606,2.3482025655336947,1.6288253778096233,1.5337217851396736,0.6,167.03346419828267,189668.01810153114,14.646392431894029,189682.66449396306,2.3298907999456597,1.4386181924697237,0.45,233.26292929764077,,,,,1.0
hnn-rollout-mixed,2,coords,60.0,no_cot,changed_hidden,0.3333361248051331,0.6502800733141918,0.9768132973646404,0.4292422785810942,0.5241254968921314,0.65,9.957211616797526,1285.3686588201779,1.2124245079172362,1286.5810833280952,0.9672240218232506,0.6190087152031687,0.45,7.0132265904067665,,,,,1.0
hnn-rollout-mixed,2,coords,60.0,no_cot,normal,1.1376070161612195,1.3660898959687462,1.6895949757254811,1.3682473756452231,1.3009430616100386,0.4,50.190325543927514,16372.276544565699,2.1517043614317326,16374.428248927132,1.5945727757762729,1.233638747574854,0.35,54.473695200899954,,,,,1.0
hnn-rollout-mixed,3,coords,0.01,no_cot,changed_disclosed,0.09002391427341387,0.12155454626896964,0.1684643037478509,0.06434283562124463,0.07583083893567985,1.0,0.15104975612582772,0.6818675369814617,-0.06726126908741037,0.6146062678940514,0.11959997046294883,0.07993540792564277,0.9,0.24243446200690072,0.15503975407054624,0.08321427326015216,1.0,0.17348741412226729,1.0
hnn-rollout-mixed,3,coords,0.01,no_cot,changed_hidden,0.04090098895894579,0.048959593697273665,0.07187152488168636,0.05117132232308432,0.04307735112759159,0.95,0.10131570927651938,-0.09547140923295376,-0.009539779759337664,-0.10501118899229145,0.046431503591382206,0.030905175724250798,1.0,0.13704416422573532,0.059546288541493006,0.04715555533543965,1.0,0.10165981675488531,1.0
hnn-rollout-mixed,3,coords,0.01,no_cot,normal,0.013797735804005307,0.0323269382448336,0.05348491857821562,0.013797995264595797,0.025695917064411083,1.0,0.10629802140258097,0.035085029634848386,0.17753325309378987,0.21261828272863856,0.03129021521196959,0.025460040901305537,1.0,0.20427620648429595,0.051892863718525896,0.03782971502733192,1.0,0.0947295826064573,1.0
hnn-rollout-mixed,3,coords,1.0,no_cot,changed_disclosed,2.0288962984544336,2.5040603189879476,3.1798902119592127,1.8643802685849593,1.6373451241582326,0.45,5.5866957899165275,337.93264883010886,21.037520501162916,358.97016933127185,2.337744901610374,1.4429312412615505,0.55,10.321121055671735,3.145539756899035,1.6047238626281886,0.45,9.226497552967668,1.0
hnn-rollout-mixed,3,coords,1.0,no_cot,changed_hidden,0.7719976074870962,1.155234652447867,1.5707024282314304,1.1724822518148283,0.9663306886723546,0.7,4.20975672804798,151.68810498052343,3.6004920211965357,155.28859700171998,1.3728237351632744,0.9072728811472835,0.75,5.482947018972625,1.3208826146932295,0.8192369330549519,0.5,4.995706798467429,1.0
hnn-rollout-mixed,3,coords,1.0,no_cot,normal,1.214306394055095,2.134325239728443,3.0863720913976413,1.4969980385457586,1.5525680536460986,0.35,5.996019824960801,107.40616228412041,29.92150854218346,137.32767082630386,2.254217733555021,1.488603273159066,0.45,6.27875491665398,2.934451591575214,1.6721028492334713,0.45,7.9610950019261875,1.0
hnn-rollout-mixed,3,coords,10.0,no_cot,changed_disclosed,1.5816789166069054,2.123996280715081,2.919867120080789,1.3841540989770442,1.5643330484512494,0.35,35.9561624747097,24412.265397357307,22.19807727237301,24434.46347462968,1.9247896572904157,1.6475086850285152,0.55,50.9012156083108,2.865520268247922,1.661336361348189,0.4,48.640168396541824,1.0
hnn-rollout-mixed,3,coords,10.0,no_cot,changed_hidden,0.8151547381683504,1.6181610674078217,2.3612950875588856,1.2034968195964948,1.1864162687079207,0.35,29.371225898479047,10426.942192138387,6.225031916824067,10433.16722405521,1.749422447128202,1.2265632023585766,0.45,25.357417559157945,2.2899060169269125,1.1291887841686914,0.35,29.29269810450209,1.0
hnn-rollout-mixed,3,coords,10.0,no_cot,normal,1.3951983577349836,2.0928550070312957,2.8581307763621746,1.777790546066673,1.5530529512984503,0.6,24.632369268351724,15240.108407443298,35.63668281021687,15275.745090253515,2.059801579892224,1.4411571779636787,0.55,50.142614240703416,2.8235650834666797,1.440211129864999,0.4,52.71102239154747,1.0
hnn-rollout-mixed,3,coords,60.0,no_cot,changed_disclosed,1.9510367027775515,2.769952106495558,3.784090512295914,1.747985068041044,1.5900410248955805,0.5,125.52717905055997,204588.96421510255,34.323165793374876,204623.2873808959,2.5759000785088113,1.6015864569249048,0.7,162.65756889519997,3.7829195382003107,1.4205515497207926,0.55,218.1084845516845,1.0
hnn-rollout-mixed,3,coords,60.0,no_cot,changed_hidden,0.8592651577672124,1.9591422141527584,2.9232646565352907,1.3017753171431212,1.341378020210381,0.55,86.53212200134807,72971.4347684811,8.925859497656806,72980.36062797875,2.1027861710475624,1.4591002668414297,0.4,74.0489228835169,2.915375313643501,1.263258476646593,0.55,135.75644262377494,1.0
hnn-rollout-mixed,3,coords,60.0,no_cot,normal,1.1792841994495178,1.9039740066141018,2.666738269029248,1.3995842364406923,1.5649056695006531,0.55,95.07225392974708,142979.8135194913,24.591899608258075,143004.40541909955,1.9732718994005072,1.3673940417693147,0.5,222.90693910775,2.5593659209922803,1.9277387302919529,0.6,284.1253497163122,1.0
lnn,1,coords,0.01,no_cot,changed_disclosed,0.00021256035886252803,0.00021256035886252803,0.00021256035886252803,0.000151828828255951,0.000151828828255951,1.0,0.031583053331155506,0.1047667615033017,0.0011373813791257458,0.1059041428824273,,,,,,,,,1.0
lnn,1,coords,0.01,no_cot,changed_hidden,2.7354062880164504e-05,2.7354062880164504e-05,2.7354062880164504e-05,3.419257860526326e-05,3.419257860526326e-05,1.0,0.006818850095557089,-5.171717515894999e-05,3.263722392837787e-06,-4.84534527661229e-05,,,,,,,,,1.0
lnn,1,coords,0.01,no_cot,normal,0.0004719100225378934,0.0004719100225378934,0.0004719100225378934,0.0004719100324657166,0.0004719100324657166,0.95,0.09564924745081635,0.12764170230210797,0.0026917222934206174,0.13033342459552857,,,,,,,,,1.0
lnn,1,coords,1.0,no_cot,changed_disclosed,1.1099652685677455,1.1099652685677455,1.1099652685677455,0.8336099003979417,0.8336099003979417,0.5,1.4837725814642369,2.2254417482655584,4.493238086422675,6.718679834688233,,,,,,,,,1.0
lnn,1,coords,1.0,no_cot,changed_hidden,0.24127118865745753,0.24127118865745753,0.24127118865745753,0.3043098929380722,0.3043098929380722,0.55,0.6433377741352647,0.07764914628985617,0.058219663885930084,0.13586881017578625,,,,,,,,,1.0
lnn,1,coords,1.0,no_cot,normal,1.293847646574768,1.293847646574768,1.293847646574768,1.5841560197512705,1.5841560197512705,0.35,8.24330501166165,219.12324150272366,4.666363778593853,223.7896052813175,,,,,,,,,1.0
lnn,1,coords,10.0,no_cot,changed_disclosed,1.743797906612039,1.743797906612039,1.743797906612039,1.4657105294283885,1.4657105294283885,0.35,432.65261003535835,2141411.974452296,3.7295999401501803,2141415.704052236,,,,,,,,,1.0
lnn,1,coords,10.0,no_cot,changed_hidden,1.0224874488591111,1.0224874488591111,1.0224874488591111,1.4827588643093323,1.4827588643093323,0.4,759.2475233320135,481248.1619665363,0.6137989502854326,481248.77576548664,,,,,,,,,1.0
lnn,1,coords,10.0,no_cot,normal,1.0024622005966668,1.0024622005966668,1.0024622005966668,1.2065578678134845,1.2065578678134845,0.6,225.3272140422401,166779.6903785416,1.0449588094165023,166780.73533735098,,,,,,,,,1.0
lnn,1,coords,60.0,no_cot,changed_disclosed,1.7818882589799625,1.7818882589799625,1.7818882589799625,1.5674042462916562,1.5674042462916562,0.6,3543.836070508529,29591462.170991886,6.525420858854369,29591468.696412742,,,,,,,,,1.0
lnn,1,coords,60.0,no_cot,changed_hidden,0.7217979260669152,0.7217979260669152,0.7217979260669152,1.0367314884692465,1.0367314884692465,0.35,3786.980850603994,2492068.206666298,0.3889446935420769,2492068.595610992,,,,,,,,,1.0
lnn,1,coords,60.0,no_cot,normal,1.1560443719848639,1.1560443719848639,1.1560443719848639,1.3967527759937872,1.3967527759937872,0.6,1220.1276148838153,1797455.8665687875,-1.1800432625656008,1797454.6865255248,,,,,,,,,1.0
lnn,2,coords,0.01,no_cot,changed_disclosed,0.0006748939491864072,0.0008154034467728568,0.0009814760381729102,0.00048206713738367196,0.000493319468862848,1.0,0.09576274435284556,0.4879966327243897,0.0026894773235227967,0.49068611004791257,0.0009559129443593063,0.0005045718003420241,1.0,0.07159138037471828,,,,,1.0
lnn,2,coords,0.01,no_cot,normal,0.0008648939027576994,0.001027960361758038,0.0013465792448867516,0.0008648939668892908,0.0010830070618405795,1.0,0.17374292613364764,0.0515391848850383,0.00909728426615084,0.06063646915118883,0.0011910268207583768,0.0013011201567918683,0.95,0.26606218653038527,,,,,1.0
lnn,2,coords,1.0,no_cot,changed_disclosed,1.0792192514788008,1.3019516469013213,1.6292743495617863,0.8193698609535758,1.1200574055945893,0.25,1.8034346854268972,14.355774932574274,8.73264832023881,23.088423252813087,1.5246840423238415,1.4207449502356027,0.0,4.023827097077163,,,,,1.0
lnn,2,coords,1.0,no_cot,normal,1.3854528054122122,1.6772607703959697,2.01212708097379,1.6742017903897026,1.529812436489895,0.4,6.506282290758707,50.473562811216055,17.944999316536816,68.41856212775288,1.9690687353797274,1.3854230825900875,0.6,5.999506792581502,,,,,1.0
lnn,2,coords,10.0,no_cot,changed_disclosed,1.403347494276358,1.657187615782882,1.911027737289406,1.360829687210952,1.1312615026834525,0.5,157.18099271304234,115611.98389801227,13.493286106516607,115625.47718411879,1.911027737289406,0.901693318155953,0.5,111.33450592082004,,,,,1.0
lnn,2,coords,10.0,no_cot,normal,1.2287620957923975,1.5445626219745718,1.9893915880847302,1.5082143427899095,1.6121286353433515,0.5882352941176471,1663.0673645254774,7728954.721830289,13.43474648183153,7728968.15657677,1.8603631481567462,1.716042927896794,0.35294117647058826,749.8502956035177,,,,,1.0
lnn,2,coords,60.0,no_cot,changed_disclosed,2.412265784579926,2.830231812807331,3.2481978410347363,2.1266503613057175,1.9757723819925683,0.5,1071.2282099609931,2927761.1809469294,19.25754756958566,2927780.4384944984,3.2481978410347363,1.8248944026794192,0.5,628.1531850258125,,,,,1.0
lnn,2,coords,60.0,no_cot,normal,1.3976542303743609,1.7469257516526595,2.1927026075719454,1.6789036461298164,1.5255686970996853,0.6875,2709.3264233753675,16177105.461305832,10.381703283760801,16177115.843009114,2.096197272930958,1.3722337480695543,0.375,1204.046906939049,,,,,1.0
neural-ode,1,coords,0.01,no_cot,changed_disclosed,0.002117094987803478,0.002117094987803478,0.002117094987803478,0.0015122111667421167,0.0015122111667421167,1.0,0.0061688966389983405,-0.021726371975165904,-0.0019465894999721317,-0.023672961475138133,,,,,,,,,1.0
neural-ode,1,coords,0.01,no_cot,changed_hidden,0.0006811447478733487,0.0006811447478733487,0.0006811447478733487,0.0008514311546316211,0.0008514311546316211,1.0,0.0033724487992252764,-0.00015602514357365544,-9.413871237129446e-06,-0.00016543901481078094,,,,,,,,,1.0
neural-ode,1,coords,0.01,no_cot,normal,0.006678093425979313,0.006678093425979313,0.006678093425979313,0.006678133201688951,0.006678133201688951,1.0,0.02346642961054341,-0.00656510395842642,0.011248431968479656,0.004683328010053311,,,,,,,,,1.0
neural-ode,1,coords,1.0,no_cot,changed_disclosed,0.35612882829295894,0.35612882829295894,0.35612882829295894,0.26674882486559326,0.26674882486559326,0.9,0.43956586738230535,-0.11116302829332252,-0.338824027088039,-0.44998705538136125,,,,,,,,,1.0
neural-ode,1,coords,1.0,no_cot,changed_hidden,0.08522788999025288,0.08522788999025288,0.08522788999025288,0.10685102897308214,0.10685102897308214,0.9,0.10706740330641633,0.004262818308141696,-0.001626588122446787,0.0026362301856949046,,,,,,,,,1.0
neural-ode,1,coords,1.0,no_cot,normal,0.38050535100912625,0.38050535100912625,0.38050535100912625,0.4009762425812019,0.4009762425812019,0.65,1.8602834763031055,5.160879303931685,1.5493643990410633,6.710243702972749,,,,,,,,,1.0
neural-ode,1,coords,10.0,no_cot,changed_disclosed,0.8628292151088992,0.8628292151088992,0.8628292151088992,0.6402988337064383,0.6402988337064383,0.9,1.5947024403894192,60.92453372346862,-1.551376235600632,59.37315748786798,,,,,,,,,1.0
neural-ode,1,coords,10.0,no_cot,changed_hidden,0.048124706420708915,0.048124706420708915,0.048124706420708915,0.060204007009514934,0.060204007009514934,0.4,0.15198345050923923,0.003022643208829497,0.0007092754258655298,0.0037319186346950308,,,,,,,,,1.0
neural-ode,1,coords,10.0,no_cot,normal,1.32720831356417,1.32720831356417,1.32720831356417,1.579064001562623,1.579064001562623,0.4,5.120214573912277,19.046811483906954,1.8322484084128774,20.879059892319827,,,,,,,,,1.0
neural-ode,1,coords,60.0,no_cot,changed_disclosed,1.4567159515036583,1.4567159515036583,1.4567159515036583,1.184525901028099,1.184525901028099,0.5,2.762680664780247,35.47642094106614,2.466928912341822,37.94334985340796,,,,,,,,,1.0
neural-ode,1,coords,60.0,no_cot,changed_hidden,0.0012560205451537815,0.0012560205451537815,0.0012560205451537815,0.0015700258455944472,0.0015700258455944472,0.5,0.010492960609239554,1.7625431215975896e-05,8.042292897192382e-07,1.8429660505703272e-05,,,,,,,,,1.0
neural-ode,1,coords,60.0,no_cot,normal,0.9543768074462508,0.9543768074462508,0.9543768074462508,1.1440402389664954,1.1440402389664954,0.45,7.8083574583084046,60.895237239797474,-1.3490306873684186,59.546206552429055,,,,,,,,,1.0
neural-ode,2,coords,0.01,no_cot,changed_disclosed,0.006168006165618981,0.007235147171626,0.008811853363914057,0.004405730341508996,0.0052096146099076535,0.95,0.03669643437189123,0.062165897325435496,0.00209614496524112,0.06426204229067638,0.008302288177633017,0.006013498878306311,1.0,0.06371217444633262,,,,,1.0
neural-ode,2,coords,0.01,no_cot,changed_hidden,0.0029731881835999563,0.004612527383975528,0.006420536374186529,0.0037165021666425435,0.003909526062797664,1.0,0.02678450720733889,-0.002523936135661298,0.003297834998574456,0.000773898862913236,0.006251866584351101,0.004102549958952784,1.0,0.017975622418848043,,,,,1.0
neural-ode,2,coords,0.01,no_cot,normal,0.01343732697795238,0.013422342463004458,0.015291382153393911,0.013438216290477367,0.010783141874255275,1.0,0.06277994169089968,0.08303390367833342,-0.03703937222473832,0.045994531453595,0.013407357948056536,0.008128067458033184,0.95,0.12429643254171814,,,,,1.0
neural-ode,2,coords,1.0,no_cot,changed_disclosed,0.8975368913674968,1.052944865651654,1.3730361101968127,0.6877503265672366,1.0580582452645964,0.55,2.651103337937122,47.05943588148746,0.9908609322187111,48.05029681370617,1.2083528399358117,1.428366163961956,0.55,3.9628108705042075,,,,,1.0
neural-ode,2,coords,1.0,no_cot,changed_hidden,0.35149899519088396,0.5481139487849722,0.7749189954809897,0.4632599153747658,0.5275834775412608,0.85,1.9005430803091616,57.435778684462925,0.7767332509179057,58.2125119353808,0.7447289023790605,0.5919070397077556,0.75,1.5409891514309952,,,,,1.0
neural-ode,2,coords,1.0,no_cot,normal,0.8609821236775538,1.074337431516528,1.3794916887032143,0.9754334898256932,1.0307067289570016,0.5,7.719201458548497,168.08151981597354,5.303009948883993,173.38452976485752,1.287692739355502,1.08597996808831,0.4,7.875720361761735,,,,,1.0
neural-ode,2,coords,10.0,no_cot,changed_disclosed,1.4513330788466152,1.8090183591194922,2.195823551702758,1.2129311463964647,1.580030092404477,0.5,12.505892249925134,997.6813227977752,10.190484062584124,1007.8718068603594,2.1667036393923693,1.947129038412489,0.45,10.384407157555218,,,,,1.0
neural-ode,2,coords,10.0,no_cot,changed_hidden,0.8167835825434656,1.3939963315593147,1.9712090805751639,1.3033280535617393,1.3210034014687644,0.4,9.457392783141739,313.9021107893849,4.42947355828451,318.3315843476693,1.9712090805751639,1.3386787493757892,0.6,6.631144656520571,,,,,1.0
neural-ode,2,coords,10.0,no_cot,normal,1.1938802892858456,1.5703070656118685,2.0094303042044546,1.5300186991069449,1.4868119404010682,0.35,25.081729010855884,3655.1299882083285,5.062802346644034,3660.1927905549733,1.9467338419378915,1.4436051816951916,0.5,20.834706290421032,,,,,1.0
neural-ode,2,coords,60.0,no_cot,changed_disclosed,1.6946754276421312,1.945162747693318,2.2405912158001557,1.4728457414511453,1.4269895959999448,0.4,208.25281729242906,209108.70604938487,13.945614073059426,209122.65166345792,2.1956500677445043,1.3811334505487443,0.65,197.25891953199124,,,,,1.0
neural-ode,2,coords,60.0,no_cot,changed_hidden,0.8295152618211326,1.2411950848901743,1.652874907959216,1.2736367685735674,1.162293199001148,0.5,190.74559273348854,121509.74853142549,4.306940804539036,121514.05547223003,1.652874907959216,1.0509496294287288,0.4,162.41896105198592,,,,,1.0
neural-ode,2,coords,60.0,no_cot,normal,1.4614035168266313,1.8449313063470847,2.291983754928908,1.7793141094710407,1.6731993937663532,0.45,182.73059617785103,170083.81326254638,10.086428123425607,170093.8996906698,2.228459095867538,1.5670846780616656,0.5,177.11274319332014,,,,,1.0
neural-ode,3,coords,0.01,no_cot,changed_disclosed,0.013920296974472335,0.016692486362813782,0.021908065281590557,0.009943205643847564,0.010308211823115875,1.0,0.06320613145308465,0.43979929802495243,-0.04102740774665366,0.3987718902782986,0.016714142892470828,0.01107475859707594,0.9,0.1400443789505702,0.01944301922149818,0.009906671228424124,0.95,0.12505622106678188,1.0
neural-ode,3,coords,0.01,no_cot,changed_hidden,0.0061550604266429896,0.01112160189655931,0.015727783897096427,0.007693886933040317,0.007753485116401349,1.0,0.04819070071460803,-0.17413017912801176,-0.008617171864983586,-0.18274735099299536,0.012908569500540108,0.008532099647857772,0.95,0.08230973218367688,0.014301175762494834,0.007034468768305957,1.0,0.07725345293629422,1.0
neural-ode,3,coords,0.01,no_cot,normal,0.010291619975678776,0.015371764219139262,0.022285870638912023,0.010291868752010314,0.012964004495669626,0.95,0.15832360548591937,-0.6476533285895225,0.033320981335245616,-0.6143323472542772,0.01591203985383323,0.013927825464534038,1.0,0.1640320167550526,0.01991163282790578,0.014672319270464529,1.0,0.1419309260191936,1.0
neural-ode,3,coords,1.0,no_cot,changed_disclosed,1.0894120245805403,1.6619301883224888,2.387696017240562,0.8671346717992845,1.4038668669683307,0.55,4.732782486175736,330.051218865513,4.573064982465432,334.6242838479785,1.7476391108777378,1.6250492931757274,0.35,8.447146348755588,2.1487394295091877,1.7194166359299796,0.45,8.648231970499094,1.0
neural-ode,3,coords,1.0,no_cot,changed_hidden,0.38691627998467043,1.1075758351517577,1.7559922178393996,0.4995980578641281,0.9930365043907281,0.65,3.408046113241691,80.08309681354591,3.3721139039819854,83.4552107175279,1.2740854360210097,1.1814408925502669,0.65,4.2650479560915935,1.6617257894495931,1.2980705627577893,0.6,3.914297225411242,1.0
neural-ode,3,coords,1.0,no_cot,normal,0.8429355396693554,1.416984014527474,2.2439888013864815,0.9452848587545585,1.347445833927376,0.75,5.137764453010481,730.4258735736292,15.933100774474855,746.3589743481041,1.4634265444526324,1.581028234847015,0.55,9.498401724426166,1.9445899594604341,1.5160244081805545,0.5,8.918033331077154,1.0
neural-ode,3,coords,10.0,no_cot,changed_disclosed,1.9618453586807465,2.4206504438543623,3.285677202260834,1.7531338951700643,1.6189966394889475,0.45,22.14163365231353,4624.9686998852585,26.857744156040013,4651.8264440412995,2.2156667726922383,1.352473100063629,0.55,19.26213941829106,3.0844392001901024,1.7513829232331495,0.3,30.628180021808923,1.0
neural-ode,3,coords,10.0,no_cot,changed_hidden,1.0761635685153987,2.077448330700464,2.998773317116257,1.7158503686702624,1.6097150017655266,0.65,20.84656374202125,3213.360659938698,9.495811049221341,3222.8564709879197,2.235182751332179,1.531234542487086,0.55,23.53981142490029,2.920998672253814,1.5820600941392315,0.65,32.08583000717105,1.0
neural-ode,3,coords,10.0,no_cot,normal,1.3110404840573795,1.898929829601088,2.5721558140029535,1.6743293417975977,1.4806851501498521,0.55,20.721178624064315,2482.574067972085,33.78612638151312,2516.360194353598,2.0189130256845407,1.5293817636887241,0.55,18.902871727129323,2.3668359790613436,1.2383443449632345,0.55,29.776230089420473,1.0
neural-ode,3,coords,60.0,no_cot,changed_disclosed,1.6153641479120098,2.5045399451492574,3.5483028560386587,1.35679020684748,1.662677229033465,0.5,104.70159617513741,86903.91177726057,31.35182356641342,86935.26360082699,2.366300686008597,1.9020895680795917,0.5,99.88270428831487,3.531955001527167,1.729151912173323,0.5,128.7183412687413,1.0
neural-ode,3,coords,60.0,no_cot,changed_hidden,0.9603210673473598,2.2123585983353253,3.3168655357919983,1.438688200422252,1.6180887702489204,0.55,90.6519151189934,42185.724606677875,11.170337820658212,42196.894944498534,2.361887866122509,1.699088972991103,0.35,92.27428172264844,3.3148668615361068,1.7164891373334066,0.5,106.50296750394781,1.0
neural-ode,3,coords,60.0,no_cot,normal,1.2420012498025426,1.893457474182799,2.6378281515038298,1.4828646446405178,1.5408527331302015,0.6,98.29782317312778,62947.94388628495,32.41754912972478,62980.36143541468,2.07523371480303,1.6497061659451382,0.4,124.83793989302849,2.3631374579428246,1.4899873888049486,0.7,122.81623620804312,1.0
neural-ode-rollout,1,coords,0.01,no_cot,changed_disclosed,0.005559307921014393,0.005559307921014393,0.005559307921014393,0.003971038497683765,0.003971038497683765,1.0,0.012295662920926296,-0.05848210772196346,-0.016365265211155066,-0.07484737293311858,,,,,,,,,1.0
neural-ode-rollout,1,coords,0.01,no_cot,changed_hidden,0.00028191148765542584,0.00028191148765542584,0.00028191148765542584,0.0003523893661384614,0.0003523893661384614,1.0,0.0021743402203403205,3.5702481162225804e-05,-1.5501401926892867e-05,2.0201079235337982e-05,,,,,,,,,1.0
neural-ode-rollout,1,coords,0.01,no_cot,normal,0.010187866739209385,0.010187866739209385,0.010187866739209385,0.010188050951001037,0.010188050951001037,1.0,0.03473684678437555,0.0006220786581368043,0.0027754307128105673,0.0033975093709473826,,,,,,,,,1.0
neural-ode-rollout,1,coords,1.0,no_cot,changed_disclosed,0.46515985708307667,0.46515985708307667,0.46515985708307667,0.38728304719483014,0.38728304719483014,0.9,0.5586389831191416,1.5229259943409414,-0.4239370602817645,1.0989889340591772,,,,,,,,,1.0
neural-ode-rollout,1,coords,1.0,no_cot,changed_hidden,0.06681656995492669,0.06681656995492669,0.06681656995492669,0.0836259358600006,0.0836259358600006,0.9,0.10451742343781523,0.008277671183835114,0.007992459251239198,0.016270130435074314,,,,,,,,,1.0
neural-ode-rollout,1,coords,1.0,no_cot,normal,0.5620810116786336,0.5620810116786336,0.5620810116786336,0.6370663219065531,0.6370663219065531,0.8,2.223311934728182,3.652994016949106,-1.799289394439117,1.8537046225099894,,,,,,,,,1.0
neural-ode-rollout,1,coords,10.0,no_cot,changed_disclosed,1.0583634546953662,1.0583634546953662,1.0583634546953662,0.914907310276606,0.914907310276606,0.85,1.0797169249640084,1.9495924810766243,-1.4016447737191733,0.5479477073574508,,,,,,,,,1.0
neural-ode-rollout,1,coords,10.0,no_cot,changed_hidden,0.1084255675438861,0.1084255675438861,0.1084255675438861,0.13574068871232042,0.13574068871232042,0.5,0.19849675807497566,0.009473262666932726,0.006592382740890967,0.016065645407823688,,,,,,,,,1.0
neural-ode-rollout,1,coords,10.0,no_cot,normal,1.4534297757719643,1.4534297757719643,1.4534297757719643,1.8050036928039694,1.8050036928039694,0.5,2.396607910776768,0.23778599041116574,0.3366431629994064,0.574429153410572,,,,,,,,,1.0
neural-ode-rollout,1,coords,60.0,no_cot,changed_disclosed,1.214181640976803,1.214181640976803,1.214181640976803,0.9662163549250693,0.9662163549250693,0.35,1.895558269440442,0.6990218235652911,0.9208021119810263,1.6198239355463175,,,,,,,,,1.0
neural-ode-rollout,1,coords,60.0,no_cot,changed_hidden,0.08799077902120435,0.08799077902120435,0.08799077902120435,0.11010859453562083,0.11010859453562083,0.4,0.12735757955478624,0.0032723706580412328,0.005300052526971033,0.008572423185012246,,,,,,,,,1.0
neural-ode-rollout,1,coords,60.0,no_cot,normal,1.2039165700077796,1.2039165700077796,1.2039165700077796,1.4303742803122084,1.4303742803122084,0.5,3.165634659432031,-0.09802611350275559,0.6334402208724088,0.5354141073696537,,,,,,,,,1.0
neural-ode-rollout,2,coords,0.01,no_cot,changed_disclosed,0.01942506264740107,0.021365001663323065,0.024330691830007804,0.013875727724492259,0.012280619974726015,0.95,0.051170932303660155,0.029212946907217013,-0.023414579268162893,0.005798367639053725,0.023304940679245056,0.01068551222495977,0.95,0.09004089547622265,,,,,1.0
neural-ode-rollout,2,coords,0.01,no_cot,changed_hidden,0.0051848350440786605,0.006598134243238346,0.00826951396557922,0.006481107085241966,0.006037324993020232,1.0,0.039693232009536464,-0.033297415951379604,-0.015315899567986823,-0.04861331551936639,0.008011433442398031,0.005593542900798498,1.0,0.03078988783159591,,,,,1.0
neural-ode-rollout,2,coords,0.01,no_cot,normal,0.01872817285922384,0.020547074582934644,0.024986809563498403,0.018729617456886016,0.01894918941140371,1.0,0.06678697853828161,-0.3043953612893934,-0.10321545626398594,-0.4076108175533795,0.022365976306645448,0.019168761365921404,0.95,0.11172810184664868,,,,,1.0
neural-ode-rollout,2,coords,1.0,no_cot,changed_disclosed,0.9325680514531681,1.1368545937436925,1.3801048223603396,0.7193292443790764,0.9565112752063708,0.75,1.3597859630986338,6.461422342014475,-0.3141802871793838,6.1472420548350915,1.3411411360342167,1.1936933060336652,0.6,2.7233284945416334,,,,,1.0
neural-ode-rollout,2,coords,1.0,no_cot,changed_hidden,0.24779382177212655,0.36871325593012216,0.5103437309896155,0.35505577362418456,0.36010680570928866,0.75,1.2343445102268844,2.6986799241853268,0.4966938930999743,3.1953738172853012,0.4896326900881177,0.36515783779439276,0.7,1.1625295609501158,,,,,1.0
neural-ode-rollout,2,coords,1.0,no_cot,normal,0.8497204742793063,1.0830794700206494,1.4374060437283165,0.9496019126220494,1.1189278738071677,0.6,6.16622190884274,170.96932144805814,8.586738268727299,179.55605971678546,1.3164384657619925,1.288253834992286,0.45,9.55123378591551,,,,,1.0
neural-ode-rollout,2,coords,10.0,no_cot,changed_disclosed,1.1905457127556314,1.27536308152976,1.428290217120491,0.9015234644556258,0.79555377162103,0.4,1.293391340891135,1.2075943657637052,0.9424853329574752,2.1500796987211803,1.360180450303889,0.6895840787864342,0.6,2.4976001858991355,,,,,1.0
neural-ode-rollout,2,coords,10.0,no_cot,changed_hidden,0.1861900092570455,0.33005224518343723,0.48923497259477644,0.2360503357087127,0.2624936770644129,0.6,0.4924567577240634,-0.09316637269698445,0.01317592757007886,-0.07999044512690563,0.47391448110982903,0.28893701842011305,0.85,0.3024563468194631,,,,,1.0
neural-ode-rollout,2,coords,10.0,no_cot,normal,1.269672807898666,1.549758761865551,1.9742265774552827,1.5564154532751626,1.5075760434820202,0.45,3.615615330628293,-1.2458698895996771,-0.27976696611019947,-1.5256368557098763,1.829844715832436,1.4587366336888778,0.4,4.7038696749178825,,,,,1.0
neural-ode-rollout,2,coords,60.0,no_cot,changed_disclosed,0.7391400742479457,0.8115557407441409,0.9212445855189145,0.5762025961157332,0.5006930186023724,0.5,1.328409179075209,11.301953462577499,3.406367289096303,14.708320751673801,0.8839714072403362,0.42518344108901174,0.4,1.403663838978095,,,,,1.0
neural-ode-rollout,2,coords,60.0,no_cot,changed_hidden,0.21909466311264372,0.41064966434055694,0.6022046655684703,0.2778034868587661,0.3113425272344034,0.65,0.29341735016884635,0.37868305187677664,0.36104747705619206,0.7397305289329686,0.6022046655684703,0.34488156761004074,0.75,0.3792674812799375,,,,,1.0
neural-ode-rollout,2,coords,60.0,no_cot,normal,0.8750602017322388,1.1660028346532518,1.5254408138627054,1.0286564877383388,1.1513055715485776,0.5,2.99820457476699,1.4320428806044772,-3.23217809457135,-1.8001352139668736,1.456945467574265,1.2739546553588166,0.6,4.793173938062504,,,,,1.0
neural-ode-rollout,3,coords,0.01,no_cot,changed_disclosed,0.02084062086522751,0.03085540621043717,0.042100749820494957,0.014886536443290854,0.017737871846215898,0.95,0.1488960500733083,0.46074677363003713,-0.02960473353917816,0.43114204009085916,0.030831115780194464,0.02078284656574758,0.9,0.3293312718366871,0.04089448198588954,0.01754423252960926,0.95,0.15686721614413274,1.0
neural-ode-rollout,3,coords,0.01,no_cot,changed_hidden,0.009422520847582851,0.015745820984055737,0.024781464638498747,0.0117785798249203,0.012770425755746228,1.0,0.06371117307850963,-0.12819208837775517,-0.004332185357853224,-0.1325242737356085,0.01696992989955506,0.01434257144806883,0.95,0.09361596442221397,0.020845012205029295,0.012190125994249557,1.0,0.1530365457233971,1.0
neural-ode-rollout,3,coords,0.01,no_cot,normal,0.015165394028927423,0.02424953448710881,0.03522137030659699,0.015165881347627797,0.017830106890311025,0.95,0.16288650806808785,-0.4487170947493409,0.06409930086636742,-0.3846177938829728,0.024748207239759658,0.01620854587727296,1.0,0.24898798862708404,0.03283500219263936,0.02211589344603231,1.0,0.22799552690619346,1.0
neural-ode-rollout,3,coords,1.0,no_cot,changed_disclosed,1.1907905192710109,1.6642831294383846,2.391410160855614,0.963389791568536,1.3389098277556575,0.4,3.226712729029008,89.40261606704551,6.135264744512345,95.53788081155787,1.5152732321729367,1.3347033864308222,0.5,5.159640030201162,2.286785636871206,1.7186363052676146,0.3,6.550615136676792,1.0
neural-ode-rollout,3,coords,1.0,no_cot,changed_hidden,0.40690942514041184,1.1443886883216279,1.861723783693526,0.5385879672078195,1.0199666933356104,0.65,2.225845426869924,116.68018514862233,2.5150347041767795,119.19521985279911,1.370657003517831,1.1888357274025623,0.65,2.796065836729098,1.6555996363066412,1.3324763853964492,0.65,2.0512684781689052,1.0
neural-ode-rollout,3,coords,1.0,no_cot,normal,1.026429244735593,1.2439235047522037,1.866873561479581,1.1918618593455297,1.206855082415435,0.4,4.93949158987558,182.39347055062825,7.9729857486188065,190.36645629924706,1.255862752532143,1.1100914703807965,0.5,6.486021812986105,1.4494785169888758,1.3186119175199784,0.4,6.644832365605704,1.0
neural-ode-rollout,3,coords,10.0,no_cot,changed_disclosed,0.5732669545442574,1.021749262971762,1.6958303481091743,0.4456622950624379,0.9687314662494089,0.65,1.0613287843457662,32.56911360292573,1.510034790173548,34.07914839309929,0.9878926243738274,1.163445229075793,0.5,4.80967867094723,1.504088209997201,1.2970868746099955,0.35,2.968358308758799,1.0
neural-ode-rollout,3,coords,10.0,no_cot,changed_hidden,0.44836308206178693,1.0138397062240267,1.62009230374171,0.5800584347492069,0.7533895602786149,0.55,0.7402888010384191,0.23454325419984964,0.2673997939203421,0.5019430481201921,1.000419808268378,0.6251313071890079,0.4,0.6086219496790228,1.5927362283419155,1.0549789388976296,0.5,1.2261766227555977,1.0
neural-ode-rollout,3,coords,10.0,no_cot,normal,1.0340234148864391,1.4489631331265989,2.2086879225595046,1.2148988532065197,1.4096856327272262,0.45,3.4239628177125554,39.19519432050234,8.05844633471063,47.25364065521297,1.4670917815289273,1.4484725598620836,0.6,5.824530756759757,1.8457742029644302,1.5656854851130753,0.6,4.43293601942549,1.0
neural-ode-rollout,3,coords,60.0,no_cot,changed_disclosed,0.3478081589620302,0.641012508232808,1.018833081254942,0.25045271526505636,0.3659951173892838,0.6,0.4825453417086966,-0.6164898627432043,-1.1450231511510576,-1.7615130138942614,0.5567899163379579,0.3936526513668883,0.65,0.4063689476461441,1.0184394493984354,0.4538799855359067,0.45,0.7478416458130338,1.0
neural-ode-rollout,3,coords,60.0,no_cot,changed_hidden,0.15766204757839258,0.4423524982438877,0.700654935357955,0.19801669835838637,0.25609833688485273,0.45,0.16057117684113195,-0.17411437057065482,0.023339082955844102,-0.15077528761481065,0.47426617582286407,0.27818030850252845,0.4,0.20435944366178121,0.6951292713304065,0.29209800379364326,0.4,0.2657798297647917,1.0
neural-ode-rollout,3,coords,60.0,no_cot,normal,1.0395438306609477,1.6719740451388598,2.472183426053061,1.1781441477748031,1.5342237851516087,0.3,3.5366865751083103,61.54420829382067,7.199532258717484,68.74374055253816,1.7738867886375425,1.6261039728883986,0.45,6.175830076328852,2.2024915161180894,1.7984232347916247,0.6,5.295957751296274,1.0
neural-ode-rollout-mixed,1,coords,0.01,no_cot,changed_disclosed,0.0019931012800617595,0.0019931012800617595,0.0019931012800617595,0.0014236442979092656,0.0014236442979092656,1.0,0.006708207828134945,-0.019725118592126924,0.0026960356383695107,-0.017029082953757425,,,,,,,,,1.0
neural-ode-rollout-mixed,1,coords,0.01,no_cot,changed_hidden,0.0006085915654461927,0.0006085915654461927,0.0006085915654461927,0.0007607396013876056,0.0007607396013876056,1.0,0.0018503818991504439,2.3801562077532855e-05,-5.944737754489671e-05,-3.564581546736667e-05,,,,,,,,,1.0
neural-ode-rollout-mixed,1,coords,0.01,no_cot,normal,0.004300794166989105,0.004300794166989105,0.004300794166989105,0.004300808183196336,0.004300808183196336,0.95,0.0677033561202332,-0.09057712491670858,-0.0016481393353627526,-0.09222526425207128,,,,,,,,,1.0
neural-ode-rollout-mixed,1,coords,1.0,no_cot,changed_disclosed,0.35962041500239283,0.35962041500239283,0.35962041500239283,0.2912878238842088,0.2912878238842088,0.95,0.46099549005543217,0.38466082575602184,0.0433154246499637,0.4279762504059857,,,,,,,,,1.0
neural-ode-rollout-mixed,1,coords,1.0,no_cot,changed_hidden,0.03558556342922458,0.03558556342922458,0.03558556342922458,0.044517929414536674,0.044517929414536674,1.0,0.029976866908872017,0.002733987727904883,-0.0016285949769378639,0.0011053927509670157,,,,,,,,,1.0
neural-ode-rollout-mixed,1,coords,1.0,no_cot,normal,0.6469872987955263,0.6469872987955263,0.6469872987955263,0.7577217349499064,0.7577217349499064,0.9,2.549748122678151,23.76456171087404,-1.5284227761648195,22.236138934709224,,,,,,,,,1.0
neural-ode-rollout-mixed,1,coords,10.0,no_cot,changed_disclosed,1.1767512530500832,1.1767512530500832,1.1767512530500832,0.9873821764744835,0.9873821764744835,0.85,0.9627699025255841,0.593254243302496,-0.8535855194157879,-0.26033127611329226,,,,,,,,,1.0
neural-ode-rollout-mixed,1,coords,10.0,no_cot,changed_hidden,0.01013165262564482,0.01013165262564482,0.01013165262564482,0.012664851929370058,0.012664851929370058,0.95,0.029755948653016763,0.0006784758314575076,0.000250492803013197,0.0009289686344707004,,,,,,,,,1.0
neural-ode-rollout-mixed,1,coords,10.0,no_cot,normal,1.316626457951494,1.316626457951494,1.316626457951494,1.6009291066919862,1.6009291066919862,0.55,2.5395661831018685,0.5000242413586967,-0.00517467226289634,0.4948495690958007,,,,,,,,,1.0
neural-ode-rollout-mixed,1,coords,60.0,no_cot,changed_disclosed,1.2939699993070195,1.2939699993070195,1.2939699993070195,1.0138417496545,1.0138417496545,0.45,1.8657901468448368,0.6171932417874336,-0.09616485420357453,0.5210283875838592,,,,,,,,,1.0
neural-ode-rollout-mixed,1,coords,60.0,no_cot,changed_hidden,0.0002321478966034821,0.0002321478966034821,0.0002321478966034821,0.0002901848718697142,0.0002901848718697142,0.55,0.00010437763659089153,2.4409094102744503e-09,2.7999205637341263e-08,3.0440115045271555e-08,,,,,,,,,1.0
neural-ode-rollout-mixed,1,coords,60.0,no_cot,normal,1.2486501862697619,1.2486501862697619,1.2486501862697619,1.5163359826378255,1.5163359826378255,0.45,2.893178978975469,-0.5647986150999762,1.04713857101939,0.4823399559194142,,,,,,,,,1.0
neural-ode-rollout-mixed,2,coords,0.01,no_cot,changed_disclosed,0.00639826487448823,0.007566086709401119,0.009036354497562297,0.004570208767145556,0.005918364876911775,1.0,0.03467999503517432,-0.12075829825951168,-0.019567233334456292,-0.14032553159396824,0.008733908544314009,0.007266520986677993,1.0,0.05264888777887868,,,,,1.0
neural-ode-rollout-mixed,2,coords,0.01,no_cot,changed_hidden,0.002021996657798072,0.003313660142936139,0.004637280841702507,0.0025275004274872615,0.002955641832888778,1.0,0.031974513314889305,-0.028048867404782834,-0.002916342703015373,-0.030965210107798114,0.004605323628074206,0.003383783238290294,1.0,0.02067534825558229,,,,,1.0
neural-ode-rollout-mixed,2,coords,0.01,no_cot,normal,0.012242308763482,0.012959137150343917,0.016671192195984365,0.012243552876770303,0.011955400433010088,1.0,0.07335514447987142,-0.055480469204709684,-0.06121214594889333,-0.11669261515360305,0.013675965537205834,0.011667247989249873,0.95,0.1340067875227622,,,,,1.0
neural-ode-rollout-mixed,2,coords,1.0,no_cot,changed_disclosed,0.7492453462770727,0.9893992487968944,1.266379155594564,0.5871981739063484,0.9759792818392017,0.7,0.9270116045238515,-0.055980392355383525,0.5305509384853134,0.47457054612993,1.2295531513167162,1.3647603897720548,0.5,2.159259386810796,,,,,1.0
neural-ode-rollout-mixed,2,coords,1.0,no_cot,changed_hidden,0.15197174829611332,0.26253024064815456,0.3896682856931947,0.1914697572611771,0.2706525014416089,0.75,1.1238225420203993,15.6659243479439,0.25004489404845487,15.915969241992357,0.3730887330001957,0.3498352456220407,0.7,0.7462279060573046,,,,,1.0
neural-ode-rollout-mixed,2,coords,1.0,no_cot,normal,0.9028614680899075,1.0907389216938745,1.4945236148962031,1.008772709070705,1.3121028900171217,0.6,7.694186648048185,263.2116469259565,7.575582096943923,270.7872290229004,1.2786163752978414,1.6154330709635385,0.5,7.489836630724556,,,,,1.0
neural-ode-rollout-mixed,2,coords,10.0,no_cot,changed_disclosed,0.9570884007271439,1.0522982122584126,1.2641019307606909,0.7365629606226639,0.8258655758768185,0.4,1.00557900493262,-1.551516412943451,-0.14450572760604138,-1.6960221405494924,1.1475080237896815,0.9151681911309731,0.55,1.9230003317307207,,,,,1.0
neural-ode-rollout-mixed,2,coords,10.0,no_cot,changed_hidden,0.27611322470634236,0.5325502017614641,0.7953618421612123,0.35850467172606176,0.4514604099143555,0.65,0.38870333252920314,0.1348745698599184,0.7386963628527476,0.873570932712666,0.7889871788165859,0.5444161481026493,0.75,0.4768322515136254,,,,,1.0
neural-ode-rollout-mixed,2,coords,10.0,no_cot,normal,1.0051533812663334,1.3071564154799717,1.7084063077867484,1.1573494901989156,1.370016203293862,0.55,2.7493254397192812,-1.4393552116180268,0.6249260090845338,-0.814429202533493,1.6091594496936104,1.5826829163888088,0.4,5.055107126351907,,,,,1.0
neural-ode-rollout-mixed,2,coords,60.0,no_cot,changed_disclosed,0.30425952864158534,0.4821495586597421,0.7050372543238813,0.21911346143893082,0.6046267707312406,0.55,0.4579754250752931,0.0824319108515941,0.7367176535286316,0.8191495643802256,0.6600395886778989,0.9901400800235504,0.5,0.7862933833948373,,,,,1.0
neural-ode-rollout-mixed,2,coords,60.0,no_cot,changed_hidden,0.12243083886553593,0.22751500899262234,0.3325991791197087,0.15347776711439515,0.16464361305377764,0.65,0.19701963939803357,0.01713486591660853,0.02822181133554689,0.04535667725215533,0.3325991791197087,0.17580945899316014,0.65,0.2305198372251201,,,,,1.0
neural-ode-rollout-mixed,2,coords,60.0,no_cot,normal,0.9976990438949654,1.3953310353995119,1.872969091143246,1.188846872658536,1.3684992437240875,0.6,3.1318951539088524,0.1434417360837274,-1.6744571162226154,-1.5310153801388888,1.792963026904058,1.548151614789639,0.45,4.74402293667305,,,,,1.0
neural-ode-rollout-mixed,3,coords,0.01,no_cot,changed_disclosed,0.010836272266688077,0.013151596431096368,0.0190637751256404,0.007740258697241931,0.0094637046138752,1.0,0.10750879154122636,1.4157000154072659,0.0178709648530595,1.4335709802603251,0.012703237361949346,0.010605416751800378,0.95,0.17519771688424282,0.015915279664651682,0.010045438392583294,1.0,0.1806799659377048,1.0
neural-ode-rollout-mixed,3,coords,0.01,no_cot,changed_hidden,0.0062927927896240295,0.01063719669844366,0.015697757479283123,0.00786605513514933,0.008912203483373656,1.0,0.08203973615270155,-0.20475201211174135,-0.01052834468134709,-0.21528035679308838,0.011099653175845148,0.010024968871241468,1.0,0.05856713870974493,0.0145191441298618,0.00884558644373017,1.0,0.15413182747975832,1.0
neural-ode-rollout-mixed,3,coords,0.01,no_cot,normal,0.01101690549679603,0.01798402511525537,0.026214241311376875,0.011017264751035349,0.01233715196859923,0.9,0.20138720351870537,-0.6341540718495929,0.020296768208326023,-0.6138573036412666,0.016942989900987353,0.01104223869190286,1.0,0.22335119971442902,0.025992179947982724,0.014951952462859474,1.0,0.2230973101683842,1.0
neural-ode-rollout-mixed,3,coords,1.0,no_cot,changed_disclosed,0.991863533139737,1.3460791917791608,1.8395790585553715,0.7469994705076028,1.0191587914798443,0.6,2.2940608752603704,75.01368181688665,0.00620966291471472,75.01989147980136,1.4073522113112653,1.1691734457676008,0.35,5.30695352769832,1.6390218308864803,1.1413034581643295,0.5,5.538055755520309,1.0
neural-ode-rollout-mixed,3,coords,1.0,no_cot,changed_hidden,0.43732002661401503,1.1981800932014055,1.9194303586533052,0.5689248788657177,1.0001262952357954,0.55,2.183407630754674,40.58424742419059,2.0017138315650285,42.58596125575563,1.394157987986159,1.2405300638495178,0.7,2.3322711251069874,1.7630622650040422,1.1909239429921508,0.55,2.9009182196693377,1.0
neural-ode-rollout-mixed,3,coords,1.0,no_cot,normal,0.7299556608576262,1.2558439525588763,1.860894475339137,0.847876725532118,1.341464304177858,0.65,3.95120193208434,135.37180426048957,18.087355315653447,153.459159576143,1.3097726231419506,1.623629897086598,0.45,5.750518210177186,1.7278035736770518,1.552886289914858,0.45,7.0163054198051045,1.0
neural-ode-rollout-mixed,3,coords,10.0,no_cot,changed_disclosed,0.7702783977630774,1.0327627996283486,1.5895321569592449,0.5831726285003884,0.9183764713671417,0.5,1.2878217919611707,6.742984506244738,-0.7425893597455733,6.000395146499164,0.8916392345037529,1.1271915963949115,0.4,3.4419846796175135,1.4363707666182157,1.044765189206125,0.6,1.6677579702371106,1.0
neural-ode-rollout-mixed,3,coords,10.0,no_cot,changed_hidden,0.3103520407260171,1.089152544739052,1.6913560609140987,0.3946918464190795,0.8265262938459152,0.75,0.6060925859855971,1.6324245544857388,2.5786648895114626,4.211089443997201,1.365493748765155,1.2316211687642191,0.6,0.7231773158016022,1.5916118447259837,0.8532658663544467,0.55,0.9809889275941603,1.0
neural-ode-rollout-mixed,3,coords,10.0,no_cot,normal,0.9404760950814139,1.3265851572238798,1.8484890062084418,1.050348266555757,1.1776575777002933,0.6,3.5966039072741354,9.696529451946997,2.53078581933074,12.227315271277737,1.4001543168951034,1.198395879173186,0.55,4.736452643420849,1.6391250596951221,1.284228587371937,0.5,5.092636183340478,1.0
neural-ode-rollout-mixed,3,coords,60.0,no_cot,changed_disclosed,0.5118661953805923,0.8623197964986359,1.3569569327168762,0.37589439422433485,0.5691713879122287,0.6,0.8517688336359944,9.408277225043157,2.355265647590396,11.763542872633554,0.7498090267412991,0.6391937695044783,0.5,1.0197005583087337,1.325284167374016,0.6924260000078727,0.55,1.769092352575075,1.0
neural-ode-rollout-mixed,3,coords,60.0,no_cot,changed_hidden,0.17899488876948916,0.9203524589071421,1.4712975318262131,0.22479485194942575,0.6477860487487536,0.65,0.24727720840829623,0.6371704732534752,3.138805768927585,3.77597624218106,1.111182025122469,0.9212572540681843,0.45,0.34092955585984996,1.4708804628294678,0.7973060402286505,0.35,0.3335630991777721,1.0
neural-ode-rollout-mixed,3,coords,60.0,no_cot,normal,0.8549158400625185,1.3482920248363004,1.9772288198500436,0.9635486246156273,1.3833741542035485,0.65,2.260791760874242,8.00385198027649,4.445432980454188,12.449284960730678,1.5671238892942296,1.6561501281719244,0.45,4.432169253599904,1.622836345152153,1.530423709823094,0.55,4.373818914612814,1.0
rk4,1,coords,0.01,no_cot,changed_disclosed,9.621806075416619e-12,9.621806075416619e-12,9.621806075416619e-12,6.872702407179077e-12,6.872702407179077e-12,1.0,1.0231084035527972e-11,3.0834594599848944e-11,1.4095516420731258e-11,4.49301040816863e-11,,,,,,,,,1.0
rk4,1,coords,0.01,no_cot,changed_hidden,7.144358654945038e-13,7.144358654945038e-13,7.144358654945038e-13,8.930411965479834e-13,8.930411965479834e-13,1.0,1.003686717071517e-12,7.775392200752573e-14,9.053868765818152e-14,1.682820549575581e-13,,,,,,,,,1.0
rk4,1,coords,0.01,no_cot,normal,1.0717813059350841e-10,1.0717813059350841e-10,1.0717813059350841e-10,1.0717813303529056e-10,1.0717813303529056e-10,1.0,4.5295722381211156e-10,-1.260462040080998e-09,-4.782688578508499e-10,-1.7387309148020336e-09,,,,,,,,,1.0
rk4,1,coords,1.0,no_cot,changed_disclosed,7.851160210350942e-10,7.851160210350942e-10,7.851160210350942e-10,5.607972086707491e-10,5.607972086707491e-10,1.0,8.105420159706944e-10,-1.1439410940424291e-09,9.917316523555541e-10,-1.5220931182113874e-10,,,,,,,,,1.0
rk4,1,coords,1.0,no_cot,changed_hidden,5.26109103814129e-11,5.26109103814129e-11,5.26109103814129e-11,6.57636167744613e-11,6.57636167744613e-11,1.0,1.1389809945888674e-10,7.2365567619465335e-12,4.690203780910451e-12,1.1926748477719685e-11,,,,,,,,,1.0
rk4,1,coords,1.0,no_cot,normal,1.340128166283521e-08,1.340128166283521e-08,1.340128166283521e-08,1.3401281684366496e-08,1.3401281684366496e-08,1.0,3.156819931293686e-08,-2.298752020616756e-08,2.042665022683465e-08,-2.5608701603729856e-09,,,,,,,,,1.0
rk4,1,coords,10.0,no_cot,changed_disclosed,7.1375618666366304e-09,7.1375618666366304e-09,7.1375618666366304e-09,5.098258459845794e-09,5.098258459845794e-09,1.0,6.5058645852544835e-09,-5.0995829285922775e-09,5.190760610229717e-09,9.117755439547182e-11,,,,,,,,,1.0
rk4,1,coords,10.0,no_cot,changed_hidden,1.2927182977431418e-10,1.2927182977431418e-10,1.2927182977431418e-10,1.615897859963411e-10,1.615897859963411e-10,1.0,2.8595514584700554e-10,4.298837958053578e-12,3.0846714071941506e-12,7.383516020809111e-12,,,,,,,,,1.0
rk4,1,coords,10.0,no_cot,normal,1.1719021909435655e-07,1.1719021909435655e-07,1.1719021909435655e-07,1.1719021908440652e-07,1.1719021908440652e-07,1.0,2.5861011218250574e-07,-1.469570274779475e-07,9.230707559981787e-08,-5.464995191939437e-08,,,,,,,,,1.0
rk4,1,coords,60.0,no_cot,changed_disclosed,3.180681257681343e-08,3.180681257681343e-08,3.180681257681343e-08,2.2719151848704654e-08,2.2719151848704654e-08,1.0,3.1457925498909204e-08,-3.857532337560964e-08,4.024396000890107e-08,1.6686367731999497e-09,,,,,,,,,1.0
rk4,1,coords,60.0,no_cot,changed_hidden,3.9535698643309566e-13,3.9535698643309566e-13,3.9535698643309566e-13,4.942268816421347e-13,4.942268816421347e-13,1.0,5.365699498316435e-13,3.234220629345859e-18,0.0,0.0,,,,,,,,,1.0
rk4,1,coords,60.0,no_cot,normal,7.250461656779135e-06,7.250461656779135e-06,7.250461656779135e-06,7.250461658747653e-06,7.250461658747653e-06,1.0,2.1224388058475008e-05,-5.898273373890452e-06,5.543570719512836e-06,-3.5470265430381787e-07,,,,,,,,,1.0
rk4,2,coords,0.01,no_cot,changed_disclosed,1.4338244595578684e-10,1.1363977127375237e-10,1.5272482070660845e-10,1.0241605341576588e-10,1.8496268960888074e-10,1.0,4.3421013156547116e-10,-9.263376347240504e-10,1.339847677250816e-10,-7.923530775943987e-10,8.389709659171789e-11,2.675093258019956e-10,1.0,1.7338888035414724e-09,,,,,1.0
rk4,2,coords,0.01,no_cot,changed_hidden,1.9620032536007914e-10,1.3583843602567832e-10,1.989511871464574e-10,2.4525044217682536e-10,2.0966662850341323e-10,1.0,2.8410817677626544e-09,2.6901680406151308e-09,8.538347806563706e-11,2.7755515885630188e-09,7.547654669127749e-11,1.740828148300011e-10,1.0,2.321506744088972e-09,,,,,1.0
rk4,2,coords,0.01,no_cot,normal,5.473779617764505e-08,4.553560269418934e-08,5.537264685876348e-08,5.473779616238517e-08,7.011665580369808e-08,1.0,2.7006746379398818e-06,2.492358668041983e-05,5.092452997068619e-08,2.497451121041827e-05,3.633340921073364e-08,8.5495515445011e-08,1.0,3.803369345418972e-06,,,,,1.0
rk4,2,coords,1.0,no_cot,changed_disclosed,5.5993078561808365e-09,9.690665931723764e-09,1.3902888066501145e-08,3.999505659990632e-09,1.0667141725484441e-08,1.0,1.037224065039699e-08,-3.701295979083308e-08,2.3126308679177755e-08,-1.3886650918060183e-08,1.3782024007266692e-08,1.733477779097825e-08,1.0,5.359050765998963e-08,,,,,1.0
rk4,2,coords,1.0,no_cot,changed_hidden,2.027681221506926e-08,1.8735990675346347e-08,2.2747073193248147e-08,2.5346015308791435e-08,2.4088975203451213e-08,1.0,1.389726896250734e-07,1.0303035404626848e-07,-3.526636344064471e-08,6.776399057439874e-08,1.7195169135623435e-08,2.283193509811099e-08,1.0,9.989019410117789e-08,,,,,1.0
rk4,2,coords,1.0,no_cot,normal,5.6051823416794885e-06,1.0550846267080728e-05,1.5513767418182243e-05,5.605182342027782e-06,9.914384228371098e-06,1.0,6.472027618226184e-05,-0.00030705656730626305,7.85345960942152e-05,-0.0002285219712127251,1.5496510192481966e-05,1.4223586114714415e-05,1.0,1.550687618756541e-05,,,,,1.0
rk4,2,coords,10.0,no_cot,changed_disclosed,3.710963778107182e-07,6.719228221543326e-07,9.751874400070619e-07,2.650688413430302e-07,1.0105199468424253e-06,1.0,2.834948244108404e-07,3.685919871168619e-07,-7.498099112934753e-07,-3.812179240059166e-07,9.727492664979472e-07,1.7559710523418204e-06,1.0,1.2903039826872575e-06,,,,,1.0
rk4,2,coords,10.0,no_cot,changed_hidden,3.700673643710779e-07,2.3918837963577283e-07,3.980194295690556e-07,4.625842054073459e-07,4.0789737770774437e-07,1.0,7.331127489926779e-07,-1.651741001050045e-07,-1.756871989222475e-07,-3.408612990529747e-07,1.0830939490046771e-07,3.5321055000814285e-07,1.0,6.083144408726773e-07,,,,,1.0
rk4,2,coords,10.0,no_cot,normal,0.40192796631970723,0.49001407259880186,0.5868259553575083,0.4689164416648078,0.40978695687176375,0.75,1.6093503846210813,-1.269105783423292,1.2673892565740061,-0.0017165268492855823,0.5781001788778964,0.3506574720787198,0.95,1.6944679723702492,,,,,1.0
rk4,2,coords,60.0,no_cot,changed_disclosed,6.453706761627266e-05,8.587733980941042e-05,0.00010721761200254817,4.6097906681841215e-05,5.361034260491504e-05,1.0,0.00038201129542232807,0.0004578694001902639,-0.00018576730873318681,0.0002721020914569827,0.00010721761200254817,6.112277852798886e-05,1.0,0.00044571457818737075,,,,,1.0
rk4,2,coords,60.0,no_cot,changed_hidden,2.2594118568138358e-08,4.312144442676866e-08,6.364877028539895e-08,2.8242648220100364e-08,3.123205091215553e-08,1.0,4.586822970557153e-08,-6.197685824004028e-08,1.81846513847006e-08,-4.3792206838588756e-08,6.364877028539895e-08,3.422145360421069e-08,1.0,5.560866937967535e-08,,,,,1.0
rk4,2,coords,60.0,no_cot,normal,0.9221599507443938,1.085988018276189,1.406551499423336,1.1051320063689487,1.0851770004172598,0.55,3.6029455617194266,2.224564808946075,-2.232869339218391,-0.00830453027231599,1.249816085807984,1.065221994465571,0.65,4.326734570120812,,,,,1.0
rk4,3,coords,0.01,no_cot,changed_disclosed,1.856389728869122e-09,3.43582113082946e-09,5.2380904076690315e-09,1.3259926490150065e-09,4.120175023381023e-09,1.0,1.3053569372645235e-08,-7.336996855622502e-08,1.4679087900759668e-08,-5.86908805999542e-08,4.751138975033019e-09,6.278584940844212e-09,1.0,6.315838495503725e-08,3.6999346885862384e-09,4.755947480283851e-09,1.0,4.822993342062931e-08,1.0
rk4,3,coords,0.01,no_cot,changed_hidden,6.386700852126973e-09,5.0294317785977516e-09,1.0638876443334732e-08,7.983376049125468e-09,7.465152436954744e-09,1.0,3.124606673302055e-07,-3.2949554619465804e-07,8.343356094897558e-09,-3.211521901191894e-07,1.2918521797747635e-09,5.937504377051539e-09,1.0,2.2151028827785414e-07,7.409742303891519e-09,8.474576884687223e-09,1.0,5.889267531648118e-08,1.0
rk4,3,coords,0.01,no_cot,normal,1.0279421833541521e-08,1.1050574431149202e-08,1.710544486095348e-08,1.0279421802650291e-08,1.0529349614429862e-08,1.0,1.1023438469051628e-07,6.743018223343001e-07,1.19482182991959e-07,7.937840054150769e-07,1.0674224849913689e-08,1.3014653865717207e-08,1.0,1.35937856099444e-07,1.2198076609992395e-08,8.293973174922087e-09,1.0,1.0199308081992874e-07,1.0
rk4,3,coords,1.0,no_cot,changed_disclosed,3.791904131769733e-06,7.621685734256264e-06,1.1508204238113713e-05,2.7085029512985416e-06,6.322096064067158e-06,1.0,1.194521363525325e-05,-9.54122127712509e-05,-6.187577910901076e-05,-0.00015728799187990638,7.713028191604457e-06,1.1544975366306608e-05,1.0,4.395112996293804e-05,1.1360124879394602e-05,4.712809874596324e-06,1.0,1.672845544210162e-05,1.0
rk4,3,coords,1.0,no_cot,changed_hidden,6.047002261285564e-07,8.362463149014108e-07,1.4201154194957467e-06,7.558752826763993e-07,8.605254889770819e-07,1.0,2.678818380876663e-06,7.706052129380359e-07,-2.835567852077503e-06,-2.0649626390367716e-06,7.507720054670693e-07,7.655788274885111e-07,1.0,3.256755840192263e-06,1.1532667131086064e-06,1.0601223567663353e-06,1.0,2.9370327528175505e-06,1.0
rk4,3,coords,1.0,no_cot,normal,0.0004293496092292944,0.0005332819140374672,0.0007034988445100284,0.00042935063903626336,0.0004699308500833702,1.0,0.0005505759451221503,-0.011419456465982183,0.008048148989969795,-0.003371307476013019,0.0004714229447536744,0.0007270312225341913,1.0,0.002356088995434504,0.0006990731881294325,0.0002534106886796561,1.0,0.0003000647766859127,1.0
rk4,3,coords,10.0,no_cot,changed_disclosed,0.010828057794263516,0.019365377194882377,0.028897092772530074,0.007734834751227248,0.020404116632852583,1.0,0.02367256665038084,0.018488985030614028,-0.0315515773602939,-0.013062592329680323,0.025823299861202558,0.03472949575449687,1.0,0.08927363185242557,0.02144477392918106,0.01874801939283364,1.0,0.05555295484037105,1.0
rk4,3,coords,10.0,no_cot,changed_hidden,8.88932194977265e-06,7.5107150569614785e-06,1.1152828973477566e-05,1.1111652439477205e-05,9.310633596844772e-06,1.0,7.392494980150884e-05,-4.302217394587526e-06,-2.901281561662472e-07,-4.592345550546995e-06,6.309613853723196e-06,3.775714258980045e-06,1.0,5.277485211497707e-05,7.333209367388589e-06,1.3044534092077065e-05,1.0,3.2414131940358695e-05,1.0
rk4,3,coords,10.0,no_cot,normal,0.34385838598096274,0.5967420442270489,0.9921997223229967,0.38922479965773144,0.6324357016818812,0.65,1.8264698310762437,0.3831588003504488,-0.3939801729589849,-0.01082137260853564,0.6273731876895797,0.5758660391381053,0.9,2.2603204308981173,0.8189945590106044,0.9322162662498069,0.7,2.9826910804494053,1.0
rk4,3,coords,60.0,no_cot,changed_disclosed,0.1389900588496824,0.15412699648845918,0.22073579788793377,0.0997875085508281,0.12383327597281868,0.75,0.23668953240177665,-0.13583792984946508,-0.058429975314653146,-0.1942679051641182,0.13030830067787147,0.09526218497233976,0.85,0.22280224188695769,0.19308262993782366,0.1764501343952882,0.8,0.40852315792035065,1.0
rk4,3,coords,60.0,no_cot,changed_hidden,1.1947310902407497e-06,3.357452054057974e-06,5.655619210088449e-06,1.493413862818649e-06,1.963312016850516e-06,1.0,6.758104640085597e-07,-7.97117859574828e-08,1.3643252974482322e-06,1.2846135117428048e-06,3.222005861844721e-06,1.6896034096047784e-06,1.0,6.935494460624802e-07,5.655619210088449e-06,2.70691877812812e-06,1.0,1.8786274941940545e-06,1.0
rk4,3,coords,60.0,no_cot,normal,0.8457118983534709,1.1253093230446611,1.7687667528821158,0.9804014003868318,1.2314738582485423,0.7,3.0515715933435974,4.800341966204611,-4.867325372059552,-0.06698340585494038,1.2059196437257946,1.03407360238455,0.55,3.3612799952673824,1.3242964270547177,1.6799465719742455,0.45,4.81960297290413,1.0
symplectic,1,coords,0.01,no_cot,changed_disclosed,6.296064141847589e-07,6.296064141847589e-07,6.296064141847589e-07,4.4971886734579416e-07,4.4971886734579416e-07,1.0,6.475439965916707e-07,-1.764956252368194e-06,1.2159173502362953e-07,-1.6433645172675427e-06,,,,,,,,,1.0
symplectic,1,coords,0.01,no_cot,changed_hidden,7.27256834928119e-08,7.27256834928119e-08,7.27256834928119e-08,9.090710435533112e-08,9.090710435533112e-08,1.0,5.56551132335284e-06,-8.287851255766666e-09,-6.443077632534155e-09,-1.4730928887818351e-08,,,,,,,,,1.0
symplectic,1,coords,0.01,no_cot,normal,2.4034640482026352e-06,2.4034640482026352e-06,2.4034640482026352e-06,2.4034640481396253e-06,2.4034640481396253e-06,1.0,5.49041000080519e-06,1.5291311429490967e-05,1.0803748643128941e-05,2.6095060072584e-05,,,,,,,,,1.0
symplectic,1,coords,1.0,no_cot,changed_disclosed,7.050890120908054e-05,7.050890120908054e-05,7.050890120908054e-05,5.036350087250785e-05,5.036350087250785e-05,1.0,0.00010435022026232619,0.00013398324230599743,-0.0002033315251263046,-6.934828282034733e-05,,,,,,,,,1.0
symplectic,1,coords,1.0,no_cot,changed_hidden,0.000131077084769288,0.000131077084769288,0.000131077084769288,0.00016384635693609262,0.00016384635693609262,1.0,0.0002571777251275151,9.873080445334849e-06,-2.106665042514444e-05,-1.119356997981158e-05,,,,,,,,,1.0
symplectic,1,coords,1.0,no_cot,normal,0.00013784100487028187,0.00013784100487028187,0.00013784100487028187,0.0001378410063683333,0.0001378410063683333,1.0,0.0003521497523947405,-0.0008354158337024329,0.0008169342098394372,-1.848162386309804e-05,,,,,,,,,1.0
symplectic,1,coords,10.0,no_cot,changed_disclosed,0.000949516975947855,0.000949516975947855,0.000949516975947855,0.0006782264540001748,0.0006782264540001748,1.0,0.0008678421555892712,0.0013292372906685054,-0.0013764797509856264,-4.724246031724277e-05,,,,,,,,,1.0
symplectic,1,coords,10.0,no_cot,changed_hidden,0.00033826311017008773,0.00033826311017008773,0.00033826311017008773,0.0004228288972149219,0.0004228288972149219,1.0,0.0006647291625105714,-4.090712043522819e-06,-2.9791005362989063e-06,-7.069812579812984e-06,,,,,,,,,1.0
symplectic,1,coords,10.0,no_cot,normal,0.0015439838751778432,0.0015439838751778432,0.0015439838751778432,0.0015439903229447437,0.0015439903229447437,1.0,0.004233234424246747,-0.010472050344910517,0.010522197625463582,5.014728055304785e-05,,,,,,,,,1.0
symplectic,1,coords,60.0,no_cot,changed_disclosed,0.004074343925979827,0.004074343925979827,0.004074343925979827,0.0029102479130382886,0.0029102479130382886,1.0,0.003977053912590561,0.005291184208478571,-0.005401915278117753,-0.00011073106963902513,,,,,,,,,1.0
symplectic,1,coords,60.0,no_cot,changed_hidden,9.072633655939926e-07,9.072633655939926e-07,9.072633655939926e-07,1.1340792070102524e-06,1.1340792070102524e-06,1.0,1.3960098486814547e-06,-2.039958602126295e-12,-5.144940029566669e-12,-7.184908223933917e-12,,,,,,,,,1.0
symplectic,1,coords,60.0,no_cot,normal,0.008361473106579843,0.008361473106579843,0.008361473106579843,0.00836186493751243,0.00836186493751243,1.0,0.02339923770295707,-0.02210544060330306,0.022133619366944156,2.817876364115124e-05,,,,,,,,,1.0
symplectic,2,coords,0.01,no_cot,changed_disclosed,1.2254279146986766e-06,1.2356735037256756e-06,1.5996997008247084e-06,8.753056533583603e-07,1.5425119220924266e-06,1.0,5.438895767323326e-05,0.0001623828292525182,9.751911715816241e-07,0.0001633580204238927,1.2459190927526743e-06,2.2097181908264927e-06,1.0,0.00014399658060015638,,,,,1.0
symplectic,2,coords,0.01,no_cot,changed_hidden,1.1376212036663535e-06,9.453230722909044e-07,1.277184667427587e-06,1.4220265045938873e-06,1.2524280693537726e-06,1.0,0.0004094846080906907,-0.0001840711589439552,-1.1593071072679706e-06,-0.0001852304660511228,7.530249409154554e-07,1.0828296341136578e-06,1.0,0.0003266862140877109,,,,,1.0
symplectic,2,coords,0.01,no_cot,normal,2.8546828417452445e-05,2.8136359239629658e-05,3.2475558474833954e-05,2.8546828470110698e-05,3.460425897082731e-05,1.0,0.004287789223718419,-0.013903053318863365,-0.00011986379488915233,-0.014022917113752698,2.7725890061806874e-05,4.066168947154391e-05,1.0,0.006356267354072201,,,,,1.0
symplectic,2,coords,1.0,no_cot,changed_disclosed,0.005039016588682728,0.006030094951245147,0.007460863877562221,0.0035993378857109627,0.005087025779335963,1.0,0.0075474877011232604,0.018318408409002885,0.028130193991048057,0.046448602400051,0.007021173313807564,0.006574713672960963,1.0,0.01166957786826616,,,,,1.0
symplectic,2,coords,1.0,no_cot,changed_hidden,0.006595131521582194,0.006253266060320119,0.007489648851342555,0.00824404754506054,0.00763575062496491,1.0,0.017123592020174584,-0.010794011400990405,-0.00957493116548378,-0.020368942566474185,0.005911400599058044,0.00702745370486928,1.0,0.013857589126358644,,,,,1.0
symplectic,2,coords,1.0,no_cot,normal,0.06826506348009292,0.10222796711910802,0.14119585910182877,0.06834250118991247,0.09648640786283913,1.0,0.28858968711646094,-1.4985250792050804,0.615113708212452,-0.8834113709926287,0.1361908707581231,0.12463031453576578,1.0,0.422199254359173,,,,,1.0
symplectic,2,coords,10.0,no_cot,changed_disclosed,0.14061377923257634,0.21430100467178992,0.2981623061950556,0.10109102671357546,0.2854167339293614,1.0,0.19123379117845346,0.3630527427564711,-0.40987603761933045,-0.04682329486285923,0.2879882301110035,0.46974244114514735,0.85,1.5124095035981187,,,,,1.0
symplectic,2,coords,10.0,no_cot,changed_hidden,0.07214075555122076,0.051452931653932776,0.07487116766542806,0.09038917120826304,0.07959305989781648,0.85,0.2958854847079392,-0.014127489145697497,0.022427932745002432,0.008300443599305018,0.03076510775664478,0.06879694858736993,0.75,0.21822968912189505,,,,,1.0
symplectic,2,coords,10.0,no_cot,normal,0.768410129135694,0.9248932021233796,1.2088837236130323,0.8224131036718877,1.0412335189283504,0.35,4.207194419833742,-3.5421049920115903,-4.200931430288614,-7.743036422300205,1.0813762751110652,1.260053934184813,0.45,4.453133743320562,,,,,1.0
symplectic,2,coords,60.0,no_cot,changed_disclosed,0.16670693607602163,0.23303637956155962,0.2993658230470976,0.12007214583075451,0.15733227030352365,0.85,0.2725821102716234,-0.2761645570100599,0.06561424687116668,-0.21055031013889325,0.2993658230470976,0.19459239477629275,0.85,0.38024362602502115,,,,,1.0
symplectic,2,coords,60.0,no_cot,changed_hidden,0.009452005011489118,0.01784675710719552,0.026241509202901924,0.011815482523004484,0.012905263471244377,1.0,0.01292608615404579,0.00712954959586049,0.005344372037942469,0.01247392163380292,0.026241509202901924,0.01399504441948427,1.0,0.014200486564954975,,,,,1.0
symplectic,2,coords,60.0,no_cot,normal,1.0232682316699562,1.4201120295699907,1.8288397592449694,1.1836904246533166,1.2329030579285751,0.4,3.1942858698192635,-8.399472611918563,-11.772516194154523,-20.171988806073085,1.8169558274700255,1.2821156912038338,0.4,4.112916300189009,,,,,1.0
symplectic,3,coords,0.01,no_cot,changed_disclosed,3.673330151538309e-06,7.5297720323350715e-06,1.1856425213720323e-05,2.6238072510675893e-06,7.741634496349903e-06,1.0,0.0003747911755019234,-0.003847007507177214,-1.0178682800532357e-05,-0.003857186189977746,8.521638275264251e-06,1.0696681541855213e-05,1.0,0.0020009533096937084,1.0394347670202651e-05,9.904414696126907e-06,1.0,0.0017968306801148526,1.0
symplectic,3,coords,0.01,no_cot,changed_hidden,9.800582962513374e-06,6.551979879678059e-06,1.0670686574075412e-05,1.2250728704676917e-05,9.25125567843299e-06,1.0,0.0012430532190459767,-0.0011472571852464918,4.737535210885824e-06,-0.0011425196500356115,3.3943081725569757e-06,9.362557615255618e-06,1.0,0.0009772286305273464,6.461048503963828e-06,6.140480715366436e-06,1.0,0.0009268073543360747,1.0
symplectic,3,coords,0.01,no_cot,normal,1.4830240834177164e-05,2.0927970552294408e-05,3.088092885225011e-05,1.4830240834751151e-05,1.7240811386387556e-05,1.0,0.0031125625009601606,-0.005532391252225511,0.00012377251334183548,-0.005408618738884119,2.0490363908773784e-05,1.3049789644425936e-05,1.0,0.0032520384264216997,2.746330691393227e-05,2.384240367998558e-05,1.0,0.0030698496201699565,1.0
symplectic,3,coords,1.0,no_cot,changed_disclosed,0.019410187466098773,0.05128529058449012,0.08749337313770034,0.013864789170393688,0.04211332555063316,1.0,0.038361486328411715,-0.34434733513161225,-0.31993252326711696,-0.6642798583987288,0.04923426629809306,0.05985346385979673,1.0,0.17247835411763507,0.08521141798927853,0.05262172362170905,0.95,0.1512018909847928,1.0
symplectic,3,coords,1.0,no_cot,changed_hidden,0.020230040337083786,0.01829018400465203,0.024224760626226832,0.025294842991909806,0.020875106984032818,1.0,0.07472436972741629,-0.04568770132137613,-0.05789720797952014,-0.10358490930089623,0.017660133351512838,0.015417543432752723,1.0,0.05072478615602588,0.016980378325359466,0.021912934527435923,0.95,0.04189893025129058,1.0
symplectic,3,coords,1.0,no_cot,normal,0.12370818872077771,0.1770219003389527,0.3230363131039943,0.13052066134447468,0.20792963650647214,0.9,0.37406163164446,-1.3133466895639294,-1.68484215005368,-2.9981888396176104,0.17673580866314637,0.21287651079601258,1.0,0.6242805683839932,0.23062170363293402,0.28039173737892914,1.0,0.6759379012861529,1.0
symplectic,3,coords,10.0,no_cot,changed_disclosed,0.44954212647792835,0.7294763271518436,1.1346495816857913,0.35497900001643085,0.7286126511484737,0.7,0.6858429397204582,-2.024551377920396,-1.283512074657888,-3.308063452578284,0.7921724587394028,1.0889932645916718,0.7,2.024394422890044,0.9467143962381996,0.7418656888373187,0.55,1.8773894556176838,1.0
symplectic,3,coords,10.0,no_cot,changed_hidden,0.12466577718946355,0.15639104615874985,0.24781801377025955,0.1571978949236125,0.19848567838664954,0.65,0.6048845680340944,-0.006434633382155434,-0.1790895877394037,-0.185524221121559,0.1458330667621897,0.15069202578526758,0.65,0.3746633460396403,0.19867429452459634,0.2875671144510686,0.9,0.33621734375481127,1.0
symplectic,3,coords,10.0,no_cot,normal,0.8655321898461322,1.1837241238530996,1.6575028370682698,0.9401578685200864,0.9771388133874055,0.5,2.996702557348663,-8.893792842253557,-7.531282858994382,-16.425075701247938,1.2072282842865012,1.1317408441942967,0.6,3.0839541260320553,1.478411897426665,0.8595177274478335,0.4,5.246533895963532,1.0
symplectic,3,coords,60.0,no_cot,changed_disclosed,0.32762407861045073,0.5600522585919565,0.87755873503802,0.2357360500343661,0.3025556727013669,0.45,0.39291010979379826,0.8312058407746086,-0.30370963970999815,0.5274962010646114,0.4863943522176915,0.29454995574812476,0.6,0.40539526905785683,0.8661383449477272,0.37738101232160987,0.5,0.7410481652379411,1.0
symplectic,3,coords,60.0,no_cot,changed_hidden,0.02314612580112343,0.060976986736637075,0.09770421237158333,0.02894479283544915,0.033702346937435526,0.95,0.020349613491089796,0.015611416693393379,0.04093447265596835,0.056545889349362,0.062080622037204436,0.03246567214801965,0.95,0.022837890194895735,0.09770421237158333,0.03969657582883777,0.9,0.03001571930891108,1.0
symplectic,3,coords,60.0,no_cot,normal,0.8276762545948146,1.3846548651546724,2.0293967714599765,0.9272946229545939,0.9769884603252507,0.6,2.349996980372821,-8.036317422839812,-20.062084826013795,-28.09840224885361,1.3704253143253358,0.9268343414490982,0.45,4.201669944484695,1.955863026543867,1.07683641657206,0.5,3.729395078972771,1.0
