seed,model,k,regime,horizon,answered,error
20260620,rk4,1,changed_disclosed,10.0,True,2.370515783667315e-09
20260620,rk4,1,changed_disclosed,10.0,True,7.431513182609706e-09
20260620,rk4,1,changed_disclosed,10.0,True,1.1132335053787301e-09
20260620,rk4,1,changed_disclosed,10.0,True,1.915688496723078e-09
20260620,rk4,1,changed_disclosed,10.0,True,5.655999668618961e-09
20260620,rk4,1,changed_disclosed,10.0,True,3.691886796275412e-10
20260620,rk4,1,changed_disclosed,10.0,True,1.2034546692518688e-08
20260620,rk4,1,changed_disclosed,10.0,True,8.070560664208415e-09
20260620,rk4,1,changed_disclosed,10.0,True,2.4003341536626976e-09
20260620,rk4,1,changed_disclosed,10.0,True,2.2606521099532983e-09
20260620,rk4,1,changed_disclosed,10.0,True,4.875904124901353e-10
20260620,rk4,1,changed_disclosed,10.0,True,4.6341774861957674e-09
20260620,rk4,1,changed_disclosed,10.0,True,6.117605977351559e-09
20260620,rk4,1,changed_disclosed,10.0,True,1.897405077500025e-08
20260620,rk4,1,changed_disclosed,10.0,True,1.7450907385807568e-09
20260620,rk4,1,changed_disclosed,10.0,True,1.87578663712884e-09
20260620,rk4,1,changed_disclosed,10.0,True,2.4671122922370614e-09
20260620,rk4,1,changed_disclosed,10.0,True,1.021932449773999e-08
20260620,rk4,1,changed_disclosed,10.0,True,6.155792320328146e-09
20260620,rk4,1,changed_disclosed,10.0,True,5.6664051228949575e-09
20260620,rk4,1,changed_disclosed,1.0,True,3.2073410594080087e-10
20260620,rk4,1,changed_disclosed,1.0,True,5.376783462907042e-10
20260620,rk4,1,changed_disclosed,1.0,True,1.0139071804360356e-09
20260620,rk4,1,changed_disclosed,1.0,True,4.2664272115189306e-10
20260620,rk4,1,changed_disclosed,1.0,True,4.866431702055252e-10
20260620,rk4,1,changed_disclosed,1.0,True,2.476827631880951e-10
20260620,rk4,1,changed_disclosed,1.0,True,8.303739917892017e-10
20260620,rk4,1,changed_disclosed,1.0,True,4.1023273666951354e-10
20260620,rk4,1,changed_disclosed,1.0,True,5.706635164415275e-10
20260620,rk4,1,changed_disclosed,1.0,True,4.89054574615011e-10
20260620,rk4,1,changed_disclosed,1.0,True,6.319744727534271e-10
20260620,rk4,1,changed_disclosed,1.0,True,5.556075599599808e-10
20260620,rk4,1,changed_disclosed,1.0,True,4.373323925221939e-10
20260620,rk4,1,changed_disclosed,1.0,True,7.933893542144688e-10
20260620,rk4,1,changed_disclosed,1.0,True,5.308771200418505e-10
20260620,rk4,1,changed_disclosed,1.0,True,5.821227944124985e-10
20260620,rk4,1,changed_disclosed,1.0,True,4.693250232890023e-10
20260620,rk4,1,changed_disclosed,1.0,True,5.703517658162127e-10
20260620,rk4,1,changed_disclosed,1.0,True,5.356928234334646e-10
20260620,rk4,1,changed_disclosed,1.0,True,7.756577602435755e-10
20260620,rk4,1,changed_hidden,10.0,True,1.0616796330964462e-10
20260620,rk4,1,changed_hidden,10.0,True,8.82889317210811e-11
20260620,rk4,1,changed_hidden,10.0,True,4.07918143707775e-11
20260620,rk4,1,changed_hidden,10.0,True,3.548410454357054e-10
20260620,rk4,1,changed_hidden,10.0,True,4.4761838680074106e-10
20260620,rk4,1,changed_hidden,10.0,True,3.0251356974986265e-11
20260620,rk4,1,changed_hidden,10.0,True,2.7709834427014357e-10
20260620,rk4,1,changed_hidden,10.0,True,2.42861286636753e-10
20260620,rk4,1,changed_hidden,10.0,True,4.615596793655641e-11
20260620,rk4,1,changed_hidden,10.0,True,2.529563225550646e-10
20260620,rk4,1,changed_hidden,10.0,True,5.2102322456448746e-11
20260620,rk4,1,changed_hidden,10.0,True,9.186962302010215e-11
20260620,rk4,1,changed_hidden,10.0,True,5.7335913794531734e-11
20260620,rk4,1,changed_hidden,10.0,True,5.725286911228977e-11
20260620,rk4,1,changed_hidden,10.0,True,6.452482992358455e-11
20260620,rk4,1,changed_hidden,10.0,True,5.071143505119835e-11
20260620,rk4,1,changed_hidden,10.0,True,7.853362404830477e-11
20260620,rk4,1,changed_hidden,10.0,True,4.498956762688522e-10
20260620,rk4,1,changed_hidden,10.0,True,4.4152237421712925e-10
20260620,rk4,1,changed_hidden,10.0,True,1.0156320229270932e-12
20260620,rk4,1,changed_hidden,1.0,True,3.6207481457495305e-11
20260620,rk4,1,changed_hidden,1.0,True,4.135758402412648e-11
20260620,rk4,1,changed_hidden,1.0,True,2.220001960040463e-11
20260620,rk4,1,changed_hidden,1.0,True,1.2015455297387234e-10
20260620,rk4,1,changed_hidden,1.0,True,1.6939782909730638e-10
20260620,rk4,1,changed_hidden,1.0,True,2.135625010168951e-12
20260620,rk4,1,changed_hidden,1.0,True,1.1882672623642065e-10
20260620,rk4,1,changed_hidden,1.0,True,1.0768097524760378e-10
20260620,rk4,1,changed_hidden,1.0,True,3.33395533402836e-11
20260620,rk4,1,changed_hidden,1.0,True,1.1127765375817944e-10
20260620,rk4,1,changed_hidden,1.0,True,2.780531360713212e-11
20260620,rk4,1,changed_hidden,1.0,True,3.227640377190255e-11
20260620,rk4,1,changed_hidden,1.0,True,3.3077540706472064e-11
20260620,rk4,1,changed_hidden,1.0,True,2.0373036591081473e-11
20260620,rk4,1,changed_hidden,1.0,True,2.12709849733983e-11
20260620,rk4,1,changed_hidden,1.0,True,3.750821875314614e-11
20260620,rk4,1,changed_hidden,1.0,True,4.873168535368677e-11
20260620,rk4,1,changed_hidden,1.0,True,1.6372680988752109e-10
20260620,rk4,1,changed_hidden,1.0,True,1.5648193851802716e-10
20260620,rk4,1,changed_hidden,1.0,True,1.1442402580996713e-11
20260620,rk4,1,normal,10.0,True,2.34541632782026e-07
20260620,rk4,1,normal,10.0,True,1.5842226197548825e-07
20260620,rk4,1,normal,10.0,True,4.907702866319141e-08
20260620,rk4,1,normal,10.0,True,3.562225892039805e-08
20260620,rk4,1,normal,10.0,True,3.7614914738526295e-08
20260620,rk4,1,normal,10.0,True,1.1429321755684896e-07
20260620,rk4,1,normal,10.0,True,2.798212039856196e-07
20260620,rk4,1,normal,10.0,True,5.907158540097157e-08
20260620,rk4,1,normal,10.0,True,1.50752035743551e-07
20260620,rk4,1,normal,10.0,True,1.1163353663690145e-07
20260620,rk4,1,normal,10.0,True,4.973976501787547e-07
20260620,rk4,1,normal,10.0,True,5.256785495788563e-08
20260620,rk4,1,normal,10.0,True,1.6086279774896184e-07
20260620,rk4,1,normal,10.0,True,9.874791162545193e-08
20260620,rk4,1,normal,10.0,True,1.3622061700857557e-08
20260620,rk4,1,normal,10.0,True,5.4763235279864375e-08
20260620,rk4,1,normal,10.0,True,1.876046002990961e-07
20260620,rk4,1,normal,10.0,True,5.1512389909191825e-09
20260620,rk4,1,normal,10.0,True,3.189867836539406e-08
20260620,rk4,1,normal,10.0,True,1.0338676137422453e-08
20260620,rk4,1,normal,1.0,True,4.293658761866936e-09
20260620,rk4,1,normal,1.0,True,1.865432075476292e-08
20260620,rk4,1,normal,1.0,True,1.1184150494614187e-08
20260620,rk4,1,normal,1.0,True,1.503855306950186e-08
20260620,rk4,1,normal,1.0,True,4.910462259033466e-09
20260620,rk4,1,normal,1.0,True,3.29104214991105e-08
20260620,rk4,1,normal,1.0,True,1.896051760041928e-09
20260620,rk4,1,normal,1.0,True,6.827648224572158e-09
20260620,rk4,1,normal,1.0,True,1.8806188606390606e-08
20260620,rk4,1,normal,1.0,True,9.516029741973853e-09
20260620,rk4,1,normal,1.0,True,2.1813995942920883e-08
20260620,rk4,1,normal,1.0,True,1.5115722007408294e-08
20260620,rk4,1,normal,1.0,True,3.481609223143778e-08
20260620,rk4,1,normal,1.0,True,9.30317067826536e-09
20260620,rk4,1,normal,1.0,True,1.8818830938016617e-09
20260620,rk4,1,normal,1.0,True,8.879324386867893e-09
20260620,rk4,1,normal,1.0,True,2.653954833675698e-08
20260620,rk4,1,normal,1.0,True,5.770584010633684e-10
20260620,rk4,1,normal,1.0,True,1.5237569872539325e-08
20260620,rk4,1,normal,1.0,True,9.823783564399946e-09
20260620,rk4,2,changed_disclosed,10.0,True,7.503687360355116e-08
20260620,rk4,2,changed_disclosed,10.0,True,2.21519487197952e-08
20260620,rk4,2,changed_disclosed,10.0,True,1.873884913905499e-08
20260620,rk4,2,changed_disclosed,10.0,True,1.0988596255145922e-07
20260620,rk4,2,changed_disclosed,10.0,True,2.6814559461740828e-09
20260620,rk4,2,changed_disclosed,10.0,True,1.474781408106196e-09
20260620,rk4,2,changed_disclosed,10.0,True,2.5839637252111913e-07
20260620,rk4,2,changed_disclosed,10.0,True,1.0895520041742657e-09
20260620,rk4,2,changed_disclosed,10.0,True,2.8191042833469737e-09
20260620,rk4,2,changed_disclosed,10.0,True,1.375104163869878e-08
20260620,rk4,2,changed_disclosed,10.0,True,3.908726657675388e-06
20260620,rk4,2,changed_disclosed,10.0,True,1.2014236631552322e-05
20260620,rk4,2,changed_disclosed,10.0,True,1.6245686147442484e-06
20260620,rk4,2,changed_disclosed,10.0,True,1.3029190577551475e-06
20260620,rk4,2,changed_disclosed,10.0,True,1.9452810251507913e-08
20260620,rk4,2,changed_disclosed,10.0,True,2.945009596189152e-07
20260620,rk4,2,changed_disclosed,10.0,True,5.1156477498537356e-08
20260620,rk4,2,changed_disclosed,10.0,True,1.4910716350513553e-07
20260620,rk4,2,changed_disclosed,10.0,True,2.329687021074278e-08
20260620,rk4,2,changed_disclosed,10.0,True,3.1640775222108175e-07
20260620,rk4,2,changed_disclosed,1.0,True,9.602283190801586e-09
20260620,rk4,2,changed_disclosed,1.0,True,4.2022563206955965e-10
20260620,rk4,2,changed_disclosed,1.0,True,8.756662062125997e-10
20260620,rk4,2,changed_disclosed,1.0,True,7.844111871158077e-08
20260620,rk4,2,changed_disclosed,1.0,True,1.558000395363024e-09
20260620,rk4,2,changed_disclosed,1.0,True,1.146598815893185e-09
20260620,rk4,2,changed_disclosed,1.0,True,2.3795723613773134e-08
20260620,rk4,2,changed_disclosed,1.0,True,2.738902882271077e-09
20260620,rk4,2,changed_disclosed,1.0,True,1.2142100658252275e-09
20260620,rk4,2,changed_disclosed,1.0,True,2.8266331497661668e-09
20260620,rk4,2,changed_disclosed,1.0,True,1.049788256324291e-09
20260620,rk4,2,changed_disclosed,1.0,True,2.508416185875717e-08
20260620,rk4,2,changed_disclosed,1.0,True,2.3988182995537954e-08
20260620,rk4,2,changed_disclosed,1.0,True,4.384016705216709e-09
20260620,rk4,2,changed_disclosed,1.0,True,5.557330151617634e-10
20260620,rk4,2,changed_disclosed,1.0,True,2.1128925054014758e-08
20260620,rk4,2,changed_disclosed,1.0,True,9.375168419367697e-09
20260620,rk4,2,changed_disclosed,1.0,True,3.6309659723343657e-09
20260620,rk4,2,changed_disclosed,1.0,True,4.287366017763361e-10
20260620,rk4,2,changed_disclosed,1.0,True,1.0977929676414533e-09
20260620,rk4,2,changed_hidden,10.0,True,4.604269809860284e-08
20260620,rk4,2,changed_hidden,10.0,True,8.780145943632078e-09
20260620,rk4,2,changed_hidden,10.0,True,2.3109005597987675e-08
20260620,rk4,2,changed_hidden,10.0,True,6.629799400137415e-06
20260620,rk4,2,changed_hidden,10.0,True,9.64646340584352e-09
20260620,rk4,2,changed_hidden,10.0,True,7.416411040850335e-09
20260620,rk4,2,changed_hidden,10.0,True,1.3553810740418726e-08
20260620,rk4,2,changed_hidden,10.0,True,1.5479832748965805e-08
20260620,rk4,2,changed_hidden,10.0,True,3.193886102259569e-07
20260620,rk4,2,changed_hidden,10.0,True,2.1520000448305154e-08
20260620,rk4,2,changed_hidden,10.0,True,7.437679361288474e-08
20260620,rk4,2,changed_hidden,10.0,True,6.471893527759676e-07
20260620,rk4,2,changed_hidden,10.0,True,3.794904546161604e-08
20260620,rk4,2,changed_hidden,10.0,True,1.491351240279215e-07
20260620,rk4,2,changed_hidden,10.0,True,9.557188818121176e-09
20260620,rk4,2,changed_hidden,10.0,True,6.654278661422097e-08
20260620,rk4,2,changed_hidden,10.0,True,5.412488235378987e-10
20260620,rk4,2,changed_hidden,10.0,True,9.204337292345599e-10
20260620,rk4,2,changed_hidden,10.0,True,7.664453072209199e-08
20260620,rk4,2,changed_hidden,10.0,True,3.5467118131293773e-10
20260620,rk4,2,changed_hidden,1.0,True,1.1073495898017427e-08
20260620,rk4,2,changed_hidden,1.0,True,1.4495964428817842e-09
20260620,rk4,2,changed_hidden,1.0,True,6.285163056674037e-09
20260620,rk4,2,changed_hidden,1.0,True,1.2118872128041858e-08
20260620,rk4,2,changed_hidden,1.0,True,1.865485543817158e-11
20260620,rk4,2,changed_hidden,1.0,True,1.847572761448646e-09
20260620,rk4,2,changed_hidden,1.0,True,4.4510233276895406e-09
20260620,rk4,2,changed_hidden,1.0,True,1.0581459708447483e-08
20260620,rk4,2,changed_hidden,1.0,True,2.7380726574932623e-09
20260620,rk4,2,changed_hidden,1.0,True,1.2753905931361942e-08
20260620,rk4,2,changed_hidden,1.0,True,6.329495083612358e-08
20260620,rk4,2,changed_hidden,1.0,True,1.1444563075002634e-09
20260620,rk4,2,changed_hidden,1.0,True,6.282203313112689e-08
20260620,rk4,2,changed_hidden,1.0,True,4.180820090127213e-08
20260620,rk4,2,changed_hidden,1.0,True,4.488217619780244e-08
20260620,rk4,2,changed_hidden,1.0,True,6.557545795260467e-08
20260620,rk4,2,changed_hidden,1.0,True,3.4615443844643323e-10
20260620,rk4,2,changed_hidden,1.0,True,7.046261352172678e-10
20260620,rk4,2,changed_hidden,1.0,True,1.3757939054670487e-07
20260620,rk4,2,changed_hidden,1.0,True,3.0424085473157447e-10
20260620,rk4,2,normal,10.0,True,3.5393130928262906e-06
20260620,rk4,2,normal,10.0,True,0.03304912499019297
20260620,rk4,2,normal,10.0,True,1.272208390190599e-06
20260620,rk4,2,normal,10.0,True,1.4893426292239553e-05
20260620,rk4,2,normal,10.0,True,1.4884383127199392
20260620,rk4,2,normal,10.0,True,5.386554233766105e-07
20260620,rk4,2,normal,10.0,True,0.015889413320720802
20260620,rk4,2,normal,10.0,True,1.4138345175783829
20260620,rk4,2,normal,10.0,True,0.001811890791894033
20260620,rk4,2,normal,10.0,True,0.012415929126128322
20260620,rk4,2,normal,10.0,True,1.0687661736774983
20260620,rk4,2,normal,10.0,True,0.4415756128212678
20260620,rk4,2,normal,10.0,True,4.3889114698103526e-07
20260620,rk4,2,normal,10.0,True,1.4893160722665062
20260620,rk4,2,normal,10.0,True,0.057931218835678866
20260620,rk4,2,normal,10.0,True,2.8050568209536664e-05
20260620,rk4,2,normal,10.0,True,0.00011338310817032848
20260620,rk4,2,normal,10.0,True,2.028094249824681
20260620,rk4,2,normal,10.0,True,0.14443024161840845
20260620,rk4,2,normal,10.0,True,2.426369325148059e-05
20260620,rk4,2,normal,1.0,True,3.259650396270075e-07
20260620,rk4,2,normal,1.0,True,8.013620855784609e-08
20260620,rk4,2,normal,1.0,True,1.0765650038102592e-07
20260620,rk4,2,normal,1.0,True,1.3835507672865788e-07
20260620,rk4,2,normal,1.0,True,1.8557908805671985e-05
20260620,rk4,2,normal,1.0,True,8.22111834164474e-08
20260620,rk4,2,normal,1.0,True,1.7612263283339757e-06
20260620,rk4,2,normal,1.0,True,5.06061688752002e-05
20260620,rk4,2,normal,1.0,True,8.232852457545903e-07
20260620,rk4,2,normal,1.0,True,1.401742458329025e-06
20260620,rk4,2,normal,1.0,True,2.6565171510561925e-05
20260620,rk4,2,normal,1.0,True,3.0198085785304585e-06
20260620,rk4,2,normal,1.0,True,8.777890214695105e-08
20260620,rk4,2,normal,1.0,True,8.333702682783439e-05
20260620,rk4,2,normal,1.0,True,1.140579329650393e-06
20260620,rk4,2,normal,1.0,True,2.2446901581929524e-07
20260620,rk4,2,normal,1.0,True,1.5693587407383802e-07
20260620,rk4,2,normal,1.0,True,8.415548261142547e-06
20260620,rk4,2,normal,1.0,True,1.317725339067266e-06
20260620,rk4,2,normal,1.0,True,1.3798520659413782e-07
20260620,rk4,3,changed_disclosed,10.0,True,7.288184557478299e-05
20260620,rk4,3,changed_disclosed,10.0,True,1.705831007262996e-06
20260620,rk4,3,changed_disclosed,10.0,True,0.01435244260499946
20260620,rk4,3,changed_disclosed,10.0,True,0.0038360654297528995
20260620,rk4,3,changed_disclosed,10.0,True,9.291664814004008e-06
20260620,rk4,3,changed_disclosed,10.0,True,0.009998258346506509
20260620,rk4,3,changed_disclosed,10.0,True,0.0005673860022300895
20260620,rk4,3,changed_disclosed,10.0,True,0.0695727484667108
20260620,rk4,3,changed_disclosed,10.0,True,9.471217656079982e-05
20260620,rk4,3,changed_disclosed,10.0,True,3.663995461078429e-05
20260620,rk4,3,changed_disclosed,10.0,True,3.7779406122003443e-06
20260620,rk4,3,changed_disclosed,10.0,True,6.680898997091234e-05
20260620,rk4,3,changed_disclosed,10.0,True,3.4340773455691455e-05
20260620,rk4,3,changed_disclosed,10.0,True,0.0013676230749526397
20260620,rk4,3,changed_disclosed,10.0,True,0.049119720467720875
20260620,rk4,3,changed_disclosed,10.0,True,8.558657060101874e-07
20260620,rk4,3,changed_disclosed,10.0,True,0.04256692239737333
20260620,rk4,3,changed_disclosed,10.0,True,0.005747041916345452
20260620,rk4,3,changed_disclosed,10.0,True,9.305742319491254e-05
20260620,rk4,3,changed_disclosed,10.0,True,0.21054005148495225
20260620,rk4,3,changed_disclosed,1.0,True,2.2339357902782333e-06
20260620,rk4,3,changed_disclosed,1.0,True,1.274077273312931e-08
20260620,rk4,3,changed_disclosed,1.0,True,1.8378353890587581e-07
20260620,rk4,3,changed_disclosed,1.0,True,2.3649953343844268e-07
20260620,rk4,3,changed_disclosed,1.0,True,2.852358356767818e-06
20260620,rk4,3,changed_disclosed,1.0,True,1.0855276731428868e-05
20260620,rk4,3,changed_disclosed,1.0,True,1.0498432311489836e-05
20260620,rk4,3,changed_disclosed,1.0,True,3.8817419500958295e-08
20260620,rk4,3,changed_disclosed,1.0,True,4.3589272563278785e-06
20260620,rk4,3,changed_disclosed,1.0,True,1.5361330853262227e-06
20260620,rk4,3,changed_disclosed,1.0,True,5.155874977328759e-07
20260620,rk4,3,changed_disclosed,1.0,True,1.5386162817450828e-05
20260620,rk4,3,changed_disclosed,1.0,True,5.9538255066845146e-08
20260620,rk4,3,changed_disclosed,1.0,True,5.12881873267664e-08
20260620,rk4,3,changed_disclosed,1.0,True,4.226090396149592e-08
20260620,rk4,3,changed_disclosed,1.0,True,6.449967463832233e-08
20260620,rk4,3,changed_disclosed,1.0,True,5.6570034985862584e-05
20260620,rk4,3,changed_disclosed,1.0,True,8.580716923667353e-07
20260620,rk4,3,changed_disclosed,1.0,True,8.016158493736233e-06
20260620,rk4,3,changed_disclosed,1.0,True,1.2071413977003212e-05
20260620,rk4,3,changed_hidden,10.0,True,3.8555265750398843e-07
20260620,rk4,3,changed_hidden,10.0,True,2.9226987792914844e-08
20260620,rk4,3,changed_hidden,10.0,True,2.9039538921675028e-08
20260620,rk4,3,changed_hidden,10.0,True,7.090341315985071e-05
20260620,rk4,3,changed_hidden,10.0,True,5.2418797447847014e-06
20260620,rk4,3,changed_hidden,10.0,True,2.4596950721396855e-05
20260620,rk4,3,changed_hidden,10.0,True,4.643148097116523e-07
20260620,rk4,3,changed_hidden,10.0,True,1.6037753171419904e-06
20260620,rk4,3,changed_hidden,10.0,True,1.4912424036358136e-08
20260620,rk4,3,changed_hidden,10.0,True,1.353878318196185e-06
20260620,rk4,3,changed_hidden,10.0,True,7.644647465276933e-06
20260620,rk4,3,changed_hidden,10.0,True,2.0807021883229027e-08
20260620,rk4,3,changed_hidden,10.0,True,1.1673439814785525e-07
20260620,rk4,3,changed_hidden,10.0,True,3.9697081500052654e-05
20260620,rk4,3,changed_hidden,10.0,True,1.8312878872587626e-07
20260620,rk4,3,changed_hidden,10.0,True,1.8904724156480295e-08
20260620,rk4,3,changed_hidden,10.0,True,3.285527016020732e-05
20260620,rk4,3,changed_hidden,10.0,True,3.719976297370901e-08
20260620,rk4,3,changed_hidden,10.0,True,8.423884317506255e-07
20260620,rk4,3,changed_hidden,10.0,True,1.7356600438371098e-07
20260620,rk4,3,changed_hidden,1.0,True,1.0248864423800796e-07
20260620,rk4,3,changed_hidden,1.0,True,2.105939496862182e-08
20260620,rk4,3,changed_hidden,1.0,True,3.9668618020035256e-09
20260620,rk4,3,changed_hidden,1.0,True,1.145859271171427e-07
20260620,rk4,3,changed_hidden,1.0,True,1.3026941022194667e-06
20260620,rk4,3,changed_hidden,1.0,True,1.6119673131124539e-06
20260620,rk4,3,changed_hidden,1.0,True,3.756685777271211e-09
20260620,rk4,3,changed_hidden,1.0,True,1.048839607757183e-08
20260620,rk4,3,changed_hidden,1.0,True,7.975687813891833e-09
20260620,rk4,3,changed_hidden,1.0,True,8.257443771716074e-07
20260620,rk4,3,changed_hidden,1.0,True,1.0378747412609357e-06
20260620,rk4,3,changed_hidden,1.0,True,6.291738522771577e-08
20260620,rk4,3,changed_hidden,1.0,True,8.91395280551895e-08
20260620,rk4,3,changed_hidden,1.0,True,5.438330800207798e-06
20260620,rk4,3,changed_hidden,1.0,True,3.065006914937385e-09
20260620,rk4,3,changed_hidden,1.0,True,4.089356557083572e-09
20260620,rk4,3,changed_hidden,1.0,True,6.000524912804413e-06
20260620,rk4,3,changed_hidden,1.0,True,2.6749640280598896e-08
20260620,rk4,3,changed_hidden,1.0,True,5.070571318377404e-07
20260620,rk4,3,changed_hidden,1.0,True,3.6033886097186496e-08
20260620,rk4,3,normal,10.0,True,0.7775498311011236
20260620,rk4,3,normal,10.0,True,0.0020412939705714748
20260620,rk4,3,normal,10.0,True,0.6735939858225981
20260620,rk4,3,normal,10.0,True,1.0657961100045767
20260620,rk4,3,normal,10.0,True,5.53698403683948e-05
20260620,rk4,3,normal,10.0,True,1.788050263362706e-05
20260620,rk4,3,normal,10.0,True,1.4899518837406684
20260620,rk4,3,normal,10.0,True,0.0001653729010762106
20260620,rk4,3,normal,10.0,True,0.039800945140221845
20260620,rk4,3,normal,10.0,True,0.5364977080022307
20260620,rk4,3,normal,10.0,True,0.012762280774604248
20260620,rk4,3,normal,10.0,True,0.05768720587133055
20260620,rk4,3,normal,10.0,True,1.5150944362906493
20260620,rk4,3,normal,10.0,True,1.4019568733294288
20260620,rk4,3,normal,10.0,True,1.073228647169126
20260620,rk4,3,normal,10.0,True,1.9896410348021352
20260620,rk4,3,normal,10.0,True,1.973658070968993
20260620,rk4,3,normal,10.0,True,0.006516713462794588
20260620,rk4,3,normal,10.0,True,7.440640543654453e-05
20260620,rk4,3,normal,10.0,True,0.03262398353705631
20260620,rk4,3,normal,1.0,True,0.00028962774914420564
20260620,rk4,3,normal,1.0,True,2.6149533175849154e-07
20260620,rk4,3,normal,1.0,True,1.283389358045876e-06
20260620,rk4,3,normal,1.0,True,1.2407581958010875e-05
20260620,rk4,3,normal,1.0,True,6.168198014577797e-07
20260620,rk4,3,normal,1.0,True,3.3775319563389417e-07
20260620,rk4,3,normal,1.0,True,8.317135369129147e-05
20260620,rk4,3,normal,1.0,True,3.2458184840618762e-06
20260620,rk4,3,normal,1.0,True,2.845170254062168e-06
20260620,rk4,3,normal,1.0,True,1.9980462330574746e-06
20260620,rk4,3,normal,1.0,True,2.0550950785569455e-06
20260620,rk4,3,normal,1.0,True,3.310838612469169e-05
20260620,rk4,3,normal,1.0,True,8.549379086157197e-07
20260620,rk4,3,normal,1.0,True,6.173537885375187e-05
20260620,rk4,3,normal,1.0,True,5.3685406626868826e-06
20260620,rk4,3,normal,1.0,True,0.008867074953302781
20260620,rk4,3,normal,1.0,True,3.0082432700269852e-05
20260620,rk4,3,normal,1.0,True,1.445423533456373e-06
20260620,rk4,3,normal,1.0,True,7.330658299646112e-07
20260620,rk4,3,normal,1.0,True,3.6361022104358653e-07
20260620,symplectic,1,changed_disclosed,10.0,True,0.00018247370354496084
20260620,symplectic,1,changed_disclosed,10.0,True,0.0009983015545271812
20260620,symplectic,1,changed_disclosed,10.0,True,0.00010757245482562183
20260620,symplectic,1,changed_disclosed,10.0,True,0.00016602712204694114
20260620,symplectic,1,changed_disclosed,10.0,True,0.0006023035848268243
20260620,symplectic,1,changed_disclosed,10.0,True,7.697897194169911e-05
20260620,symplectic,1,changed_disclosed,10.0,True,0.0013949330578491015
20260620,symplectic,1,changed_disclosed,10.0,True,0.0010751930908425855
20260620,symplectic,1,changed_disclosed,10.0,True,0.0009394230856996089
20260620,symplectic,1,changed_disclosed,10.0,True,0.00018783763611995852
20260620,symplectic,1,changed_disclosed,10.0,True,0.0004701218204132829
20260620,symplectic,1,changed_disclosed,10.0,True,0.0006294679598264352
20260620,symplectic,1,changed_disclosed,10.0,True,0.000651956429085665
20260620,symplectic,1,changed_disclosed,10.0,True,0.0022046664488515333
20260620,symplectic,1,changed_disclosed,10.0,True,0.0003449138318378786
20260620,symplectic,1,changed_disclosed,10.0,True,0.0005890875637843962
20260620,symplectic,1,changed_disclosed,10.0,True,0.00020330703743987044
20260620,symplectic,1,changed_disclosed,10.0,True,0.0012664715879822097
20260620,symplectic,1,changed_disclosed,10.0,True,0.000758810483453054
20260620,symplectic,1,changed_disclosed,10.0,True,0.0007146816551046875
20260620,symplectic,1,changed_disclosed,1.0,True,2.4712130604065408e-05
20260620,symplectic,1,changed_disclosed,1.0,True,7.302678038456634e-05
20260620,symplectic,1,changed_disclosed,1.0,True,9.415941641899295e-05
20260620,symplectic,1,changed_disclosed,1.0,True,3.869402412437495e-05
20260620,symplectic,1,changed_disclosed,1.0,True,6.256348819722035e-05
20260620,symplectic,1,changed_disclosed,1.0,True,7.0345009328676156e-06
20260620,symplectic,1,changed_disclosed,1.0,True,7.577698026350888e-05
20260620,symplectic,1,changed_disclosed,1.0,True,4.481674614265074e-05
20260620,symplectic,1,changed_disclosed,1.0,True,2.0720597542656094e-05
20260620,symplectic,1,changed_disclosed,1.0,True,4.025332621315769e-05
20260620,symplectic,1,changed_disclosed,1.0,True,2.1617707555598997e-05
20260620,symplectic,1,changed_disclosed,1.0,True,8.120156261037792e-05
20260620,symplectic,1,changed_disclosed,1.0,True,5.5770087652007305e-05
20260620,symplectic,1,changed_disclosed,1.0,True,7.165912974915756e-05
20260620,symplectic,1,changed_disclosed,1.0,True,3.412704199412531e-05
20260620,symplectic,1,changed_disclosed,1.0,True,2.7761565926986975e-05
20260620,symplectic,1,changed_disclosed,1.0,True,3.8220804699840016e-05
20260620,symplectic,1,changed_disclosed,1.0,True,5.464338251082168e-05
20260620,symplectic,1,changed_disclosed,1.0,True,6.010002140932613e-05
20260620,symplectic,1,changed_disclosed,1.0,True,8.041072251785408e-05
20260620,symplectic,1,changed_hidden,10.0,True,0.00018156064981855735
20260620,symplectic,1,changed_hidden,10.0,True,0.000253736500339663
20260620,symplectic,1,changed_hidden,10.0,True,0.00014426142419710075
20260620,symplectic,1,changed_hidden,10.0,True,0.0006021952469934533
20260620,symplectic,1,changed_hidden,10.0,True,0.0010566018003559385
20260620,symplectic,1,changed_hidden,10.0,True,2.4120582802211743e-05
20260620,symplectic,1,changed_hidden,10.0,True,0.0007835786880447948
20260620,symplectic,1,changed_hidden,10.0,True,0.0007333416071970689
20260620,symplectic,1,changed_hidden,10.0,True,0.0004504447545392587
20260620,symplectic,1,changed_hidden,10.0,True,0.0007877689033541913
20260620,symplectic,1,changed_hidden,10.0,True,0.00018015552873595908
20260620,symplectic,1,changed_hidden,10.0,True,0.0001656366330502479
20260620,symplectic,1,changed_hidden,10.0,True,0.00022457524677976792
20260620,symplectic,1,changed_hidden,10.0,True,0.00010539107050711038
20260620,symplectic,1,changed_hidden,10.0,True,0.00010366728097066513
20260620,symplectic,1,changed_hidden,10.0,True,0.00031325045254471107
20260620,symplectic,1,changed_hidden,10.0,True,0.000397618416387413
20260620,symplectic,1,changed_hidden,10.0,True,0.0009591114300389059
20260620,symplectic,1,changed_hidden,10.0,True,0.0008797098261403846
20260620,symplectic,1,changed_hidden,10.0,True,0.00010985190150103463
20260620,symplectic,1,changed_hidden,1.0,True,0.0001261423306240239
20260620,symplectic,1,changed_hidden,1.0,True,7.696435902859733e-05
20260620,symplectic,1,changed_hidden,1.0,True,2.842519051737824e-05
20260620,symplectic,1,changed_hidden,1.0,True,0.00045262523283851053
20260620,symplectic,1,changed_hidden,1.0,True,0.00045001735838878787
20260620,symplectic,1,changed_hidden,1.0,True,5.6735055959489245e-05
20260620,symplectic,1,changed_hidden,1.0,True,0.00023766754748111296
20260620,symplectic,1,changed_hidden,1.0,True,0.00019320811720957565
20260620,symplectic,1,changed_hidden,1.0,True,9.005316166410537e-05
20260620,symplectic,1,changed_hidden,1.0,True,0.00019072473750325614
20260620,symplectic,1,changed_hidden,1.0,True,3.72997303861311e-05
20260620,symplectic,1,changed_hidden,1.0,True,0.00010662532631444677
20260620,symplectic,1,changed_hidden,1.0,True,3.345060319626114e-05
20260620,symplectic,1,changed_hidden,1.0,True,6.573657012154399e-05
20260620,symplectic,1,changed_hidden,1.0,True,7.81980330506471e-05
20260620,symplectic,1,changed_hidden,1.0,True,8.510014999796311e-06
20260620,symplectic,1,changed_hidden,1.0,True,1.1562977572321387e-05
20260620,symplectic,1,changed_hidden,1.0,True,0.0004915773315219418
20260620,symplectic,1,changed_hidden,1.0,True,0.0005091977657842861
20260620,symplectic,1,changed_hidden,1.0,True,3.22056945596394e-05
20260620,symplectic,1,normal,10.0,True,0.014394797218445277
20260620,symplectic,1,normal,10.0,True,0.000811902257797037
20260620,symplectic,1,normal,10.0,True,0.001279006652791459
20260620,symplectic,1,normal,10.0,True,8.452992183771713e-05
20260620,symplectic,1,normal,10.0,True,0.00045995971485623954
20260620,symplectic,1,normal,10.0,True,0.0013874988119741971
20260620,symplectic,1,normal,10.0,True,0.002339416308682285
20260620,symplectic,1,normal,10.0,True,0.00029692349808696505
20260620,symplectic,1,normal,10.0,True,0.0006136525549802485
20260620,symplectic,1,normal,10.0,True,0.0005532605743572283
20260620,symplectic,1,normal,10.0,True,8.058181709458268e-05
20260620,symplectic,1,normal,10.0,True,0.00017545025800380643
20260620,symplectic,1,normal,10.0,True,0.004220565542851329
20260620,symplectic,1,normal,10.0,True,0.0004833645612452031
20260620,symplectic,1,normal,10.0,True,0.0001551103499721762
20260620,symplectic,1,normal,10.0,True,0.00039143241782735316
20260620,symplectic,1,normal,10.0,True,0.00043332153818465
20260620,symplectic,1,normal,10.0,True,2.6969006445387578e-05
20260620,symplectic,1,normal,10.0,True,6.575785252849187e-05
20260620,symplectic,1,normal,10.0,True,0.002626305600933243
20260620,symplectic,1,normal,1.0,True,3.250338789850815e-05
20260620,symplectic,1,normal,1.0,True,5.133372140209147e-05
20260620,symplectic,1,normal,1.0,True,0.000419056162822784
20260620,symplectic,1,normal,1.0,True,5.1175878665876695e-05
20260620,symplectic,1,normal,1.0,True,3.6262932655795055e-05
20260620,symplectic,1,normal,1.0,True,0.00018908817772222974
20260620,symplectic,1,normal,1.0,True,2.0256300323318044e-05
20260620,symplectic,1,normal,1.0,True,3.39820491621623e-05
20260620,symplectic,1,normal,1.0,True,2.8916428116865234e-05
20260620,symplectic,1,normal,1.0,True,4.519749036813181e-05
20260620,symplectic,1,normal,1.0,True,0.00018667936010885455
20260620,symplectic,1,normal,1.0,True,5.3482722008002526e-05
20260620,symplectic,1,normal,1.0,True,0.0006222916323070926
20260620,symplectic,1,normal,1.0,True,4.436709926691762e-05
20260620,symplectic,1,normal,1.0,True,1.4507636256322343e-05
20260620,symplectic,1,normal,1.0,True,5.424194346925759e-05
20260620,symplectic,1,normal,1.0,True,8.998204202148585e-05
20260620,symplectic,1,normal,1.0,True,3.003879754270855e-06
20260620,symplectic,1,normal,1.0,True,5.020725295912243e-05
20260620,symplectic,1,normal,1.0,True,0.000730284030077577
20260620,symplectic,2,changed_disclosed,10.0,True,0.05351662388240497
20260620,symplectic,2,changed_disclosed,10.0,True,0.004088377068411031
20260620,symplectic,2,changed_disclosed,10.0,True,0.01771326625057501
20260620,symplectic,2,changed_disclosed,10.0,True,0.1715211458140793
20260620,symplectic,2,changed_disclosed,10.0,True,0.00025224243238120003
20260620,symplectic,2,changed_disclosed,10.0,True,0.000431651044451975
20260620,symplectic,2,changed_disclosed,10.0,True,0.589360282439297
20260620,symplectic,2,changed_disclosed,10.0,True,0.0020217268594393545
20260620,symplectic,2,changed_disclosed,10.0,True,0.003602304762181152
20260620,symplectic,2,changed_disclosed,10.0,True,0.002800103381728869
20260620,symplectic,2,changed_disclosed,10.0,True,0.5691130237939981
20260620,symplectic,2,changed_disclosed,10.0,True,0.1560574585112997
20260620,symplectic,2,changed_disclosed,10.0,True,0.7553234135194069
20260620,symplectic,2,changed_disclosed,10.0,True,1.2878599305276175
20260620,symplectic,2,changed_disclosed,10.0,True,0.005522365078094671
20260620,symplectic,2,changed_disclosed,10.0,True,0.6284750314825152
20260620,symplectic,2,changed_disclosed,10.0,True,0.0638965032445129
20260620,symplectic,2,changed_disclosed,10.0,True,1.263026929506814
20260620,symplectic,2,changed_disclosed,10.0,True,0.007941159728307667
20260620,symplectic,2,changed_disclosed,10.0,True,0.12581113925971144
20260620,symplectic,2,changed_disclosed,1.0,True,0.002956665645530876
20260620,symplectic,2,changed_disclosed,1.0,True,0.0017707698588285137
20260620,symplectic,2,changed_disclosed,1.0,True,0.0007611062960517501
20260620,symplectic,2,changed_disclosed,1.0,True,0.012928101507986955
20260620,symplectic,2,changed_disclosed,1.0,True,7.557719094086757e-05
20260620,symplectic,2,changed_disclosed,1.0,True,0.00016807440174049226
20260620,symplectic,2,changed_disclosed,1.0,True,0.006738508426688661
20260620,symplectic,2,changed_disclosed,1.0,True,0.0011349633013324478
20260620,symplectic,2,changed_disclosed,1.0,True,0.0008699975988586406
20260620,symplectic,2,changed_disclosed,1.0,True,0.0004692951120528477
20260620,symplectic,2,changed_disclosed,1.0,True,0.0037670144895827207
20260620,symplectic,2,changed_disclosed,1.0,True,0.027201191490165755
20260620,symplectic,2,changed_disclosed,1.0,True,0.01126898502264817
20260620,symplectic,2,changed_disclosed,1.0,True,0.007254000995207566
20260620,symplectic,2,changed_disclosed,1.0,True,0.0015545862374835018
20260620,symplectic,2,changed_disclosed,1.0,True,0.008956251579837371
20260620,symplectic,2,changed_disclosed,1.0,True,0.005445785960438876
20260620,symplectic,2,changed_disclosed,1.0,True,0.005198644286921628
20260620,symplectic,2,changed_disclosed,1.0,True,0.0008466747432649413
20260620,symplectic,2,changed_disclosed,1.0,True,0.0023743214411566793
20260620,symplectic,2,changed_hidden,10.0,True,0.016269708520085135
20260620,symplectic,2,changed_hidden,10.0,True,0.0024144552707439093
20260620,symplectic,2,changed_hidden,10.0,True,0.014351165069662608
20260620,symplectic,2,changed_hidden,10.0,True,0.2822377784181307
20260620,symplectic,2,changed_hidden,10.0,True,0.0008728062483929211
20260620,symplectic,2,changed_hidden,10.0,True,0.0016785092988995665
20260620,symplectic,2,changed_hidden,10.0,True,0.00511084803887063
20260620,symplectic,2,changed_hidden,10.0,True,0.0019406352123465531
20260620,symplectic,2,changed_hidden,10.0,True,0.07087079224241144
20260620,symplectic,2,changed_hidden,10.0,True,0.0368535252974842
20260620,symplectic,2,changed_hidden,10.0,True,0.21215606332165882
20260620,symplectic,2,changed_hidden,10.0,True,0.22355694390193448
20260620,symplectic,2,changed_hidden,10.0,True,0.1478041785297013
20260620,symplectic,2,changed_hidden,10.0,True,0.10649868802755225
20260620,symplectic,2,changed_hidden,10.0,True,0.025834252873815133
20260620,symplectic,2,changed_hidden,10.0,True,0.15081614481591443
20260620,symplectic,2,changed_hidden,10.0,True,0.00016552183685480948
20260620,symplectic,2,changed_hidden,10.0,True,5.849298086668675e-05
20260620,symplectic,2,changed_hidden,10.0,True,0.2923437898439516
20260620,symplectic,2,changed_hidden,10.0,True,2.6898207052594714e-05
20260620,symplectic,2,changed_hidden,1.0,True,0.004133680979021115
20260620,symplectic,2,changed_hidden,1.0,True,0.008841230587590454
20260620,symplectic,2,changed_hidden,1.0,True,0.004862210707913928
20260620,symplectic,2,changed_hidden,1.0,True,0.002125020739117467
20260620,symplectic,2,changed_hidden,1.0,True,8.564720915593682e-05
20260620,symplectic,2,changed_hidden,1.0,True,0.0010882012676440844
20260620,symplectic,2,changed_hidden,1.0,True,0.009282597062820086
20260620,symplectic,2,changed_hidden,1.0,True,0.0016842060893083044
20260620,symplectic,2,changed_hidden,1.0,True,0.004331280738930632
20260620,symplectic,2,changed_hidden,1.0,True,0.009101589620301276
20260620,symplectic,2,changed_hidden,1.0,True,0.015245344600932853
20260620,symplectic,2,changed_hidden,1.0,True,0.0028689408952318196
20260620,symplectic,2,changed_hidden,1.0,True,0.014246113366467084
20260620,symplectic,2,changed_hidden,1.0,True,0.015263468405525948
20260620,symplectic,2,changed_hidden,1.0,True,0.009796428960428427
20260620,symplectic,2,changed_hidden,1.0,True,0.019667864643094557
20260620,symplectic,2,changed_hidden,1.0,True,7.238508761719942e-05
20260620,symplectic,2,changed_hidden,1.0,True,4.477121658030825e-05
20260620,symplectic,2,changed_hidden,1.0,True,0.029958872156904404
20260620,symplectic,2,changed_hidden,1.0,True,1.515816471231446e-05
20260620,symplectic,2,normal,10.0,True,0.0610569863798216
20260620,symplectic,2,normal,10.0,True,2.3147036159039285
20260620,symplectic,2,normal,10.0,True,0.13303072799771876
20260620,symplectic,2,normal,10.0,True,1.4408039515195734
20260620,symplectic,2,normal,10.0,True,1.0184983006749029
20260620,symplectic,2,normal,10.0,True,0.03839368700691326
20260620,symplectic,2,normal,10.0,True,1.2970055684733086
20260620,symplectic,2,normal,10.0,True,1.811570016695034
20260620,symplectic,2,normal,10.0,True,0.29297138949264756
20260620,symplectic,2,normal,10.0,True,1.687273334330396
20260620,symplectic,2,normal,10.0,True,0.9999855426146862
20260620,symplectic,2,normal,10.0,True,1.6540037219511703
20260620,symplectic,2,normal,10.0,True,0.32231484459568804
20260620,symplectic,2,normal,10.0,True,0.7909128108448549
20260620,symplectic,2,normal,10.0,True,0.9905861303422299
20260620,symplectic,2,normal,10.0,True,0.7691673011782811
20260620,symplectic,2,normal,10.0,True,1.3004464428555078
20260620,symplectic,2,normal,10.0,True,1.2080368767354306
20260620,symplectic,2,normal,10.0,True,1.7206200264909675
20260620,symplectic,2,normal,10.0,True,0.9732891024839453
20260620,symplectic,2,normal,1.0,True,0.05557241085725373
20260620,symplectic,2,normal,1.0,True,0.031605948434188846
20260620,symplectic,2,normal,1.0,True,0.011954756034570746
20260620,symplectic,2,normal,1.0,True,0.025704566963091535
20260620,symplectic,2,normal,1.0,True,0.09859596609951837
20260620,symplectic,2,normal,1.0,True,0.005225478809391948
20260620,symplectic,2,normal,1.0,True,0.05563723782908725
20260620,symplectic,2,normal,1.0,True,0.14487283593668998
20260620,symplectic,2,normal,1.0,True,0.08585594243204309
20260620,symplectic,2,normal,1.0,True,0.1679551819911611
20260620,symplectic,2,normal,1.0,True,0.22286151034284885
20260620,symplectic,2,normal,1.0,True,0.01853890769669242
20260620,symplectic,2,normal,1.0,True,0.0040252053567144674
20260620,symplectic,2,normal,1.0,True,0.654574047970744
20260620,symplectic,2,normal,1.0,True,0.15921574086931667
20260620,symplectic,2,normal,1.0,True,0.011634001769068592
20260620,symplectic,2,normal,1.0,True,0.01805026604387483
20260620,symplectic,2,normal,1.0,True,0.05242114270231668
20260620,symplectic,2,normal,1.0,True,0.07814687719868152
20260620,symplectic,2,normal,1.0,True,0.02728013191952794
20260620,symplectic,3,changed_disclosed,10.0,True,0.42091871870441694
20260620,symplectic,3,changed_disclosed,10.0,True,0.1437280743404976
20260620,symplectic,3,changed_disclosed,10.0,True,0.7228729069317344
20260620,symplectic,3,changed_disclosed,10.0,True,1.3531293999087026
20260620,symplectic,3,changed_disclosed,10.0,True,0.5233031125414151
20260620,symplectic,3,changed_disclosed,10.0,True,0.6126454072017271
20260620,symplectic,3,changed_disclosed,10.0,True,1.0906758432277874
20260620,symplectic,3,changed_disclosed,10.0,True,0.7331243586418332
20260620,symplectic,3,changed_disclosed,10.0,True,0.7649854359626708
20260620,symplectic,3,changed_disclosed,10.0,True,1.0231716912763684
20260620,symplectic,3,changed_disclosed,10.0,True,0.23366042737621942
20260620,symplectic,3,changed_disclosed,10.0,True,0.8720712425552904
20260620,symplectic,3,changed_disclosed,10.0,True,0.857651563261709
20260620,symplectic,3,changed_disclosed,10.0,True,0.360559482123526
20260620,symplectic,3,changed_disclosed,10.0,True,0.903729638690607
20260620,symplectic,3,changed_disclosed,10.0,True,0.14431417281626535
20260620,symplectic,3,changed_disclosed,10.0,True,0.9770433023953865
20260620,symplectic,3,changed_disclosed,10.0,True,1.265145637714393
20260620,symplectic,3,changed_disclosed,10.0,True,0.41257608589470846
20260620,symplectic,3,changed_disclosed,10.0,True,1.1569465214042165
20260620,symplectic,3,changed_disclosed,1.0,True,0.024831724271664246
20260620,symplectic,3,changed_disclosed,1.0,True,0.011315231620949865
20260620,symplectic,3,changed_disclosed,1.0,True,0.02147344735585281
20260620,symplectic,3,changed_disclosed,1.0,True,0.04134753435314783
20260620,symplectic,3,changed_disclosed,1.0,True,0.028795589504764685
20260620,symplectic,3,changed_disclosed,1.0,True,0.1566932034947932
20260620,symplectic,3,changed_disclosed,1.0,True,0.044973367252387174
20260620,symplectic,3,changed_disclosed,1.0,True,0.01394746775601489
20260620,symplectic,3,changed_disclosed,1.0,True,0.038936419215360875
20260620,symplectic,3,changed_disclosed,1.0,True,0.03533794653546263
20260620,symplectic,3,changed_disclosed,1.0,True,0.02429010729153062
20260620,symplectic,3,changed_disclosed,1.0,True,0.10258223483896156
20260620,symplectic,3,changed_disclosed,1.0,True,0.02941786971647309
20260620,symplectic,3,changed_disclosed,1.0,True,0.010612373697037528
20260620,symplectic,3,changed_disclosed,1.0,True,0.0319072481784571
20260620,symplectic,3,changed_disclosed,1.0,True,0.005529731891914451
20260620,symplectic,3,changed_disclosed,1.0,True,0.09304335950481073
20260620,symplectic,3,changed_disclosed,1.0,True,0.02507061512614106
20260620,symplectic,3,changed_disclosed,1.0,True,0.04761302112897544
20260620,symplectic,3,changed_disclosed,1.0,True,0.05454801827796333
20260620,symplectic,3,changed_hidden,10.0,True,0.09923953317258401
20260620,symplectic,3,changed_hidden,10.0,True,0.0031997402461045135
20260620,symplectic,3,changed_hidden,10.0,True,0.009863418359930876
20260620,symplectic,3,changed_hidden,10.0,True,0.31332487268901943
20260620,symplectic,3,changed_hidden,10.0,True,0.2229593515691155
20260620,symplectic,3,changed_hidden,10.0,True,0.18311815814366073
20260620,symplectic,3,changed_hidden,10.0,True,0.8371766740861727
20260620,symplectic,3,changed_hidden,10.0,True,0.032426932220201245
20260620,symplectic,3,changed_hidden,10.0,True,0.0051039533295174815
20260620,symplectic,3,changed_hidden,10.0,True,0.12791491959369136
20260620,symplectic,3,changed_hidden,10.0,True,0.050224137643803214
20260620,symplectic,3,changed_hidden,10.0,True,0.019871501070313585
20260620,symplectic,3,changed_hidden,10.0,True,0.08233613516291305
20260620,symplectic,3,changed_hidden,10.0,True,0.7982576802311541
20260620,symplectic,3,changed_hidden,10.0,True,0.04894656012969797
20260620,symplectic,3,changed_hidden,10.0,True,0.0011613905013999986
20260620,symplectic,3,changed_hidden,10.0,True,0.9767195274374475
20260620,symplectic,3,changed_hidden,10.0,True,0.051351124195054755
20260620,symplectic,3,changed_hidden,10.0,True,0.05591103213330036
20260620,symplectic,3,changed_hidden,10.0,True,0.05060692581790841
20260620,symplectic,3,changed_hidden,1.0,True,0.005583582661129238
20260620,symplectic,3,changed_hidden,1.0,True,0.0026749365879449685
20260620,symplectic,3,changed_hidden,1.0,True,0.001159569355684879
20260620,symplectic,3,changed_hidden,1.0,True,0.019334067291397083
20260620,symplectic,3,changed_hidden,1.0,True,0.08786244268147743
20260620,symplectic,3,changed_hidden,1.0,True,0.039215013404730215
20260620,symplectic,3,changed_hidden,1.0,True,0.0017625478855830916
20260620,symplectic,3,changed_hidden,1.0,True,0.004882386009133821
20260620,symplectic,3,changed_hidden,1.0,True,0.00047173812090850475
20260620,symplectic,3,changed_hidden,1.0,True,0.05007438070756217
20260620,symplectic,3,changed_hidden,1.0,True,0.03087824368211578
20260620,symplectic,3,changed_hidden,1.0,True,0.01128686922300807
20260620,symplectic,3,changed_hidden,1.0,True,0.008383848673886826
20260620,symplectic,3,changed_hidden,1.0,True,0.04249903383671061
20260620,symplectic,3,changed_hidden,1.0,True,0.0014221533998803142
20260620,symplectic,3,changed_hidden,1.0,True,0.000508161309541677
20260620,symplectic,3,changed_hidden,1.0,True,0.07492029964416025
20260620,symplectic,3,changed_hidden,1.0,True,0.008391590839741022
20260620,symplectic,3,changed_hidden,1.0,True,0.01965153036286882
20260620,symplectic,3,changed_hidden,1.0,True,0.006539744003191572
20260620,symplectic,3,normal,10.0,True,0.9761972873595468
20260620,symplectic,3,normal,10.0,True,0.14758203244164272
20260620,symplectic,3,normal,10.0,True,1.886630898566051
20260620,symplectic,3,normal,10.0,True,0.847446136862521
20260620,symplectic,3,normal,10.0,True,1.025308463573249
20260620,symplectic,3,normal,10.0,True,0.45941939514739677
20260620,symplectic,3,normal,10.0,True,1.563623958111754
20260620,symplectic,3,normal,10.0,True,0.3170082660505007
20260620,symplectic,3,normal,10.0,True,0.33553735754743047
20260620,symplectic,3,normal,10.0,True,1.0715781363763304
20260620,symplectic,3,normal,10.0,True,0.41104358917573336
20260620,symplectic,3,normal,10.0,True,1.509659809226416
20260620,symplectic,3,normal,10.0,True,0.9180495992802514
20260620,symplectic,3,normal,10.0,True,0.8646374049859723
20260620,symplectic,3,normal,10.0,True,1.5443554415677563
20260620,symplectic,3,normal,10.0,True,1.6724865976591705
20260620,symplectic,3,normal,10.0,True,1.4798768387167514
20260620,symplectic,3,normal,10.0,True,1.1618650689627017
20260620,symplectic,3,normal,10.0,True,0.30467762707500884
20260620,symplectic,3,normal,10.0,True,1.0457923590619254
20260620,symplectic,3,normal,1.0,True,0.4631215552738304
20260620,symplectic,3,normal,1.0,True,0.016974637380304063
20260620,symplectic,3,normal,1.0,True,0.01239388044241041
20260620,symplectic,3,normal,1.0,True,0.3665555841881248
20260620,symplectic,3,normal,1.0,True,0.042021580678078596
20260620,symplectic,3,normal,1.0,True,0.011100658897186774
20260620,symplectic,3,normal,1.0,True,0.3210243550687408
20260620,symplectic,3,normal,1.0,True,0.06974686319672523
20260620,symplectic,3,normal,1.0,True,0.055854990309264586
20260620,symplectic,3,normal,1.0,True,0.03799354694538811
20260620,symplectic,3,normal,1.0,True,0.048234842744848606
20260620,symplectic,3,normal,1.0,True,0.12586868973232926
20260620,symplectic,3,normal,1.0,True,0.023962595589776054
20260620,symplectic,3,normal,1.0,True,0.04693526845707918
20260620,symplectic,3,normal,1.0,True,0.06888684494768678
20260620,symplectic,3,normal,1.0,True,2.191001033592741
20260620,symplectic,3,normal,1.0,True,0.12253273161074348
20260620,symplectic,3,normal,1.0,True,0.053802499513189016
20260620,symplectic,3,normal,1.0,True,0.025981392642614082
20260620,symplectic,3,normal,1.0,True,0.05459917891838151
20260620,euler,1,changed_disclosed,10.0,True,0.04250685492144912
20260620,euler,1,changed_disclosed,10.0,True,1.1684439386496468
20260620,euler,1,changed_disclosed,10.0,True,0.009314611934867045
20260620,euler,1,changed_disclosed,10.0,True,0.061217008585677135
20260620,euler,1,changed_disclosed,10.0,True,0.10303530576374786
20260620,euler,1,changed_disclosed,10.0,True,0.15476133957073968
20260620,euler,1,changed_disclosed,10.0,True,0.9361441689800296
20260620,euler,1,changed_disclosed,10.0,True,0.7062354610556021
20260620,euler,1,changed_disclosed,10.0,True,0.7793931349263317
20260620,euler,1,changed_disclosed,10.0,True,0.08833936847002333
20260620,euler,1,changed_disclosed,10.0,True,0.39606108408656837
20260620,euler,1,changed_disclosed,10.0,True,0.6277149746772457
20260620,euler,1,changed_disclosed,10.0,True,0.13558313584465997
20260620,euler,1,changed_disclosed,10.0,True,1.8323367492649671
20260620,euler,1,changed_disclosed,10.0,True,0.2533654637623046
20260620,euler,1,changed_disclosed,10.0,True,0.48678603169008827
20260620,euler,1,changed_disclosed,10.0,True,0.08332337638724674
20260620,euler,1,changed_disclosed,10.0,True,0.8497022020155667
20260620,euler,1,changed_disclosed,10.0,True,1.0092864795068968
20260620,euler,1,changed_disclosed,10.0,True,0.42276921064264306
20260620,euler,1,changed_disclosed,1.0,True,0.0020459253577582714
20260620,euler,1,changed_disclosed,1.0,True,0.013223869015282386
20260620,euler,1,changed_disclosed,1.0,True,0.010430293378258515
20260620,euler,1,changed_disclosed,1.0,True,0.004729297005677591
20260620,euler,1,changed_disclosed,1.0,True,0.008357823934955544
20260620,euler,1,changed_disclosed,1.0,True,0.01644879021787471
20260620,euler,1,changed_disclosed,1.0,True,0.013689870734811205
20260620,euler,1,changed_disclosed,1.0,True,0.01562763188851468
20260620,euler,1,changed_disclosed,1.0,True,0.019838973902273516
20260620,euler,1,changed_disclosed,1.0,True,0.002372378302960332
20260620,euler,1,changed_disclosed,1.0,True,0.020211976955476718
20260620,euler,1,changed_disclosed,1.0,True,0.010671262956650551
20260620,euler,1,changed_disclosed,1.0,True,0.009698422362012238
20260620,euler,1,changed_disclosed,1.0,True,0.004589808036453924
20260620,euler,1,changed_disclosed,1.0,True,0.020047998012754142
20260620,euler,1,changed_disclosed,1.0,True,0.020202762072735858
20260620,euler,1,changed_disclosed,1.0,True,0.0026114240027017566
20260620,euler,1,changed_disclosed,1.0,True,0.014996801405580129
20260620,euler,1,changed_disclosed,1.0,True,0.01372959543391783
20260620,euler,1,changed_disclosed,1.0,True,0.013914569117971176
20260620,euler,1,changed_hidden,10.0,True,0.002782690750812389
20260620,euler,1,changed_hidden,10.0,True,0.001330774931864731
20260620,euler,1,changed_hidden,10.0,True,0.0015755982562830617
20260620,euler,1,changed_hidden,10.0,True,0.010108175898168703
20260620,euler,1,changed_hidden,10.0,True,0.0021105290409471067
20260620,euler,1,changed_hidden,10.0,True,0.003476725590871421
20260620,euler,1,changed_hidden,10.0,True,0.0033363506162826795
20260620,euler,1,changed_hidden,10.0,True,0.00451126848686334
20260620,euler,1,changed_hidden,10.0,True,0.011282644632546024
20260620,euler,1,changed_hidden,10.0,True,0.005404699296974069
20260620,euler,1,changed_hidden,10.0,True,0.0018634727290596231
20260620,euler,1,changed_hidden,10.0,True,0.0021000421881023357
20260620,euler,1,changed_hidden,10.0,True,0.0029673506886069845
20260620,euler,1,changed_hidden,10.0,True,0.001227921506341989
20260620,euler,1,changed_hidden,10.0,True,0.0019220003119904128
20260620,euler,1,changed_hidden,10.0,True,0.006550385482073651
20260620,euler,1,changed_hidden,10.0,True,0.007038574384929053
20260620,euler,1,changed_hidden,10.0,True,0.005789742300127632
20260620,euler,1,changed_hidden,10.0,True,0.007966816568948598
20260620,euler,1,changed_hidden,10.0,True,0.0039671441469435464
20260620,euler,1,changed_hidden,1.0,True,0.001169225459081158
20260620,euler,1,changed_hidden,1.0,True,0.00034975742305354274
20260620,euler,1,changed_hidden,1.0,True,0.0005094891595733841
20260620,euler,1,changed_hidden,1.0,True,0.004082425083695274
20260620,euler,1,changed_hidden,1.0,True,0.0012587893779714143
20260620,euler,1,changed_hidden,1.0,True,0.0013103821674489424
20260620,euler,1,changed_hidden,1.0,True,0.0008953653777989956
20260620,euler,1,changed_hidden,1.0,True,0.0013839159965640668
20260620,euler,1,changed_hidden,1.0,True,0.0043357777131642905
20260620,euler,1,changed_hidden,1.0,True,0.00174259977341773
20260620,euler,1,changed_hidden,1.0,True,0.0005977502393905709
20260620,euler,1,changed_hidden,1.0,True,0.0009009246106899127
20260620,euler,1,changed_hidden,1.0,True,0.000996027417450307
20260620,euler,1,changed_hidden,1.0,True,0.0005329377641429822
20260620,euler,1,changed_hidden,1.0,True,0.0007954209953884295
20260620,euler,1,changed_hidden,1.0,True,0.0023629210425957226
20260620,euler,1,changed_hidden,1.0,True,0.002528060330869053
20260620,euler,1,changed_hidden,1.0,True,0.0025885038015749373
20260620,euler,1,changed_hidden,1.0,True,0.0033536230041630866
20260620,euler,1,changed_hidden,1.0,True,0.0014488063798454576
20260620,euler,1,normal,10.0,True,2.060403677532225
20260620,euler,1,normal,10.0,True,1.4669071940504246
20260620,euler,1,normal,10.0,True,1.7561785416078761
20260620,euler,1,normal,10.0,True,0.31629692943830356
20260620,euler,1,normal,10.0,True,2.311509415393034
20260620,euler,1,normal,10.0,True,1.3523838740260619
20260620,euler,1,normal,10.0,True,1.2822233531797878
20260620,euler,1,normal,10.0,True,0.16159616889732265
20260620,euler,1,normal,10.0,True,1.046471216289138
20260620,euler,1,normal,10.0,True,0.26032268189247176
20260620,euler,1,normal,10.0,True,0.29678763281484066
20260620,euler,1,normal,10.0,True,0.40581054832706664
20260620,euler,1,normal,10.0,True,1.077555909321454
20260620,euler,1,normal,10.0,True,0.18475491567108948
20260620,euler,1,normal,10.0,True,1.398007681801322
20260620,euler,1,normal,10.0,True,2.4322397435827625
20260620,euler,1,normal,10.0,True,0.7089304748594358
20260620,euler,1,normal,10.0,True,0.018442467468502866
20260620,euler,1,normal,10.0,True,0.2556597568331336
20260620,euler,1,normal,10.0,True,2.4369693769899854
20260620,euler,1,normal,1.0,True,0.08018218256086307
20260620,euler,1,normal,1.0,True,0.00446211231246707
20260620,euler,1,normal,1.0,True,0.08121470978509482
20260620,euler,1,normal,1.0,True,0.005489805521866398
20260620,euler,1,normal,1.0,True,0.06154317619373062
20260620,euler,1,normal,1.0,True,0.045831605261274166
20260620,euler,1,normal,1.0,True,0.09259538785154708
20260620,euler,1,normal,1.0,True,0.005885350441888981
20260620,euler,1,normal,1.0,True,0.0033355837345312445
20260620,euler,1,normal,1.0,True,0.012547928876995407
20260620,euler,1,normal,1.0,True,0.04777433305161338
20260620,euler,1,normal,1.0,True,0.0023755082314220743
20260620,euler,1,normal,1.0,True,0.08998155449405854
20260620,euler,1,normal,1.0,True,0.007112654973494337
20260620,euler,1,normal,1.0,True,0.05556144214383574
20260620,euler,1,normal,1.0,True,0.04350676731276204
20260620,euler,1,normal,1.0,True,0.06551558092648557
20260620,euler,1,normal,1.0,True,0.0013585514478546834
20260620,euler,1,normal,1.0,True,0.003380136461428762
20260620,euler,1,normal,1.0,True,0.10500614598078695
20260620,euler,2,changed_disclosed,10.0,True,1.2552060630913258
20260620,euler,2,changed_disclosed,10.0,True,0.13520945998901923
20260620,euler,2,changed_disclosed,10.0,True,0.21008702916575794
20260620,euler,2,changed_disclosed,10.0,True,0.6265165285446397
20260620,euler,2,changed_disclosed,10.0,True,0.02135990194186954
20260620,euler,2,changed_disclosed,10.0,True,0.045603102010495444
20260620,euler,2,changed_disclosed,10.0,True,0.9800033061783688
20260620,euler,2,changed_disclosed,10.0,True,0.04124185237000311
20260620,euler,2,changed_disclosed,10.0,True,0.1158935937575416
20260620,euler,2,changed_disclosed,10.0,True,0.06439436651775376
20260620,euler,2,changed_disclosed,10.0,True,1.1606470813442964
20260620,euler,2,changed_disclosed,10.0,True,0.21829586168651716
20260620,euler,2,changed_disclosed,10.0,True,0.7332422630340805
20260620,euler,2,changed_disclosed,10.0,True,0.9023040659742221
20260620,euler,2,changed_disclosed,10.0,True,0.08466277367729025
20260620,euler,2,changed_disclosed,10.0,True,1.7578309705640156
20260620,euler,2,changed_disclosed,10.0,True,0.333720249617677
20260620,euler,2,changed_disclosed,10.0,True,0.5396031516025781
20260620,euler,2,changed_disclosed,10.0,True,0.08665905557318121
20260620,euler,2,changed_disclosed,10.0,True,0.9657851610210901
20260620,euler,2,changed_disclosed,1.0,True,0.016927151719019262
20260620,euler,2,changed_disclosed,1.0,True,0.010701115959802054
20260620,euler,2,changed_disclosed,1.0,True,0.015355622090739152
20260620,euler,2,changed_disclosed,1.0,True,0.021334763824869984
20260620,euler,2,changed_disclosed,1.0,True,0.004515541550162094
20260620,euler,2,changed_disclosed,1.0,True,0.0034541281311848415
20260620,euler,2,changed_disclosed,1.0,True,0.013902869421932085
20260620,euler,2,changed_disclosed,1.0,True,0.01471030969371201
20260620,euler,2,changed_disclosed,1.0,True,0.017276251726015657
20260620,euler,2,changed_disclosed,1.0,True,0.009202939770923901
20260620,euler,2,changed_disclosed,1.0,True,0.022856729232837658
20260620,euler,2,changed_disclosed,1.0,True,0.0604543267548161
20260620,euler,2,changed_disclosed,1.0,True,0.02059255266312854
20260620,euler,2,changed_disclosed,1.0,True,0.022584973804568254
20260620,euler,2,changed_disclosed,1.0,True,0.017248890350076485
20260620,euler,2,changed_disclosed,1.0,True,0.04452578615872915
20260620,euler,2,changed_disclosed,1.0,True,0.027170593881332694
20260620,euler,2,changed_disclosed,1.0,True,0.013138929161405688
20260620,euler,2,changed_disclosed,1.0,True,0.012483172975785273
20260620,euler,2,changed_disclosed,1.0,True,0.013137010736324672
20260620,euler,2,changed_hidden,10.0,True,0.03949689722991967
20260620,euler,2,changed_hidden,10.0,True,0.180542537448116
20260620,euler,2,changed_hidden,10.0,True,0.17354120613724988
20260620,euler,2,changed_hidden,10.0,True,0.3901966179048313
20260620,euler,2,changed_hidden,10.0,True,0.016673398982174348
20260620,euler,2,changed_hidden,10.0,True,0.03516153960418
20260620,euler,2,changed_hidden,10.0,True,0.16631363854907288
20260620,euler,2,changed_hidden,10.0,True,0.03256802119150226
20260620,euler,2,changed_hidden,10.0,True,0.12288516825874063
20260620,euler,2,changed_hidden,10.0,True,0.12767401163560543
20260620,euler,2,changed_hidden,10.0,True,0.5041981724583839
20260620,euler,2,changed_hidden,10.0,True,0.3520654367727696
20260620,euler,2,changed_hidden,10.0,True,0.47640370071173654
20260620,euler,2,changed_hidden,10.0,True,0.07200191141063872
20260620,euler,2,changed_hidden,10.0,True,0.2563126727481242
20260620,euler,2,changed_hidden,10.0,True,0.20545653534181496
20260620,euler,2,changed_hidden,10.0,True,0.015583207914435127
20260620,euler,2,changed_hidden,10.0,True,0.007404968531957268
20260620,euler,2,changed_hidden,10.0,True,0.5767574032830891
20260620,euler,2,changed_hidden,10.0,True,0.011799574628103437
20260620,euler,2,changed_hidden,1.0,True,0.015442933770956735
20260620,euler,2,changed_hidden,1.0,True,0.0073195089074671316
20260620,euler,2,changed_hidden,1.0,True,0.023194404630332954
20260620,euler,2,changed_hidden,1.0,True,0.015918056101580813
20260620,euler,2,changed_hidden,1.0,True,0.005592559636419692
20260620,euler,2,changed_hidden,1.0,True,0.006688124602500567
20260620,euler,2,changed_hidden,1.0,True,0.01832236069181059
20260620,euler,2,changed_hidden,1.0,True,0.006612209012193837
20260620,euler,2,changed_hidden,1.0,True,0.008231977045337402
20260620,euler,2,changed_hidden,1.0,True,0.016369880617641108
20260620,euler,2,changed_hidden,1.0,True,0.010700277688244775
20260620,euler,2,changed_hidden,1.0,True,0.004747633577558474
20260620,euler,2,changed_hidden,1.0,True,0.00924615386873695
20260620,euler,2,changed_hidden,1.0,True,0.015351493065076216
20260620,euler,2,changed_hidden,1.0,True,0.0071732361574341486
20260620,euler,2,changed_hidden,1.0,True,0.024815243241696372
20260620,euler,2,changed_hidden,1.0,True,0.001762827923693422
20260620,euler,2,changed_hidden,1.0,True,0.0006439196056544638
20260620,euler,2,changed_hidden,1.0,True,0.007756770997129792
20260620,euler,2,changed_hidden,1.0,True,0.0006728558895541248
20260620,euler,2,normal,10.0,True,1.9713019910896437
20260620,euler,2,normal,10.0,True,2.183921909625405
20260620,euler,2,normal,10.0,True,0.6776026032471023
20260620,euler,2,normal,10.0,True,1.54224746283807
20260620,euler,2,normal,10.0,True,1.2102143262171037
20260620,euler,2,normal,10.0,True,1.4380355034899832
20260620,euler,2,normal,10.0,True,1.7046125408033235
20260620,euler,2,normal,10.0,True,1.797057899562915
20260620,euler,2,normal,10.0,True,1.5858088692592442
20260620,euler,2,normal,10.0,True,2.644852421499201
20260620,euler,2,normal,10.0,True,1.7878419632605587
20260620,euler,2,normal,10.0,True,1.4775242889056797
20260620,euler,2,normal,10.0,True,0.682798785667319
20260620,euler,2,normal,10.0,True,2.5057236648272214
20260620,euler,2,normal,10.0,True,2.007461917524272
20260620,euler,2,normal,10.0,True,0.7474468045982605
20260620,euler,2,normal,10.0,True,1.1255184012321795
20260620,euler,2,normal,10.0,True,1.2634773682943061
20260620,euler,2,normal,10.0,True,1.4234211792085123
20260620,euler,2,normal,10.0,True,1.4102754831860564
20260620,euler,2,normal,1.0,True,0.18813247583996073
20260620,euler,2,normal,1.0,True,0.11266302379718018
20260620,euler,2,normal,1.0,True,0.05982177042678827
20260620,euler,2,normal,1.0,True,0.1164896997991256
20260620,euler,2,normal,1.0,True,0.13690022547507064
20260620,euler,2,normal,1.0,True,0.04718976050015056
20260620,euler,2,normal,1.0,True,0.13580477636312271
20260620,euler,2,normal,1.0,True,0.619209478379422
20260620,euler,2,normal,1.0,True,0.26960473045376765
20260620,euler,2,normal,1.0,True,0.02503859423281618
20260620,euler,2,normal,1.0,True,0.19982727282441015
20260620,euler,2,normal,1.0,True,0.09551257973342331
20260620,euler,2,normal,1.0,True,0.017596558837750687
20260620,euler,2,normal,1.0,True,0.7118987829081238
20260620,euler,2,normal,1.0,True,0.08644842451034984
20260620,euler,2,normal,1.0,True,0.053634798571752684
20260620,euler,2,normal,1.0,True,0.08840426236772236
20260620,euler,2,normal,1.0,True,0.04373447145375442
20260620,euler,2,normal,1.0,True,0.24675330532523176
20260620,euler,2,normal,1.0,True,0.07729312568048052
20260620,euler,3,changed_disclosed,10.0,True,1.084644274176137
20260620,euler,3,changed_disclosed,10.0,True,1.0986198713271889
20260620,euler,3,changed_disclosed,10.0,True,2.099448881373337
20260620,euler,3,changed_disclosed,10.0,True,2.426716887983906
20260620,euler,3,changed_disclosed,10.0,True,1.1071253712281353
20260620,euler,3,changed_disclosed,10.0,True,1.390031165082281
20260620,euler,3,changed_disclosed,10.0,True,1.5892044456784102
20260620,euler,3,changed_disclosed,10.0,True,1.4005271062959188
20260620,euler,3,changed_disclosed,10.0,True,1.6488413798205788
20260620,euler,3,changed_disclosed,10.0,True,0.9339896579842718
20260620,euler,3,changed_disclosed,10.0,True,0.6941201751998127
20260620,euler,3,changed_disclosed,10.0,True,0.45402380519748214
20260620,euler,3,changed_disclosed,10.0,True,0.9804879997801222
20260620,euler,3,changed_disclosed,10.0,True,0.3490086003034924
20260620,euler,3,changed_disclosed,10.0,True,0.9894653861084922
20260620,euler,3,changed_disclosed,10.0,True,0.9529227294466498
20260620,euler,3,changed_disclosed,10.0,True,0.6946153777459406
20260620,euler,3,changed_disclosed,10.0,True,1.5820816562827364
20260620,euler,3,changed_disclosed,10.0,True,1.1755588135113249
20260620,euler,3,changed_disclosed,10.0,True,1.634474716384472
20260620,euler,3,changed_disclosed,1.0,True,0.06041273528947855
20260620,euler,3,changed_disclosed,1.0,True,0.00576691082024731
20260620,euler,3,changed_disclosed,1.0,True,0.030657377106307376
20260620,euler,3,changed_disclosed,1.0,True,0.03968474523170625
20260620,euler,3,changed_disclosed,1.0,True,0.017940534904614964
20260620,euler,3,changed_disclosed,1.0,True,0.164644170552652
20260620,euler,3,changed_disclosed,1.0,True,0.0163267883157386
20260620,euler,3,changed_disclosed,1.0,True,0.05155290193652181
20260620,euler,3,changed_disclosed,1.0,True,0.07514383242634537
20260620,euler,3,changed_disclosed,1.0,True,0.07070380896860155
20260620,euler,3,changed_disclosed,1.0,True,0.02467345670218683
20260620,euler,3,changed_disclosed,1.0,True,0.07602075129385888
20260620,euler,3,changed_disclosed,1.0,True,0.03133433851087849
20260620,euler,3,changed_disclosed,1.0,True,0.014128154822769782
20260620,euler,3,changed_disclosed,1.0,True,0.012284585647976668
20260620,euler,3,changed_disclosed,1.0,True,0.006881622297207753
20260620,euler,3,changed_disclosed,1.0,True,0.12968089447033235
20260620,euler,3,changed_disclosed,1.0,True,0.03615716874308239
20260620,euler,3,changed_disclosed,1.0,True,0.11094872670685356
20260620,euler,3,changed_disclosed,1.0,True,0.07951607548000528
20260620,euler,3,changed_hidden,10.0,True,0.11758208145221334
20260620,euler,3,changed_hidden,10.0,True,0.05809345691227685
20260620,euler,3,changed_hidden,10.0,True,0.09215250419260827
20260620,euler,3,changed_hidden,10.0,True,0.3848527772803518
20260620,euler,3,changed_hidden,10.0,True,0.16863993073571862
20260620,euler,3,changed_hidden,10.0,True,0.2575571539365855
20260620,euler,3,changed_hidden,10.0,True,1.1597238264869725
20260620,euler,3,changed_hidden,10.0,True,0.17762965787726026
20260620,euler,3,changed_hidden,10.0,True,0.04580137266008218
20260620,euler,3,changed_hidden,10.0,True,0.3927336610917333
20260620,euler,3,changed_hidden,10.0,True,0.26395438069315097
20260620,euler,3,changed_hidden,10.0,True,0.0411396198038001
20260620,euler,3,changed_hidden,10.0,True,0.33763840141232776
20260620,euler,3,changed_hidden,10.0,True,0.312722876820807
20260620,euler,3,changed_hidden,10.0,True,0.14349991018258765
20260620,euler,3,changed_hidden,10.0,True,0.03162325614753788
20260620,euler,3,changed_hidden,10.0,True,1.1171025917916113
20260620,euler,3,changed_hidden,10.0,True,0.2242112390737073
20260620,euler,3,changed_hidden,10.0,True,0.17841953704379598
20260620,euler,3,changed_hidden,10.0,True,0.08546034053074081
20260620,euler,3,changed_hidden,1.0,True,0.005283724243890712
20260620,euler,3,changed_hidden,1.0,True,0.013520517763466966
20260620,euler,3,changed_hidden,1.0,True,0.0028368805622531745
20260620,euler,3,changed_hidden,1.0,True,0.015884143249608407
20260620,euler,3,changed_hidden,1.0,True,0.06111078657423693
20260620,euler,3,changed_hidden,1.0,True,0.035672664461675684
20260620,euler,3,changed_hidden,1.0,True,0.01428829738401379
20260620,euler,3,changed_hidden,1.0,True,0.007216978821427429
20260620,euler,3,changed_hidden,1.0,True,0.004585115046461752
20260620,euler,3,changed_hidden,1.0,True,0.0591577907438238
20260620,euler,3,changed_hidden,1.0,True,0.013502898944496374
20260620,euler,3,changed_hidden,1.0,True,0.017860432033170337
20260620,euler,3,changed_hidden,1.0,True,0.023781936685283462
20260620,euler,3,changed_hidden,1.0,True,0.141649942791186
20260620,euler,3,changed_hidden,1.0,True,0.007949935240662823
20260620,euler,3,changed_hidden,1.0,True,0.009502632502272826
20260620,euler,3,changed_hidden,1.0,True,0.0406734769443727
20260620,euler,3,changed_hidden,1.0,True,0.01331032432154533
20260620,euler,3,changed_hidden,1.0,True,0.027293803837904324
20260620,euler,3,changed_hidden,1.0,True,0.01102732311558737
20260620,euler,3,normal,10.0,True,1.6606811745193248
20260620,euler,3,normal,10.0,True,1.4293735522817272
20260620,euler,3,normal,10.0,True,1.5928586247009449
20260620,euler,3,normal,10.0,True,1.2188879850906797
20260620,euler,3,normal,10.0,True,1.4664437263296979
20260620,euler,3,normal,10.0,True,0.9540044483999375
20260620,euler,3,normal,10.0,True,1.6825187246052533
20260620,euler,3,normal,10.0,True,1.7766482001203154
20260620,euler,3,normal,10.0,True,1.435597983329881
20260620,euler,3,normal,10.0,True,1.248211025919881
20260620,euler,3,normal,10.0,True,1.3281762062145812
20260620,euler,3,normal,10.0,True,1.1611837769705948
20260620,euler,3,normal,10.0,True,1.5095467475244526
20260620,euler,3,normal,10.0,True,0.8100315979888926
20260620,euler,3,normal,10.0,True,1.6287204553204253
20260620,euler,3,normal,10.0,True,1.0459344450299166
20260620,euler,3,normal,10.0,True,0.9732889785219445
20260620,euler,3,normal,10.0,True,1.9793695567442466
20260620,euler,3,normal,10.0,True,1.569882804398392
20260620,euler,3,normal,10.0,True,0.6638277539760836
20260620,euler,3,normal,1.0,True,0.34898790426444154
20260620,euler,3,normal,1.0,True,0.0736622044142458
20260620,euler,3,normal,1.0,True,0.05616826706555559
20260620,euler,3,normal,1.0,True,0.495479572589782
20260620,euler,3,normal,1.0,True,0.10692789946233165
20260620,euler,3,normal,1.0,True,0.11054156837374407
20260620,euler,3,normal,1.0,True,0.7383842266716648
20260620,euler,3,normal,1.0,True,0.0974597405980262
20260620,euler,3,normal,1.0,True,0.17346122481044976
20260620,euler,3,normal,1.0,True,0.08908996505218363
20260620,euler,3,normal,1.0,True,0.16207017336580667
20260620,euler,3,normal,1.0,True,0.6624945366242923
20260620,euler,3,normal,1.0,True,0.09316970496699135
20260620,euler,3,normal,1.0,True,0.14587295132031772
20260620,euler,3,normal,1.0,True,0.16783120795495346
20260620,euler,3,normal,1.0,True,1.197826546835519
20260620,euler,3,normal,1.0,True,0.5187688166544983
20260620,euler,3,normal,1.0,True,0.031504960219684776
20260620,euler,3,normal,1.0,True,0.09164191051863908
20260620,euler,3,normal,1.0,True,0.10807586471353507
20260620,neural-ode-rollout-mixed,1,changed_disclosed,10.0,True,0.7381183330693326
20260620,neural-ode-rollout-mixed,1,changed_disclosed,10.0,True,1.7727330216079755
20260620,neural-ode-rollout-mixed,1,changed_disclosed,10.0,True,0.7056621188823486
20260620,neural-ode-rollout-mixed,1,changed_disclosed,10.0,True,1.6343623111980907
20260620,neural-ode-rollout-mixed,1,changed_disclosed,10.0,True,0.6602696249120514
20260620,neural-ode-rollout-mixed,1,changed_disclosed,10.0,True,0.15280555074187196
20260620,neural-ode-rollout-mixed,1,changed_disclosed,10.0,True,0.4904314748057832
20260620,neural-ode-rollout-mixed,1,changed_disclosed,10.0,True,0.21346420408744038
20260620,neural-ode-rollout-mixed,1,changed_disclosed,10.0,True,0.8251973679476383
20260620,neural-ode-rollout-mixed,1,changed_disclosed,10.0,True,0.151523634044207
20260620,neural-ode-rollout-mixed,1,changed_disclosed,10.0,True,0.9691112157108752
20260620,neural-ode-rollout-mixed,1,changed_disclosed,10.0,True,2.9106783081041936
20260620,neural-ode-rollout-mixed,1,changed_disclosed,10.0,True,0.5985677554914144
20260620,neural-ode-rollout-mixed,1,changed_disclosed,10.0,True,2.412886167105164
20260620,neural-ode-rollout-mixed,1,changed_disclosed,10.0,True,1.0892968296690029
20260620,neural-ode-rollout-mixed,1,changed_disclosed,10.0,True,0.8314908568040189
20260620,neural-ode-rollout-mixed,1,changed_disclosed,10.0,True,0.12972855129930272
20260620,neural-ode-rollout-mixed,1,changed_disclosed,10.0,True,0.480632355762328
20260620,neural-ode-rollout-mixed,1,changed_disclosed,10.0,True,2.848248912571763
20260620,neural-ode-rollout-mixed,1,changed_disclosed,10.0,True,0.13243493567486553
20260620,neural-ode-rollout-mixed,1,changed_disclosed,1.0,True,0.7494738773971417
20260620,neural-ode-rollout-mixed,1,changed_disclosed,1.0,True,0.07690305994034308
20260620,neural-ode-rollout-mixed,1,changed_disclosed,1.0,True,0.03725628171253037
20260620,neural-ode-rollout-mixed,1,changed_disclosed,1.0,True,0.6780242343857323
20260620,neural-ode-rollout-mixed,1,changed_disclosed,1.0,True,0.11056700138946862
20260620,neural-ode-rollout-mixed,1,changed_disclosed,1.0,True,0.017049560158236776
20260620,neural-ode-rollout-mixed,1,changed_disclosed,1.0,True,0.03875192771135216
20260620,neural-ode-rollout-mixed,1,changed_disclosed,1.0,True,0.018590485201446683
20260620,neural-ode-rollout-mixed,1,changed_disclosed,1.0,True,0.055889197198350615
20260620,neural-ode-rollout-mixed,1,changed_disclosed,1.0,True,0.03615048071926186
20260620,neural-ode-rollout-mixed,1,changed_disclosed,1.0,True,0.04613508836989988
20260620,neural-ode-rollout-mixed,1,changed_disclosed,1.0,True,0.3563053391983857
20260620,neural-ode-rollout-mixed,1,changed_disclosed,1.0,True,0.05781551455471412
20260620,neural-ode-rollout-mixed,1,changed_disclosed,1.0,True,2.549067366181922
20260620,neural-ode-rollout-mixed,1,changed_disclosed,1.0,True,0.10976446344534452
20260620,neural-ode-rollout-mixed,1,changed_disclosed,1.0,True,0.037313811276199704
20260620,neural-ode-rollout-mixed,1,changed_disclosed,1.0,True,0.0183523017230951
20260620,neural-ode-rollout-mixed,1,changed_disclosed,1.0,True,0.026754228910518485
20260620,neural-ode-rollout-mixed,1,changed_disclosed,1.0,True,0.7816770904738073
20260620,neural-ode-rollout-mixed,1,changed_disclosed,1.0,True,0.023915167736425325
20260620,neural-ode-rollout-mixed,1,normal,10.0,True,2.106171807737198
20260620,neural-ode-rollout-mixed,1,normal,10.0,True,1.1970875686231413
20260620,neural-ode-rollout-mixed,1,normal,10.0,True,3.0377024376435005
20260620,neural-ode-rollout-mixed,1,normal,10.0,True,2.4220115308323806
20260620,neural-ode-rollout-mixed,1,normal,10.0,True,1.2663036989641336
20260620,neural-ode-rollout-mixed,1,normal,10.0,True,2.3470987236305145
20260620,neural-ode-rollout-mixed,1,normal,10.0,True,0.249990481937596
20260620,neural-ode-rollout-mixed,1,normal,10.0,True,1.6688787160064664
20260620,neural-ode-rollout-mixed,1,normal,10.0,True,1.0787941123669142
20260620,neural-ode-rollout-mixed,1,normal,10.0,True,0.5674317974390894
20260620,neural-ode-rollout-mixed,1,normal,10.0,True,1.6958066431931904
20260620,neural-ode-rollout-mixed,1,normal,10.0,True,2.40073356981585
20260620,neural-ode-rollout-mixed,1,normal,10.0,True,2.4094787976860665
20260620,neural-ode-rollout-mixed,1,normal,10.0,True,0.9285450277940237
20260620,neural-ode-rollout-mixed,1,normal,10.0,True,1.0887291121092462
20260620,neural-ode-rollout-mixed,1,normal,10.0,True,1.725910581388412
20260620,neural-ode-rollout-mixed,1,normal,10.0,True,2.608442946502602
20260620,neural-ode-rollout-mixed,1,normal,10.0,True,0.2505093355776413
20260620,neural-ode-rollout-mixed,1,normal,10.0,True,2.45609717947395
20260620,neural-ode-rollout-mixed,1,normal,10.0,True,0.512858065117805
20260620,neural-ode-rollout-mixed,1,normal,1.0,True,0.399342478764249
20260620,neural-ode-rollout-mixed,1,normal,1.0,True,0.13449325510834242
20260620,neural-ode-rollout-mixed,1,normal,1.0,True,0.5730611182764358
20260620,neural-ode-rollout-mixed,1,normal,1.0,True,0.317382973817117
20260620,neural-ode-rollout-mixed,1,normal,1.0,True,0.11928021622223106
20260620,neural-ode-rollout-mixed,1,normal,1.0,True,0.3879295161953342
20260620,neural-ode-rollout-mixed,1,normal,1.0,True,0.7620125730065128
20260620,neural-ode-rollout-mixed,1,normal,1.0,True,0.017019357411186764
20260620,neural-ode-rollout-mixed,1,normal,1.0,True,0.08492090821094278
20260620,neural-ode-rollout-mixed,1,normal,1.0,True,1.0774509344625969
20260620,neural-ode-rollout-mixed,1,normal,1.0,True,2.6306853595701956
20260620,neural-ode-rollout-mixed,1,normal,1.0,True,0.24085082484452824
20260620,neural-ode-rollout-mixed,1,normal,1.0,True,2.0103375816475406
20260620,neural-ode-rollout-mixed,1,normal,1.0,True,0.98729641125108
20260620,neural-ode-rollout-mixed,1,normal,1.0,True,0.33425207319764283
20260620,neural-ode-rollout-mixed,1,normal,1.0,True,0.3018715377305159
20260620,neural-ode-rollout-mixed,1,normal,1.0,True,2.9512714060287824
20260620,neural-ode-rollout-mixed,1,normal,1.0,True,0.20223321609140976
20260620,neural-ode-rollout-mixed,1,normal,1.0,True,0.23330573850753078
20260620,neural-ode-rollout-mixed,1,normal,1.0,True,1.3894372186539523
20260620,neural-ode-rollout-mixed,2,changed_disclosed,10.0,True,0.8401910390134117
20260620,neural-ode-rollout-mixed,2,changed_disclosed,10.0,True,0.1448720452002581
20260620,neural-ode-rollout-mixed,2,changed_disclosed,10.0,True,0.4831223756259164
20260620,neural-ode-rollout-mixed,2,changed_disclosed,10.0,True,0.44971982507843733
20260620,neural-ode-rollout-mixed,2,changed_disclosed,10.0,True,0.4890790976071613
20260620,neural-ode-rollout-mixed,2,changed_disclosed,10.0,True,0.2956599612713058
20260620,neural-ode-rollout-mixed,2,changed_disclosed,10.0,True,1.0808926812815072
20260620,neural-ode-rollout-mixed,2,changed_disclosed,10.0,True,0.35289467649683615
20260620,neural-ode-rollout-mixed,2,changed_disclosed,10.0,True,1.2594641948413947
20260620,neural-ode-rollout-mixed,2,changed_disclosed,10.0,True,0.3486621591185868
20260620,neural-ode-rollout-mixed,2,changed_disclosed,10.0,True,1.3666146940253174
20260620,neural-ode-rollout-mixed,2,changed_disclosed,10.0,True,1.3720431306627106
20260620,neural-ode-rollout-mixed,2,changed_disclosed,10.0,True,1.0421564143808935
20260620,neural-ode-rollout-mixed,2,changed_disclosed,10.0,True,1.7312239994149312
20260620,neural-ode-rollout-mixed,2,changed_disclosed,10.0,True,0.8251790136202333
20260620,neural-ode-rollout-mixed,2,changed_disclosed,10.0,True,0.6397116747255209
20260620,neural-ode-rollout-mixed,2,changed_disclosed,10.0,True,0.38269030767257606
20260620,neural-ode-rollout-mixed,2,changed_disclosed,10.0,True,1.3037788459370572
20260620,neural-ode-rollout-mixed,2,changed_disclosed,10.0,True,0.6296162815969639
20260620,neural-ode-rollout-mixed,2,changed_disclosed,10.0,True,1.479739099965351
20260620,neural-ode-rollout-mixed,2,changed_disclosed,1.0,True,0.833715062297304
20260620,neural-ode-rollout-mixed,2,changed_disclosed,1.0,True,1.800931624288643
20260620,neural-ode-rollout-mixed,2,changed_disclosed,1.0,True,0.6046554730513161
20260620,neural-ode-rollout-mixed,2,changed_disclosed,1.0,True,1.1545631755910586
20260620,neural-ode-rollout-mixed,2,changed_disclosed,1.0,True,0.3824284896716319
20260620,neural-ode-rollout-mixed,2,changed_disclosed,1.0,True,0.5078723892295365
20260620,neural-ode-rollout-mixed,2,changed_disclosed,1.0,True,1.66066717012022
20260620,neural-ode-rollout-mixed,2,changed_disclosed,1.0,True,0.1713689446398614
20260620,neural-ode-rollout-mixed,2,changed_disclosed,1.0,True,0.67437349805668
20260620,neural-ode-rollout-mixed,2,changed_disclosed,1.0,True,0.16157610987349424
20260620,neural-ode-rollout-mixed,2,changed_disclosed,1.0,True,1.4111117571838006
20260620,neural-ode-rollout-mixed,2,changed_disclosed,1.0,True,1.6240896940264413
20260620,neural-ode-rollout-mixed,2,changed_disclosed,1.0,True,1.1774357464023282
20260620,neural-ode-rollout-mixed,2,changed_disclosed,1.0,True,0.8968097074099344
20260620,neural-ode-rollout-mixed,2,changed_disclosed,1.0,True,0.7490247396962633
20260620,neural-ode-rollout-mixed,2,changed_disclosed,1.0,True,0.5477039548200857
20260620,neural-ode-rollout-mixed,2,changed_disclosed,1.0,True,0.9240477871057564
20260620,neural-ode-rollout-mixed,2,changed_disclosed,1.0,True,2.252181307839356
20260620,neural-ode-rollout-mixed,2,changed_disclosed,1.0,True,1.4945942936714771
20260620,neural-ode-rollout-mixed,2,changed_disclosed,1.0,True,0.4904347118088441
20260620,neural-ode-rollout-mixed,2,normal,10.0,True,1.0826888701455906
20260620,neural-ode-rollout-mixed,2,normal,10.0,True,0.3569992528749697
20260620,neural-ode-rollout-mixed,2,normal,10.0,True,1.8742958783119907
20260620,neural-ode-rollout-mixed,2,normal,10.0,True,1.3352131278312793
20260620,neural-ode-rollout-mixed,2,normal,10.0,True,1.9049151701969578
20260620,neural-ode-rollout-mixed,2,normal,10.0,True,1.3402846335019094
20260620,neural-ode-rollout-mixed,2,normal,10.0,True,0.28677215546723267
20260620,neural-ode-rollout-mixed,2,normal,10.0,True,1.6963977233976637
20260620,neural-ode-rollout-mixed,2,normal,10.0,True,0.4692782646193123
20260620,neural-ode-rollout-mixed,2,normal,10.0,True,1.7643884888521586
20260620,neural-ode-rollout-mixed,2,normal,10.0,True,2.0751123703774073
20260620,neural-ode-rollout-mixed,2,normal,10.0,True,1.3598838327035092
20260620,neural-ode-rollout-mixed,2,normal,10.0,True,1.6076842795528876
20260620,neural-ode-rollout-mixed,2,normal,10.0,True,2.172724448030139
20260620,neural-ode-rollout-mixed,2,normal,10.0,True,1.3639357031073107
20260620,neural-ode-rollout-mixed,2,normal,10.0,True,1.48852507569775
20260620,neural-ode-rollout-mixed,2,normal,10.0,True,1.3830743851388152
20260620,neural-ode-rollout-mixed,2,normal,10.0,True,0.47347480926159546
20260620,neural-ode-rollout-mixed,2,normal,10.0,True,1.369781844388066
20260620,neural-ode-rollout-mixed,2,normal,10.0,True,1.9948937524206984
20260620,neural-ode-rollout-mixed,2,normal,1.0,True,0.7586363670578875
20260620,neural-ode-rollout-mixed,2,normal,1.0,True,1.5420711002817025
20260620,neural-ode-rollout-mixed,2,normal,1.0,True,0.4896426213902725
20260620,neural-ode-rollout-mixed,2,normal,1.0,True,0.37426195073899593
20260620,neural-ode-rollout-mixed,2,normal,1.0,True,1.6630463180586887
20260620,neural-ode-rollout-mixed,2,normal,1.0,True,1.5696613990627846
20260620,neural-ode-rollout-mixed,2,normal,1.0,True,0.2981619980950878
20260620,neural-ode-rollout-mixed,2,normal,1.0,True,2.225328777540729
20260620,neural-ode-rollout-mixed,2,normal,1.0,True,1.7737683762279273
20260620,neural-ode-rollout-mixed,2,normal,1.0,True,2.6380580693365836
20260620,neural-ode-rollout-mixed,2,normal,1.0,True,1.9580038506373891
20260620,neural-ode-rollout-mixed,2,normal,1.0,True,1.8840172415909633
20260620,neural-ode-rollout-mixed,2,normal,1.0,True,0.6361302172991161
20260620,neural-ode-rollout-mixed,2,normal,1.0,True,1.9283518044258292
20260620,neural-ode-rollout-mixed,2,normal,1.0,True,1.7978403126903864
20260620,neural-ode-rollout-mixed,2,normal,1.0,True,0.17646862462122614
20260620,neural-ode-rollout-mixed,2,normal,1.0,True,1.6231871445795587
20260620,neural-ode-rollout-mixed,2,normal,1.0,True,1.4868563307282583
20260620,neural-ode-rollout-mixed,2,normal,1.0,True,0.14627420856555418
20260620,neural-ode-rollout-mixed,2,normal,1.0,True,1.2722910874134938
20260620,neural-ode-rollout-mixed,3,changed_disclosed,10.0,True,0.6522754258656263
20260620,neural-ode-rollout-mixed,3,changed_disclosed,10.0,True,1.150273586762172
20260620,neural-ode-rollout-mixed,3,changed_disclosed,10.0,True,1.3622511191629318
20260620,neural-ode-rollout-mixed,3,changed_disclosed,10.0,True,1.813643723613201
20260620,neural-ode-rollout-mixed,3,changed_disclosed,10.0,True,0.8615932194460659
20260620,neural-ode-rollout-mixed,3,changed_disclosed,10.0,True,0.9613476701629041
20260620,neural-ode-rollout-mixed,3,changed_disclosed,10.0,True,2.0997602416963566
20260620,neural-ode-rollout-mixed,3,changed_disclosed,10.0,True,1.113759611128618
20260620,neural-ode-rollout-mixed,3,changed_disclosed,10.0,True,0.178848961562601
20260620,neural-ode-rollout-mixed,3,changed_disclosed,10.0,True,0.7234682385423405
20260620,neural-ode-rollout-mixed,3,changed_disclosed,10.0,True,0.5148963470306986
20260620,neural-ode-rollout-mixed,3,changed_disclosed,10.0,True,0.6891831564157348
20260620,neural-ode-rollout-mixed,3,changed_disclosed,10.0,True,1.3603159067099693
20260620,neural-ode-rollout-mixed,3,changed_disclosed,10.0,True,0.714044909652728
20260620,neural-ode-rollout-mixed,3,changed_disclosed,10.0,True,0.4625108190236853
20260620,neural-ode-rollout-mixed,3,changed_disclosed,10.0,True,0.9672507250424923
20260620,neural-ode-rollout-mixed,3,changed_disclosed,10.0,True,0.29634857797925473
20260620,neural-ode-rollout-mixed,3,changed_disclosed,10.0,True,1.0567347245042937
20260620,neural-ode-rollout-mixed,3,changed_disclosed,10.0,True,0.545194735735413
20260620,neural-ode-rollout-mixed,3,changed_disclosed,10.0,True,0.8438277273057467
20260620,neural-ode-rollout-mixed,3,changed_disclosed,1.0,True,1.5819601215662822
20260620,neural-ode-rollout-mixed,3,changed_disclosed,1.0,True,1.0707080236515036
20260620,neural-ode-rollout-mixed,3,changed_disclosed,1.0,True,1.8188782984269238
20260620,neural-ode-rollout-mixed,3,changed_disclosed,1.0,True,1.4100507077177882
20260620,neural-ode-rollout-mixed,3,changed_disclosed,1.0,True,0.8296631854885163
20260620,neural-ode-rollout-mixed,3,changed_disclosed,1.0,True,0.7134091595010267
20260620,neural-ode-rollout-mixed,3,changed_disclosed,1.0,True,0.6002098738349883
20260620,neural-ode-rollout-mixed,3,changed_disclosed,1.0,True,1.9676132128045511
20260620,neural-ode-rollout-mixed,3,changed_disclosed,1.0,True,0.5894173446796942
20260620,neural-ode-rollout-mixed,3,changed_disclosed,1.0,True,1.3601401449105286
20260620,neural-ode-rollout-mixed,3,changed_disclosed,1.0,True,0.8598427943318017
20260620,neural-ode-rollout-mixed,3,changed_disclosed,1.0,True,0.5452193777063045
20260620,neural-ode-rollout-mixed,3,changed_disclosed,1.0,True,0.9932724977859332
20260620,neural-ode-rollout-mixed,3,changed_disclosed,1.0,True,0.9653380986286967
20260620,neural-ode-rollout-mixed,3,changed_disclosed,1.0,True,0.728570987989071
20260620,neural-ode-rollout-mixed,3,changed_disclosed,1.0,True,0.42096611496457575
20260620,neural-ode-rollout-mixed,3,changed_disclosed,1.0,True,0.744605421927857
20260620,neural-ode-rollout-mixed,3,changed_disclosed,1.0,True,1.5479321909025898
20260620,neural-ode-rollout-mixed,3,changed_disclosed,1.0,True,1.3755541012491843
20260620,neural-ode-rollout-mixed,3,changed_disclosed,1.0,True,0.259824171529071
20260620,neural-ode-rollout-mixed,3,normal,10.0,True,1.419124762686831
20260620,neural-ode-rollout-mixed,3,normal,10.0,True,0.9252220306239369
20260620,neural-ode-rollout-mixed,3,normal,10.0,True,1.2445495861204725
20260620,neural-ode-rollout-mixed,3,normal,10.0,True,1.1101145425357313
20260620,neural-ode-rollout-mixed,3,normal,10.0,True,0.8750288298873242
20260620,neural-ode-rollout-mixed,3,normal,10.0,True,0.5695496120380378
20260620,neural-ode-rollout-mixed,3,normal,10.0,True,0.622734056442706
20260620,neural-ode-rollout-mixed,3,normal,10.0,True,0.9413843123649069
20260620,neural-ode-rollout-mixed,3,normal,10.0,True,0.5735992628578527
20260620,neural-ode-rollout-mixed,3,normal,10.0,True,0.5920942780782935
20260620,neural-ode-rollout-mixed,3,normal,10.0,True,1.0154665620485959
20260620,neural-ode-rollout-mixed,3,normal,10.0,True,1.3495573748879275
20260620,neural-ode-rollout-mixed,3,normal,10.0,True,1.5707967103916873
20260620,neural-ode-rollout-mixed,3,normal,10.0,True,1.9352748771744126
20260620,neural-ode-rollout-mixed,3,normal,10.0,True,1.356142608351025
20260620,neural-ode-rollout-mixed,3,normal,10.0,True,1.6029090624854747
20260620,neural-ode-rollout-mixed,3,normal,10.0,True,1.9401874819069171
20260620,neural-ode-rollout-mixed,3,normal,10.0,True,1.4709530372178599
20260620,neural-ode-rollout-mixed,3,normal,10.0,True,1.0518140640148521
20260620,neural-ode-rollout-mixed,3,normal,10.0,True,1.3866485018910213
20260620,neural-ode-rollout-mixed,3,normal,1.0,True,1.6778840854052637
20260620,neural-ode-rollout-mixed,3,normal,1.0,True,1.209891448734142
20260620,neural-ode-rollout-mixed,3,normal,1.0,True,0.8960172993337868
20260620,neural-ode-rollout-mixed,3,normal,1.0,True,1.3722753264091898
20260620,neural-ode-rollout-mixed,3,normal,1.0,True,0.5765624859256534
20260620,neural-ode-rollout-mixed,3,normal,1.0,True,1.6470157153134597
20260620,neural-ode-rollout-mixed,3,normal,1.0,True,1.7356726353319154
20260620,neural-ode-rollout-mixed,3,normal,1.0,True,1.4904430061080276
20260620,neural-ode-rollout-mixed,3,normal,1.0,True,0.5722428566497544
20260620,neural-ode-rollout-mixed,3,normal,1.0,True,0.7722970777356357
20260620,neural-ode-rollout-mixed,3,normal,1.0,True,1.1129580184785028
20260620,neural-ode-rollout-mixed,3,normal,1.0,True,1.6805360675451322
20260620,neural-ode-rollout-mixed,3,normal,1.0,True,1.5505643063699444
20260620,neural-ode-rollout-mixed,3,normal,1.0,True,1.1918353931358114
20260620,neural-ode-rollout-mixed,3,normal,1.0,True,0.927327296691729
20260620,neural-ode-rollout-mixed,3,normal,1.0,True,2.2815185545811194
20260620,neural-ode-rollout-mixed,3,normal,1.0,True,1.784735373308062
20260620,neural-ode-rollout-mixed,3,normal,1.0,True,1.9008835965529787
20260620,neural-ode-rollout-mixed,3,normal,1.0,True,1.3015489387650563
20260620,neural-ode-rollout-mixed,3,normal,1.0,True,1.147076601181996
20260620,neural-ode-rollout-mixed,1,changed_hidden,10.0,True,0.26726890940451975
20260620,neural-ode-rollout-mixed,1,changed_hidden,10.0,True,1.33781262287916
20260620,neural-ode-rollout-mixed,1,changed_hidden,10.0,True,0.8807904463694038
20260620,neural-ode-rollout-mixed,1,changed_hidden,10.0,True,0.7788756644016166
20260620,neural-ode-rollout-mixed,1,changed_hidden,10.0,True,0.6146606109100992
20260620,neural-ode-rollout-mixed,1,changed_hidden,10.0,True,1.122503763418246
20260620,neural-ode-rollout-mixed,1,changed_hidden,10.0,True,1.0360838163177069
20260620,neural-ode-rollout-mixed,1,changed_hidden,10.0,True,1.1737845131010056
20260620,neural-ode-rollout-mixed,1,changed_hidden,10.0,True,1.446295458494224
20260620,neural-ode-rollout-mixed,1,changed_hidden,10.0,True,1.0805768443599728
20260620,neural-ode-rollout-mixed,1,changed_hidden,10.0,True,0.9099980811084443
20260620,neural-ode-rollout-mixed,1,changed_hidden,10.0,True,0.3652825885329052
20260620,neural-ode-rollout-mixed,1,changed_hidden,10.0,True,1.4097844821057586
20260620,neural-ode-rollout-mixed,1,changed_hidden,10.0,True,0.6915911676819078
20260620,neural-ode-rollout-mixed,1,changed_hidden,10.0,True,0.8347208229301364
20260620,neural-ode-rollout-mixed,1,changed_hidden,10.0,True,1.2812001942938647
20260620,neural-ode-rollout-mixed,1,changed_hidden,10.0,True,1.2460477811453232
20260620,neural-ode-rollout-mixed,1,changed_hidden,10.0,True,0.006588516511656817
20260620,neural-ode-rollout-mixed,1,changed_hidden,10.0,True,0.4153705491173252
20260620,neural-ode-rollout-mixed,1,changed_hidden,10.0,True,0.8869143177092416
20260620,neural-ode-rollout-mixed,1,changed_hidden,1.0,True,0.2915296363821742
20260620,neural-ode-rollout-mixed,1,changed_hidden,1.0,True,0.017426670000094013
20260620,neural-ode-rollout-mixed,1,changed_hidden,1.0,True,0.30443108256510065
20260620,neural-ode-rollout-mixed,1,changed_hidden,1.0,True,0.47358647727699354
20260620,neural-ode-rollout-mixed,1,changed_hidden,1.0,True,1.6912769130105032
20260620,neural-ode-rollout-mixed,1,changed_hidden,1.0,True,0.3038037517937737
20260620,neural-ode-rollout-mixed,1,changed_hidden,1.0,True,1.2763919036567468
20260620,neural-ode-rollout-mixed,1,changed_hidden,1.0,True,0.40002636006051695
20260620,neural-ode-rollout-mixed,1,changed_hidden,1.0,True,0.14740078643962518
20260620,neural-ode-rollout-mixed,1,changed_hidden,1.0,True,1.1652604199481427
20260620,neural-ode-rollout-mixed,1,changed_hidden,1.0,True,0.3122142250372484
20260620,neural-ode-rollout-mixed,1,changed_hidden,1.0,True,0.2829263762629539
20260620,neural-ode-rollout-mixed,1,changed_hidden,1.0,True,0.11765082177614694
20260620,neural-ode-rollout-mixed,1,changed_hidden,1.0,True,0.20642733523550838
20260620,neural-ode-rollout-mixed,1,changed_hidden,1.0,True,0.23032643679567366
20260620,neural-ode-rollout-mixed,1,changed_hidden,1.0,True,0.30842840457879905
20260620,neural-ode-rollout-mixed,1,changed_hidden,1.0,True,0.8573727510626061
20260620,neural-ode-rollout-mixed,1,changed_hidden,1.0,True,0.45182007871671104
20260620,neural-ode-rollout-mixed,1,changed_hidden,1.0,True,1.8742189733864083
20260620,neural-ode-rollout-mixed,1,changed_hidden,1.0,True,0.1620931036214377
20260620,neural-ode-rollout-mixed,2,changed_hidden,10.0,True,0.898410129760396
20260620,neural-ode-rollout-mixed,2,changed_hidden,10.0,True,1.0437600643961202
20260620,neural-ode-rollout-mixed,2,changed_hidden,10.0,True,0.8542165840870364
20260620,neural-ode-rollout-mixed,2,changed_hidden,10.0,True,0.2011789161382973
20260620,neural-ode-rollout-mixed,2,changed_hidden,10.0,True,1.6488703486196037
20260620,neural-ode-rollout-mixed,2,changed_hidden,10.0,True,0.8700469783702829
20260620,neural-ode-rollout-mixed,2,changed_hidden,10.0,True,2.0559027502699827
20260620,neural-ode-rollout-mixed,2,changed_hidden,10.0,True,1.070225550631245
20260620,neural-ode-rollout-mixed,2,changed_hidden,10.0,True,0.471781509139509
20260620,neural-ode-rollout-mixed,2,changed_hidden,10.0,True,1.0086232435854445
20260620,neural-ode-rollout-mixed,2,changed_hidden,10.0,True,2.1453636160651213
20260620,neural-ode-rollout-mixed,2,changed_hidden,10.0,True,1.9293679211038972
20260620,neural-ode-rollout-mixed,2,changed_hidden,10.0,True,1.6577205460022155
20260620,neural-ode-rollout-mixed,2,changed_hidden,10.0,True,1.2725026059983977
20260620,neural-ode-rollout-mixed,2,changed_hidden,10.0,True,1.0104742320456124
20260620,neural-ode-rollout-mixed,2,changed_hidden,10.0,True,1.726432373061673
20260620,neural-ode-rollout-mixed,2,changed_hidden,10.0,True,1.0865408233838092
20260620,neural-ode-rollout-mixed,2,changed_hidden,10.0,True,1.5533723223335938
20260620,neural-ode-rollout-mixed,2,changed_hidden,10.0,True,0.3557488864280949
20260620,neural-ode-rollout-mixed,2,changed_hidden,10.0,True,1.2840372758758734
20260620,neural-ode-rollout-mixed,2,changed_hidden,1.0,True,1.9394080085536047
20260620,neural-ode-rollout-mixed,2,changed_hidden,1.0,True,0.3266887067129032
20260620,neural-ode-rollout-mixed,2,changed_hidden,1.0,True,0.38936645694237915
20260620,neural-ode-rollout-mixed,2,changed_hidden,1.0,True,1.9683584473179248
20260620,neural-ode-rollout-mixed,2,changed_hidden,1.0,True,1.5865599214957127
20260620,neural-ode-rollout-mixed,2,changed_hidden,1.0,True,2.2960187041491356
20260620,neural-ode-rollout-mixed,2,changed_hidden,1.0,True,0.9532313149998293
20260620,neural-ode-rollout-mixed,2,changed_hidden,1.0,True,1.2430564799152708
20260620,neural-ode-rollout-mixed,2,changed_hidden,1.0,True,1.5317562496058872
20260620,neural-ode-rollout-mixed,2,changed_hidden,1.0,True,0.7032146627621589
20260620,neural-ode-rollout-mixed,2,changed_hidden,1.0,True,2.1664020715256056
20260620,neural-ode-rollout-mixed,2,changed_hidden,1.0,True,2.173234446838526
20260620,neural-ode-rollout-mixed,2,changed_hidden,1.0,True,2.267910676217709
20260620,neural-ode-rollout-mixed,2,changed_hidden,1.0,True,1.134518843068867
20260620,neural-ode-rollout-mixed,2,changed_hidden,1.0,True,1.343399054971136
20260620,neural-ode-rollout-mixed,2,changed_hidden,1.0,True,0.6019493430697793
20260620,neural-ode-rollout-mixed,2,changed_hidden,1.0,True,1.4533280735624068
20260620,neural-ode-rollout-mixed,2,changed_hidden,1.0,True,1.4954201737519786
20260620,neural-ode-rollout-mixed,2,changed_hidden,1.0,True,1.1219651699590545
20260620,neural-ode-rollout-mixed,2,changed_hidden,1.0,True,0.8509862058394078
20260620,neural-ode-rollout-mixed,3,changed_hidden,10.0,True,1.2335790246947334
20260620,neural-ode-rollout-mixed,3,changed_hidden,10.0,True,1.1674746296845984
20260620,neural-ode-rollout-mixed,3,changed_hidden,10.0,True,0.9390361332140001
20260620,neural-ode-rollout-mixed,3,changed_hidden,10.0,True,1.2766245003186627
20260620,neural-ode-rollout-mixed,3,changed_hidden,10.0,True,0.7689443208089711
20260620,neural-ode-rollout-mixed,3,changed_hidden,10.0,True,0.789073218728901
20260620,neural-ode-rollout-mixed,3,changed_hidden,10.0,True,1.308463595730353
20260620,neural-ode-rollout-mixed,3,changed_hidden,10.0,True,1.648330652589033
20260620,neural-ode-rollout-mixed,3,changed_hidden,10.0,True,1.052985879861681
20260620,neural-ode-rollout-mixed,3,changed_hidden,10.0,True,1.2615727722210939
20260620,neural-ode-rollout-mixed,3,changed_hidden,10.0,True,1.00022271319068
20260620,neural-ode-rollout-mixed,3,changed_hidden,10.0,True,0.2935521057147792
20260620,neural-ode-rollout-mixed,3,changed_hidden,10.0,True,1.548762533542986
20260620,neural-ode-rollout-mixed,3,changed_hidden,10.0,True,1.0058245216842792
20260620,neural-ode-rollout-mixed,3,changed_hidden,10.0,True,0.6317746902053983
20260620,neural-ode-rollout-mixed,3,changed_hidden,10.0,True,1.4672887640661099
20260620,neural-ode-rollout-mixed,3,changed_hidden,10.0,True,1.461292839796969
20260620,neural-ode-rollout-mixed,3,changed_hidden,10.0,True,1.3252100797908113
20260620,neural-ode-rollout-mixed,3,changed_hidden,10.0,True,0.5208363889617318
20260620,neural-ode-rollout-mixed,3,changed_hidden,10.0,True,1.404255309867495
20260620,neural-ode-rollout-mixed,3,changed_hidden,1.0,True,1.4560098410353495
20260620,neural-ode-rollout-mixed,3,changed_hidden,1.0,True,0.6856667802151429
20260620,neural-ode-rollout-mixed,3,changed_hidden,1.0,True,0.5616380966632404
20260620,neural-ode-rollout-mixed,3,changed_hidden,1.0,True,1.4819396747466875
20260620,neural-ode-rollout-mixed,3,changed_hidden,1.0,True,1.079216972641108
20260620,neural-ode-rollout-mixed,3,changed_hidden,1.0,True,1.1612345743610175
20260620,neural-ode-rollout-mixed,3,changed_hidden,1.0,True,0.7972373264361879
20260620,neural-ode-rollout-mixed,3,changed_hidden,1.0,True,0.8478601019410695
20260620,neural-ode-rollout-mixed,3,changed_hidden,1.0,True,0.33854401959841124
20260620,neural-ode-rollout-mixed,3,changed_hidden,1.0,True,0.6543153878477449
20260620,neural-ode-rollout-mixed,3,changed_hidden,1.0,True,1.113402869223085
20260620,neural-ode-rollout-mixed,3,changed_hidden,1.0,True,0.4161665450446351
20260620,neural-ode-rollout-mixed,3,changed_hidden,1.0,True,0.7114582874428134
20260620,neural-ode-rollout-mixed,3,changed_hidden,1.0,True,0.42660159315715457
20260620,neural-ode-rollout-mixed,3,changed_hidden,1.0,True,0.9596173135488612
20260620,neural-ode-rollout-mixed,3,changed_hidden,1.0,True,0.6879694532650137
20260620,neural-ode-rollout-mixed,3,changed_hidden,1.0,True,2.2025050842642613
20260620,neural-ode-rollout-mixed,3,changed_hidden,1.0,True,0.8564482697209216
20260620,neural-ode-rollout-mixed,3,changed_hidden,1.0,True,1.528253599468205
20260620,neural-ode-rollout-mixed,3,changed_hidden,1.0,True,0.9084570583950405
20260620,hnn-rollout,1,changed_disclosed,10.0,True,0.6920770670075509
20260620,hnn-rollout,1,changed_disclosed,10.0,True,0.9516338592684157
20260620,hnn-rollout,1,changed_disclosed,10.0,True,0.9532209658189554
20260620,hnn-rollout,1,changed_disclosed,10.0,True,1.2059394609044354
20260620,hnn-rollout,1,changed_disclosed,10.0,True,1.515503663955859
20260620,hnn-rollout,1,changed_disclosed,10.0,True,0.10577767180562336
20260620,hnn-rollout,1,changed_disclosed,10.0,True,0.776851646010313
20260620,hnn-rollout,1,changed_disclosed,10.0,True,0.5345076984191444
20260620,hnn-rollout,1,changed_disclosed,10.0,True,0.5874814459819442
20260620,hnn-rollout,1,changed_disclosed,10.0,True,1.0994778802023322
20260620,hnn-rollout,1,changed_disclosed,10.0,True,0.31996039895652295
20260620,hnn-rollout,1,changed_disclosed,10.0,True,2.107262174415471
20260620,hnn-rollout,1,changed_disclosed,10.0,True,1.40197788730609
20260620,hnn-rollout,1,changed_disclosed,10.0,True,2.136188089651238
20260620,hnn-rollout,1,changed_disclosed,10.0,True,0.1972530335709166
20260620,hnn-rollout,1,changed_disclosed,10.0,True,0.3561617030886053
20260620,hnn-rollout,1,changed_disclosed,10.0,True,1.0626589714584016
20260620,hnn-rollout,1,changed_disclosed,10.0,True,0.7948008182637829
20260620,hnn-rollout,1,changed_disclosed,10.0,True,1.9916763311596668
20260620,hnn-rollout,1,changed_disclosed,10.0,True,0.29308183413456046
20260620,hnn-rollout,1,changed_disclosed,1.0,True,0.3297898534543875
20260620,hnn-rollout,1,changed_disclosed,1.0,True,0.04589653813935923
20260620,hnn-rollout,1,changed_disclosed,1.0,True,0.02600838258402005
20260620,hnn-rollout,1,changed_disclosed,1.0,True,0.24812165078159865
20260620,hnn-rollout,1,changed_disclosed,1.0,True,0.13528498886337914
20260620,hnn-rollout,1,changed_disclosed,1.0,True,0.010962400442863007
20260620,hnn-rollout,1,changed_disclosed,1.0,True,0.02122232911685984
20260620,hnn-rollout,1,changed_disclosed,1.0,True,0.01698515783356669
20260620,hnn-rollout,1,changed_disclosed,1.0,True,0.018306748961371966
20260620,hnn-rollout,1,changed_disclosed,1.0,True,0.6305453501292906
20260620,hnn-rollout,1,changed_disclosed,1.0,True,0.10034747847077874
20260620,hnn-rollout,1,changed_disclosed,1.0,True,0.7057786740360785
20260620,hnn-rollout,1,changed_disclosed,1.0,True,0.17290988594401124
20260620,hnn-rollout,1,changed_disclosed,1.0,True,3.11651433755784
20260620,hnn-rollout,1,changed_disclosed,1.0,True,0.07786496959922129
20260620,hnn-rollout,1,changed_disclosed,1.0,True,0.07413092410527478
20260620,hnn-rollout,1,changed_disclosed,1.0,True,0.6285057780063026
20260620,hnn-rollout,1,changed_disclosed,1.0,True,0.01805917327406803
20260620,hnn-rollout,1,changed_disclosed,1.0,True,0.7526055831242915
20260620,hnn-rollout,1,changed_disclosed,1.0,True,0.010805811526507725
20260620,hnn-rollout,1,normal,10.0,True,0.07455345638457711
20260620,hnn-rollout,1,normal,10.0,True,1.1156624742997412
20260620,hnn-rollout,1,normal,10.0,True,0.8120662322264467
20260620,hnn-rollout,1,normal,10.0,True,0.6644603531855222
20260620,hnn-rollout,1,normal,10.0,True,0.13876903010524533
20260620,hnn-rollout,1,normal,10.0,True,1.5030110300757116
20260620,hnn-rollout,1,normal,10.0,True,1.9514555366371473
20260620,hnn-rollout,1,normal,10.0,True,0.41956380880852784
20260620,hnn-rollout,1,normal,10.0,True,0.891043840879977
20260620,hnn-rollout,1,normal,10.0,True,0.026365529512624164
20260620,hnn-rollout,1,normal,10.0,True,2.3752167414673835
20260620,hnn-rollout,1,normal,10.0,True,1.6052441447178505
20260620,hnn-rollout,1,normal,10.0,True,2.826325507241547
20260620,hnn-rollout,1,normal,10.0,True,0.14089794602192285
20260620,hnn-rollout,1,normal,10.0,True,1.106013890583513
20260620,hnn-rollout,1,normal,10.0,True,1.3930826439010124
20260620,hnn-rollout,1,normal,10.0,True,1.030616724561619
20260620,hnn-rollout,1,normal,10.0,True,0.012925669142502372
20260620,hnn-rollout,1,normal,10.0,True,0.3435430450670718
20260620,hnn-rollout,1,normal,10.0,True,1.9349749898170874
20260620,hnn-rollout,1,normal,1.0,True,0.5229870566184145
20260620,hnn-rollout,1,normal,1.0,True,0.47274352881664017
20260620,hnn-rollout,1,normal,1.0,True,0.3667263422104301
20260620,hnn-rollout,1,normal,1.0,True,0.3948309197012261
20260620,hnn-rollout,1,normal,1.0,True,0.07724365604902506
20260620,hnn-rollout,1,normal,1.0,True,1.2500929659728435
20260620,hnn-rollout,1,normal,1.0,True,0.05485911363021945
20260620,hnn-rollout,1,normal,1.0,True,0.02769224096416467
20260620,hnn-rollout,1,normal,1.0,True,0.4701842079313643
20260620,hnn-rollout,1,normal,1.0,True,0.0714902831833304
20260620,hnn-rollout,1,normal,1.0,True,2.8716294645232168
20260620,hnn-rollout,1,normal,1.0,True,0.5361701466192472
20260620,hnn-rollout,1,normal,1.0,True,0.16549893223348677
20260620,hnn-rollout,1,normal,1.0,True,0.10181126617806813
20260620,hnn-rollout,1,normal,1.0,True,0.0651857940342433
20260620,hnn-rollout,1,normal,1.0,True,0.07410018047783007
20260620,hnn-rollout,1,normal,1.0,True,1.3246246512856188
20260620,hnn-rollout,1,normal,1.0,True,0.11717673149965879
20260620,hnn-rollout,1,normal,1.0,True,0.022331632952466318
20260620,hnn-rollout,1,normal,1.0,True,0.05912167306907623
20260620,hnn-rollout,2,changed_disclosed,10.0,True,1.3133262122939486
20260620,hnn-rollout,2,changed_disclosed,10.0,True,1.5822588902367034
20260620,hnn-rollout,2,changed_disclosed,10.0,True,0.7077609780336509
20260620,hnn-rollout,2,changed_disclosed,10.0,True,1.832866291409733
20260620,hnn-rollout,2,changed_disclosed,10.0,True,0.20061106694098263
20260620,hnn-rollout,2,changed_disclosed,10.0,True,0.4807324742031893
20260620,hnn-rollout,2,changed_disclosed,10.0,True,1.3304873382642728
20260620,hnn-rollout,2,changed_disclosed,10.0,True,0.3442545522361351
20260620,hnn-rollout,2,changed_disclosed,10.0,True,1.5621348069537686
20260620,hnn-rollout,2,changed_disclosed,10.0,True,0.2857283865608433
20260620,hnn-rollout,2,changed_disclosed,10.0,True,2.458345255144176
20260620,hnn-rollout,2,changed_disclosed,10.0,True,1.4160613038057273
20260620,hnn-rollout,2,changed_disclosed,10.0,True,3.0221429571984473
20260620,hnn-rollout,2,changed_disclosed,10.0,True,1.7386151250928537
20260620,hnn-rollout,2,changed_disclosed,10.0,True,0.8584554644978519
20260620,hnn-rollout,2,changed_disclosed,10.0,True,2.0685106741957737
20260620,hnn-rollout,2,changed_disclosed,10.0,True,1.6020419161025745
20260620,hnn-rollout,2,changed_disclosed,10.0,True,1.8394869398641425
20260620,hnn-rollout,2,changed_disclosed,10.0,True,1.9917048702490776
20260620,hnn-rollout,2,changed_disclosed,10.0,True,2.082863907303228
20260620,hnn-rollout,2,changed_disclosed,1.0,True,0.630252721851047
20260620,hnn-rollout,2,changed_disclosed,1.0,True,1.079736590650576
20260620,hnn-rollout,2,changed_disclosed,1.0,True,0.5089887108593585
20260620,hnn-rollout,2,changed_disclosed,1.0,True,0.9768146108957023
20260620,hnn-rollout,2,changed_disclosed,1.0,True,0.03152146668649647
20260620,hnn-rollout,2,changed_disclosed,1.0,True,0.4029250996463283
20260620,hnn-rollout,2,changed_disclosed,1.0,True,2.1672921968697296
20260620,hnn-rollout,2,changed_disclosed,1.0,True,0.5506747015783804
20260620,hnn-rollout,2,changed_disclosed,1.0,True,0.46998073264369356
20260620,hnn-rollout,2,changed_disclosed,1.0,True,0.30450870537491026
20260620,hnn-rollout,2,changed_disclosed,1.0,True,1.7202282316351667
20260620,hnn-rollout,2,changed_disclosed,1.0,True,1.097900828491692
20260620,hnn-rollout,2,changed_disclosed,1.0,True,0.9345434341290808
20260620,hnn-rollout,2,changed_disclosed,1.0,True,2.041510800360126
20260620,hnn-rollout,2,changed_disclosed,1.0,True,0.3672985557782742
20260620,hnn-rollout,2,changed_disclosed,1.0,True,0.2628385274916387
20260620,hnn-rollout,2,changed_disclosed,1.0,True,1.4742107700801705
20260620,hnn-rollout,2,changed_disclosed,1.0,True,1.5442819466424371
20260620,hnn-rollout,2,changed_disclosed,1.0,True,1.6995400685983315
20260620,hnn-rollout,2,changed_disclosed,1.0,True,2.1213833903149513
20260620,hnn-rollout,2,normal,10.0,True,1.2737169938709896
20260620,hnn-rollout,2,normal,10.0,True,1.8516306986992106
20260620,hnn-rollout,2,normal,10.0,True,0.42482861910453273
20260620,hnn-rollout,2,normal,10.0,True,0.6819755516725352
20260620,hnn-rollout,2,normal,10.0,True,1.2598008897661028
20260620,hnn-rollout,2,normal,10.0,True,0.5527176581335969
20260620,hnn-rollout,2,normal,10.0,True,1.3507034697032445
20260620,hnn-rollout,2,normal,10.0,True,1.4650736767344936
20260620,hnn-rollout,2,normal,10.0,True,0.8645001470354452
20260620,hnn-rollout,2,normal,10.0,True,2.5331737024003456
20260620,hnn-rollout,2,normal,10.0,True,1.8495975790137678
20260620,hnn-rollout,2,normal,10.0,True,0.1198738754117421
20260620,hnn-rollout,2,normal,10.0,True,0.189623991525812
20260620,hnn-rollout,2,normal,10.0,True,1.559457640823699
20260620,hnn-rollout,2,normal,10.0,True,0.9968479595936222
20260620,hnn-rollout,2,normal,10.0,True,0.3708831275413018
20260620,hnn-rollout,2,normal,10.0,True,1.323853551888921
20260620,hnn-rollout,2,normal,10.0,True,0.6736270517257843
20260620,hnn-rollout,2,normal,10.0,True,1.4641069733735428
20260620,hnn-rollout,2,normal,10.0,True,1.1042583090667835
20260620,hnn-rollout,2,normal,1.0,True,0.9602531637146661
20260620,hnn-rollout,2,normal,1.0,True,1.0188352382028725
20260620,hnn-rollout,2,normal,1.0,True,0.21940784832937554
20260620,hnn-rollout,2,normal,1.0,True,0.49649222058744646
20260620,hnn-rollout,2,normal,1.0,True,0.7823687036802098
20260620,hnn-rollout,2,normal,1.0,True,0.4529176695583783
20260620,hnn-rollout,2,normal,1.0,True,1.583398486332805
20260620,hnn-rollout,2,normal,1.0,True,1.7115258778425555
20260620,hnn-rollout,2,normal,1.0,True,0.09619439162405885
20260620,hnn-rollout,2,normal,1.0,True,1.0774800586244735
20260620,hnn-rollout,2,normal,1.0,True,1.061905462172669
20260620,hnn-rollout,2,normal,1.0,True,2.0590658506349895
20260620,hnn-rollout,2,normal,1.0,True,0.1796232017574224
20260620,hnn-rollout,2,normal,1.0,True,0.5435236036878734
20260620,hnn-rollout,2,normal,1.0,True,2.111757240836233
20260620,hnn-rollout,2,normal,1.0,True,0.18623617178949758
20260620,hnn-rollout,2,normal,1.0,True,1.3402292387680648
20260620,hnn-rollout,2,normal,1.0,True,1.354395716287383
20260620,hnn-rollout,2,normal,1.0,True,1.4737427897941386
20260620,hnn-rollout,2,normal,1.0,True,1.6400329934521272
20260620,hnn-rollout,3,changed_disclosed,10.0,True,1.3184151097227872
20260620,hnn-rollout,3,changed_disclosed,10.0,True,1.4054445094213561
20260620,hnn-rollout,3,changed_disclosed,10.0,True,1.4617629682065585
20260620,hnn-rollout,3,changed_disclosed,10.0,True,1.461761412358707
20260620,hnn-rollout,3,changed_disclosed,10.0,True,1.263505138424349
20260620,hnn-rollout,3,changed_disclosed,10.0,True,1.9722164510709774
20260620,hnn-rollout,3,changed_disclosed,10.0,True,2.0091361030315515
20260620,hnn-rollout,3,changed_disclosed,10.0,True,2.2481967549454587
20260620,hnn-rollout,3,changed_disclosed,10.0,True,2.0118025693908383
20260620,hnn-rollout,3,changed_disclosed,10.0,True,1.9408723951415432
20260620,hnn-rollout,3,changed_disclosed,10.0,True,2.47196632242858
20260620,hnn-rollout,3,changed_disclosed,10.0,True,1.0310001907630904
20260620,hnn-rollout,3,changed_disclosed,10.0,True,1.5741854628113312
20260620,hnn-rollout,3,changed_disclosed,10.0,True,2.0966173429824155
20260620,hnn-rollout,3,changed_disclosed,10.0,True,1.307456177722288
20260620,hnn-rollout,3,changed_disclosed,10.0,True,1.6563533638735575
20260620,hnn-rollout,3,changed_disclosed,10.0,True,1.4826569078956562
20260620,hnn-rollout,3,changed_disclosed,10.0,True,0.5367617341980987
20260620,hnn-rollout,3,changed_disclosed,10.0,True,1.6872042824557407
20260620,hnn-rollout,3,changed_disclosed,10.0,True,1.3007842803780043
20260620,hnn-rollout,3,changed_disclosed,1.0,True,1.0220669482350724
20260620,hnn-rollout,3,changed_disclosed,1.0,True,0.41642879714636427
20260620,hnn-rollout,3,changed_disclosed,1.0,True,1.6263547391523312
20260620,hnn-rollout,3,changed_disclosed,1.0,True,2.096689279173792
20260620,hnn-rollout,3,changed_disclosed,1.0,True,1.5066726543022437
20260620,hnn-rollout,3,changed_disclosed,1.0,True,0.6094826168801303
20260620,hnn-rollout,3,changed_disclosed,1.0,True,1.2173714658608026
20260620,hnn-rollout,3,changed_disclosed,1.0,True,2.146537340809977
20260620,hnn-rollout,3,changed_disclosed,1.0,True,0.785960743755767
20260620,hnn-rollout,3,changed_disclosed,1.0,True,0.8876194030725012
20260620,hnn-rollout,3,changed_disclosed,1.0,True,1.8379740390322226
20260620,hnn-rollout,3,changed_disclosed,1.0,True,1.561506340076124
20260620,hnn-rollout,3,changed_disclosed,1.0,True,1.8397650939006713
20260620,hnn-rollout,3,changed_disclosed,1.0,True,1.296687525310004
20260620,hnn-rollout,3,changed_disclosed,1.0,True,1.5513580858207219
20260620,hnn-rollout,3,changed_disclosed,1.0,True,1.2285802155871912
20260620,hnn-rollout,3,changed_disclosed,1.0,True,1.7858761203370317
20260620,hnn-rollout,3,changed_disclosed,1.0,True,0.24608756588598032
20260620,hnn-rollout,3,changed_disclosed,1.0,True,1.1516165690260356
20260620,hnn-rollout,3,changed_disclosed,1.0,True,1.4087017154223667
20260620,hnn-rollout,3,normal,10.0,True,1.5650179252089043
20260620,hnn-rollout,3,normal,10.0,True,1.2309377296626403
20260620,hnn-rollout,3,normal,10.0,True,2.269346533505581
20260620,hnn-rollout,3,normal,10.0,True,2.085144120735958
20260620,hnn-rollout,3,normal,10.0,True,2.1582901519002804
20260620,hnn-rollout,3,normal,10.0,True,1.3990814962774774
20260620,hnn-rollout,3,normal,10.0,True,1.307699447734225
20260620,hnn-rollout,3,normal,10.0,True,2.372219014454492
20260620,hnn-rollout,3,normal,10.0,True,2.5117245095225247
20260620,hnn-rollout,3,normal,10.0,True,1.4588499660452368
20260620,hnn-rollout,3,normal,10.0,True,1.5195638565801088
20260620,hnn-rollout,3,normal,10.0,True,0.8213180555256013
20260620,hnn-rollout,3,normal,10.0,True,1.977824979380922
20260620,hnn-rollout,3,normal,10.0,True,2.278091753606354
20260620,hnn-rollout,3,normal,10.0,True,1.2662272129204257
20260620,hnn-rollout,3,normal,10.0,True,1.8245403470514212
20260620,hnn-rollout,3,normal,10.0,True,1.4318177210547038
20260620,hnn-rollout,3,normal,10.0,True,1.919346858331557
20260620,hnn-rollout,3,normal,10.0,True,1.8275578239741843
20260620,hnn-rollout,3,normal,10.0,True,1.7231025350480564
20260620,hnn-rollout,3,normal,1.0,True,1.5291607075932496
20260620,hnn-rollout,3,normal,1.0,True,0.9659284937641783
20260620,hnn-rollout,3,normal,1.0,True,0.36373151409981314
20260620,hnn-rollout,3,normal,1.0,True,1.6282708622693214
20260620,hnn-rollout,3,normal,1.0,True,0.8990649269000274
20260620,hnn-rollout,3,normal,1.0,True,1.2808505087201811
20260620,hnn-rollout,3,normal,1.0,True,0.7418118641763174
20260620,hnn-rollout,3,normal,1.0,True,1.538940030056052
20260620,hnn-rollout,3,normal,1.0,True,1.1933006131703918
20260620,hnn-rollout,3,normal,1.0,True,0.822481514776995
20260620,hnn-rollout,3,normal,1.0,True,1.4247931338612723
20260620,hnn-rollout,3,normal,1.0,True,1.6148058064455661
20260620,hnn-rollout,3,normal,1.0,True,0.5352986725180822
20260620,hnn-rollout,3,normal,1.0,True,1.7591930633290318
20260620,hnn-rollout,3,normal,1.0,True,0.42368076888484846
20260620,hnn-rollout,3,normal,1.0,True,1.221830290124366
20260620,hnn-rollout,3,normal,1.0,True,2.5037572757046003
20260620,hnn-rollout,3,normal,1.0,True,1.8221264538548683
20260620,hnn-rollout,3,normal,1.0,True,0.6195985493112595
20260620,hnn-rollout,3,normal,1.0,True,0.9119309582356201
20260620,hnn-rollout,1,changed_hidden,10.0,True,0.17693422088376565
20260620,hnn-rollout,1,changed_hidden,10.0,True,0.005968318653937654
20260620,hnn-rollout,1,changed_hidden,10.0,True,0.14890187183819625
20260620,hnn-rollout,1,changed_hidden,10.0,True,0.2231212976099073
20260620,hnn-rollout,1,changed_hidden,10.0,True,0.2270430359665503
20260620,hnn-rollout,1,changed_hidden,10.0,True,0.08589479758926233
20260620,hnn-rollout,1,changed_hidden,10.0,True,0.21281979065381496
20260620,hnn-rollout,1,changed_hidden,10.0,True,0.2400500300399222
20260620,hnn-rollout,1,changed_hidden,10.0,True,0.3638459314882181
20260620,hnn-rollout,1,changed_hidden,10.0,True,0.4537735441619146
20260620,hnn-rollout,1,changed_hidden,10.0,True,0.002858656551356198
20260620,hnn-rollout,1,changed_hidden,10.0,True,0.05473256095877854
20260620,hnn-rollout,1,changed_hidden,10.0,True,0.053721849901302576
20260620,hnn-rollout,1,changed_hidden,10.0,True,0.04243890150973817
20260620,hnn-rollout,1,changed_hidden,10.0,True,0.02806542925742761
20260620,hnn-rollout,1,changed_hidden,10.0,True,0.22405279784052556
20260620,hnn-rollout,1,changed_hidden,10.0,True,0.15514380561436125
20260620,hnn-rollout,1,changed_hidden,10.0,True,0.2648101586859224
20260620,hnn-rollout,1,changed_hidden,10.0,True,0.2524599906888594
20260620,hnn-rollout,1,changed_hidden,10.0,True,0.09819785331346997
20260620,hnn-rollout,1,changed_hidden,1.0,True,0.22477679608409984
20260620,hnn-rollout,1,changed_hidden,1.0,True,0.007058455880087244
20260620,hnn-rollout,1,changed_hidden,1.0,True,0.05638293141173811
20260620,hnn-rollout,1,changed_hidden,1.0,True,0.3091857187983038
20260620,hnn-rollout,1,changed_hidden,1.0,True,0.6437859176066532
20260620,hnn-rollout,1,changed_hidden,1.0,True,0.024659756434823876
20260620,hnn-rollout,1,changed_hidden,1.0,True,0.3658800687313839
20260620,hnn-rollout,1,changed_hidden,1.0,True,0.04858955383371155
20260620,hnn-rollout,1,changed_hidden,1.0,True,0.09814012231877633
20260620,hnn-rollout,1,changed_hidden,1.0,True,0.3398172435915603
20260620,hnn-rollout,1,changed_hidden,1.0,True,0.037259495766914785
20260620,hnn-rollout,1,changed_hidden,1.0,True,0.21307477271011166
20260620,hnn-rollout,1,changed_hidden,1.0,True,0.010819338003649648
20260620,hnn-rollout,1,changed_hidden,1.0,True,0.0032097414385821033
20260620,hnn-rollout,1,changed_hidden,1.0,True,0.03775755136410597
20260620,hnn-rollout,1,changed_hidden,1.0,True,0.009204272833902571
20260620,hnn-rollout,1,changed_hidden,1.0,True,0.13591525246968317
20260620,hnn-rollout,1,changed_hidden,1.0,True,0.510926040130026
20260620,hnn-rollout,1,changed_hidden,1.0,True,0.7060978801008693
20260620,hnn-rollout,1,changed_hidden,1.0,True,0.1052473393031006
20260620,hnn-rollout,2,changed_hidden,10.0,True,0.7056922367790526
20260620,hnn-rollout,2,changed_hidden,10.0,True,0.3934671684420308
20260620,hnn-rollout,2,changed_hidden,10.0,True,0.24295163945807907
20260620,hnn-rollout,2,changed_hidden,10.0,True,0.1807362244881392
20260620,hnn-rollout,2,changed_hidden,10.0,True,0.9180239614739638
20260620,hnn-rollout,2,changed_hidden,10.0,True,0.39643921408285143
20260620,hnn-rollout,2,changed_hidden,10.0,True,0.15134315425274592
20260620,hnn-rollout,2,changed_hidden,10.0,True,0.27053813130126914
20260620,hnn-rollout,2,changed_hidden,10.0,True,0.9727549233342918
20260620,hnn-rollout,2,changed_hidden,10.0,True,0.15954265768043907
20260620,hnn-rollout,2,changed_hidden,10.0,True,0.47483056715141725
20260620,hnn-rollout,2,changed_hidden,10.0,True,0.218471225910573
20260620,hnn-rollout,2,changed_hidden,10.0,True,0.3034348262154092
20260620,hnn-rollout,2,changed_hidden,10.0,True,0.33077666745891343
20260620,hnn-rollout,2,changed_hidden,10.0,True,1.0892961365220055
20260620,hnn-rollout,2,changed_hidden,10.0,True,0.8788372913469145
20260620,hnn-rollout,2,changed_hidden,10.0,True,0.3972888164847974
20260620,hnn-rollout,2,changed_hidden,10.0,True,0.11888716016641987
20260620,hnn-rollout,2,changed_hidden,10.0,True,0.858197914486986
20260620,hnn-rollout,2,changed_hidden,10.0,True,0.8202902490067152
20260620,hnn-rollout,2,changed_hidden,1.0,True,1.3148887597586503
20260620,hnn-rollout,2,changed_hidden,1.0,True,1.168738767977847
20260620,hnn-rollout,2,changed_hidden,1.0,True,0.5359745336837651
20260620,hnn-rollout,2,changed_hidden,1.0,True,1.1653548812185486
20260620,hnn-rollout,2,changed_hidden,1.0,True,0.6874243754123925
20260620,hnn-rollout,2,changed_hidden,1.0,True,0.5553761979047773
20260620,hnn-rollout,2,changed_hidden,1.0,True,0.2778712942762285
20260620,hnn-rollout,2,changed_hidden,1.0,True,0.7334452797938011
20260620,hnn-rollout,2,changed_hidden,1.0,True,1.60127264908087
20260620,hnn-rollout,2,changed_hidden,1.0,True,0.27566293562170485
20260620,hnn-rollout,2,changed_hidden,1.0,True,0.6480343343614838
20260620,hnn-rollout,2,changed_hidden,1.0,True,0.9616385504704569
20260620,hnn-rollout,2,changed_hidden,1.0,True,1.0906906427769734
20260620,hnn-rollout,2,changed_hidden,1.0,True,0.6022109743830741
20260620,hnn-rollout,2,changed_hidden,1.0,True,0.39409539638841395
20260620,hnn-rollout,2,changed_hidden,1.0,True,1.826819255675257
20260620,hnn-rollout,2,changed_hidden,1.0,True,0.8435832156753524
20260620,hnn-rollout,2,changed_hidden,1.0,True,0.8458563841837385
20260620,hnn-rollout,2,changed_hidden,1.0,True,1.302921705199446
20260620,hnn-rollout,2,changed_hidden,1.0,True,0.07609731680615295
20260620,hnn-rollout,3,changed_hidden,10.0,True,0.4143366686467373
20260620,hnn-rollout,3,changed_hidden,10.0,True,1.8137502853661633
20260620,hnn-rollout,3,changed_hidden,10.0,True,1.9208746965974044
20260620,hnn-rollout,3,changed_hidden,10.0,True,1.9639877320049222
20260620,hnn-rollout,3,changed_hidden,10.0,True,1.8697653569361783
20260620,hnn-rollout,3,changed_hidden,10.0,True,1.1477895135816538
20260620,hnn-rollout,3,changed_hidden,10.0,True,1.5501442450628362
20260620,hnn-rollout,3,changed_hidden,10.0,True,0.7565797606874881
20260620,hnn-rollout,3,changed_hidden,10.0,True,0.7787486709812784
20260620,hnn-rollout,3,changed_hidden,10.0,True,0.22332167879249512
20260620,hnn-rollout,3,changed_hidden,10.0,True,1.288131723381986
20260620,hnn-rollout,3,changed_hidden,10.0,True,1.0865346530260795
20260620,hnn-rollout,3,changed_hidden,10.0,True,0.4554537849993885
20260620,hnn-rollout,3,changed_hidden,10.0,True,2.1259256278572884
20260620,hnn-rollout,3,changed_hidden,10.0,True,1.2167466665260984
20260620,hnn-rollout,3,changed_hidden,10.0,True,0.6669920986718232
20260620,hnn-rollout,3,changed_hidden,10.0,True,2.002169628924049
20260620,hnn-rollout,3,changed_hidden,10.0,True,1.6070111076423963
20260620,hnn-rollout,3,changed_hidden,10.0,True,0.7143283871651436
20260620,hnn-rollout,3,changed_hidden,10.0,True,1.7208145909595236
20260620,hnn-rollout,3,changed_hidden,1.0,True,1.0585209704092324
20260620,hnn-rollout,3,changed_hidden,1.0,True,0.3745438804011704
20260620,hnn-rollout,3,changed_hidden,1.0,True,0.6907610423775744
20260620,hnn-rollout,3,changed_hidden,1.0,True,1.0719521854821097
20260620,hnn-rollout,3,changed_hidden,1.0,True,1.3102619960786326
20260620,hnn-rollout,3,changed_hidden,1.0,True,2.5935065138675
20260620,hnn-rollout,3,changed_hidden,1.0,True,1.4355268116823716
20260620,hnn-rollout,3,changed_hidden,1.0,True,1.694730957242358
20260620,hnn-rollout,3,changed_hidden,1.0,True,0.7474249642644114
20260620,hnn-rollout,3,changed_hidden,1.0,True,1.6047033452754533
20260620,hnn-rollout,3,changed_hidden,1.0,True,0.6583847606149208
20260620,hnn-rollout,3,changed_hidden,1.0,True,1.1692095677486207
20260620,hnn-rollout,3,changed_hidden,1.0,True,1.1852495675629475
20260620,hnn-rollout,3,changed_hidden,1.0,True,1.6502144937417709
20260620,hnn-rollout,3,changed_hidden,1.0,True,2.1387029389386885
20260620,hnn-rollout,3,changed_hidden,1.0,True,1.283304707231869
20260620,hnn-rollout,3,changed_hidden,1.0,True,2.0009861432589475
20260620,hnn-rollout,3,changed_hidden,1.0,True,0.4705337407315744
20260620,hnn-rollout,3,changed_hidden,1.0,True,1.0382091407704264
20260620,hnn-rollout,3,changed_hidden,1.0,True,2.0389775815766904
20260620,hnn-rollout-mixed,1,changed_disclosed,10.0,True,0.39665505263384704
20260620,hnn-rollout-mixed,1,changed_disclosed,10.0,True,1.7320687511629256
20260620,hnn-rollout-mixed,1,changed_disclosed,10.0,True,0.2455084561304295
20260620,hnn-rollout-mixed,1,changed_disclosed,10.0,True,0.12477560476412419
20260620,hnn-rollout-mixed,1,changed_disclosed,10.0,True,0.07362436359874902
20260620,hnn-rollout-mixed,1,changed_disclosed,10.0,True,0.10262754452518408
20260620,hnn-rollout-mixed,1,changed_disclosed,10.0,True,0.7880870533254205
20260620,hnn-rollout-mixed,1,changed_disclosed,10.0,True,0.7365748306209885
20260620,hnn-rollout-mixed,1,changed_disclosed,10.0,True,0.7246673493932736
20260620,hnn-rollout-mixed,1,changed_disclosed,10.0,True,0.7567105288280436
20260620,hnn-rollout-mixed,1,changed_disclosed,10.0,True,0.3835242563907446
20260620,hnn-rollout-mixed,1,changed_disclosed,10.0,True,2.0801056628923575
20260620,hnn-rollout-mixed,1,changed_disclosed,10.0,True,0.05365522367395226
20260620,hnn-rollout-mixed,1,changed_disclosed,10.0,True,1.9030705124992133
20260620,hnn-rollout-mixed,1,changed_disclosed,10.0,True,0.19543459266749252
20260620,hnn-rollout-mixed,1,changed_disclosed,10.0,True,0.4305862168346808
20260620,hnn-rollout-mixed,1,changed_disclosed,10.0,True,0.33385649082870517
20260620,hnn-rollout-mixed,1,changed_disclosed,10.0,True,0.8862965667640896
20260620,hnn-rollout-mixed,1,changed_disclosed,10.0,True,0.21945276933289737
20260620,hnn-rollout-mixed,1,changed_disclosed,10.0,True,0.4591306805697086
20260620,hnn-rollout-mixed,1,changed_disclosed,1.0,True,0.26194722157375727
20260620,hnn-rollout-mixed,1,changed_disclosed,1.0,True,0.5799012823862517
20260620,hnn-rollout-mixed,1,changed_disclosed,1.0,True,0.17640440942348024
20260620,hnn-rollout-mixed,1,changed_disclosed,1.0,True,0.4799686010634119
20260620,hnn-rollout-mixed,1,changed_disclosed,1.0,True,0.04442094678103636
20260620,hnn-rollout-mixed,1,changed_disclosed,1.0,True,0.006177724402283591
20260620,hnn-rollout-mixed,1,changed_disclosed,1.0,True,0.020111272200524333
20260620,hnn-rollout-mixed,1,changed_disclosed,1.0,True,0.03261728581330958
20260620,hnn-rollout-mixed,1,changed_disclosed,1.0,True,0.022593641849799173
20260620,hnn-rollout-mixed,1,changed_disclosed,1.0,True,0.27121181359676116
20260620,hnn-rollout-mixed,1,changed_disclosed,1.0,True,0.03215827726904674
20260620,hnn-rollout-mixed,1,changed_disclosed,1.0,True,0.37223928971001286
20260620,hnn-rollout-mixed,1,changed_disclosed,1.0,True,0.010094034936717122
20260620,hnn-rollout-mixed,1,changed_disclosed,1.0,True,2.4971530207841193
20260620,hnn-rollout-mixed,1,changed_disclosed,1.0,True,0.0843172857956298
20260620,hnn-rollout-mixed,1,changed_disclosed,1.0,True,0.012185657390208604
20260620,hnn-rollout-mixed,1,changed_disclosed,1.0,True,0.29986669293720825
20260620,hnn-rollout-mixed,1,changed_disclosed,1.0,True,0.024937818056385286
20260620,hnn-rollout-mixed,1,changed_disclosed,1.0,True,0.6150612976785554
20260620,hnn-rollout-mixed,1,changed_disclosed,1.0,True,0.03174936215176327
20260620,hnn-rollout-mixed,1,normal,10.0,True,2.103072361570071
20260620,hnn-rollout-mixed,1,normal,10.0,True,1.360684507861841
20260620,hnn-rollout-mixed,1,normal,10.0,True,2.375419238008857
20260620,hnn-rollout-mixed,1,normal,10.0,True,0.703676423429604
20260620,hnn-rollout-mixed,1,normal,10.0,True,0.28555043324452134
20260620,hnn-rollout-mixed,1,normal,10.0,True,3.01939845953898
20260620,hnn-rollout-mixed,1,normal,10.0,True,1.7538755271600763
20260620,hnn-rollout-mixed,1,normal,10.0,True,0.004879221218414109
20260620,hnn-rollout-mixed,1,normal,10.0,True,1.629672350039102
20260620,hnn-rollout-mixed,1,normal,10.0,True,0.6116083749876031
20260620,hnn-rollout-mixed,1,normal,10.0,True,2.818565547412941
20260620,hnn-rollout-mixed,1,normal,10.0,True,0.1320847404892418
20260620,hnn-rollout-mixed,1,normal,10.0,True,0.17804698739886948
20260620,hnn-rollout-mixed,1,normal,10.0,True,0.636298998270628
20260620,hnn-rollout-mixed,1,normal,10.0,True,0.06429612686841768
20260620,hnn-rollout-mixed,1,normal,10.0,True,1.6141241881344501
20260620,hnn-rollout-mixed,1,normal,10.0,True,1.1233566336515413
20260620,hnn-rollout-mixed,1,normal,10.0,True,0.018343470785836757
20260620,hnn-rollout-mixed,1,normal,10.0,True,0.6580475071072893
20260620,hnn-rollout-mixed,1,normal,10.0,True,2.1531777831844554
20260620,hnn-rollout-mixed,1,normal,1.0,True,0.15962990626358398
20260620,hnn-rollout-mixed,1,normal,1.0,True,0.6992729875539139
20260620,hnn-rollout-mixed,1,normal,1.0,True,0.3887451871013905
20260620,hnn-rollout-mixed,1,normal,1.0,True,0.6006185765515415
20260620,hnn-rollout-mixed,1,normal,1.0,True,0.022467285146212657
20260620,hnn-rollout-mixed,1,normal,1.0,True,0.7768632025758224
20260620,hnn-rollout-mixed,1,normal,1.0,True,1.450230336544843
20260620,hnn-rollout-mixed,1,normal,1.0,True,0.009619897981147485
20260620,hnn-rollout-mixed,1,normal,1.0,True,0.7056481420134526
20260620,hnn-rollout-mixed,1,normal,1.0,True,0.8269989021946897
20260620,hnn-rollout-mixed,1,normal,1.0,True,0.8878801539694692
20260620,hnn-rollout-mixed,1,normal,1.0,True,0.9920769643421159
20260620,hnn-rollout-mixed,1,normal,1.0,True,0.36055617568498777
20260620,hnn-rollout-mixed,1,normal,1.0,True,0.6288883090574915
20260620,hnn-rollout-mixed,1,normal,1.0,True,1.0980520894654213
20260620,hnn-rollout-mixed,1,normal,1.0,True,1.095612176636389
20260620,hnn-rollout-mixed,1,normal,1.0,True,2.7429526589864848
20260620,hnn-rollout-mixed,1,normal,1.0,True,0.05864656003249058
20260620,hnn-rollout-mixed,1,normal,1.0,True,0.9583433211655805
20260620,hnn-rollout-mixed,1,normal,1.0,True,0.16495010012677547
20260620,hnn-rollout-mixed,2,changed_disclosed,10.0,True,2.310445469590417
20260620,hnn-rollout-mixed,2,changed_disclosed,10.0,True,2.2317723489635926
20260620,hnn-rollout-mixed,2,changed_disclosed,10.0,True,0.7754127717583263
20260620,hnn-rollout-mixed,2,changed_disclosed,10.0,True,2.4386877386918044
20260620,hnn-rollout-mixed,2,changed_disclosed,10.0,True,2.850607781431421
20260620,hnn-rollout-mixed,2,changed_disclosed,10.0,True,1.0762708372687761
20260620,hnn-rollout-mixed,2,changed_disclosed,10.0,True,2.285925444360106
20260620,hnn-rollout-mixed,2,changed_disclosed,10.0,True,1.2208920810721926
20260620,hnn-rollout-mixed,2,changed_disclosed,10.0,True,2.1555245435504737
20260620,hnn-rollout-mixed,2,changed_disclosed,10.0,True,1.1401206423074361
20260620,hnn-rollout-mixed,2,changed_disclosed,10.0,True,0.9418843099543608
20260620,hnn-rollout-mixed,2,changed_disclosed,10.0,True,1.2518328825107705
20260620,hnn-rollout-mixed,2,changed_disclosed,10.0,True,2.585664127702394
20260620,hnn-rollout-mixed,2,changed_disclosed,10.0,True,1.5083777158088534
20260620,hnn-rollout-mixed,2,changed_disclosed,10.0,True,1.2027304305283444
20260620,hnn-rollout-mixed,2,changed_disclosed,10.0,True,1.6444141759123125
20260620,hnn-rollout-mixed,2,changed_disclosed,10.0,True,0.5118134597607176
20260620,hnn-rollout-mixed,2,changed_disclosed,10.0,True,0.5267664966280865
20260620,hnn-rollout-mixed,2,changed_disclosed,10.0,True,1.471025452128215
20260620,hnn-rollout-mixed,2,changed_disclosed,10.0,True,0.8112479380488016
20260620,hnn-rollout-mixed,2,changed_disclosed,1.0,True,0.4222197904723348
20260620,hnn-rollout-mixed,2,changed_disclosed,1.0,True,2.17638588872493
20260620,hnn-rollout-mixed,2,changed_disclosed,1.0,True,0.8019414485308252
20260620,hnn-rollout-mixed,2,changed_disclosed,1.0,True,0.6164545512086386
20260620,hnn-rollout-mixed,2,changed_disclosed,1.0,True,1.3177793581310464
20260620,hnn-rollout-mixed,2,changed_disclosed,1.0,True,1.49529876691436
20260620,hnn-rollout-mixed,2,changed_disclosed,1.0,True,1.7567538660692423
20260620,hnn-rollout-mixed,2,changed_disclosed,1.0,True,1.2090968578032157
20260620,hnn-rollout-mixed,2,changed_disclosed,1.0,True,1.1930593071041953
20260620,hnn-rollout-mixed,2,changed_disclosed,1.0,True,2.3904455004787004
20260620,hnn-rollout-mixed,2,changed_disclosed,1.0,True,0.9050746690605598
20260620,hnn-rollout-mixed,2,changed_disclosed,1.0,True,1.8200399949227495
20260620,hnn-rollout-mixed,2,changed_disclosed,1.0,True,1.0841786444626935
20260620,hnn-rollout-mixed,2,changed_disclosed,1.0,True,1.8740229212164823
20260620,hnn-rollout-mixed,2,changed_disclosed,1.0,True,1.92359835961476
20260620,hnn-rollout-mixed,2,changed_disclosed,1.0,True,1.6513539263249148
20260620,hnn-rollout-mixed,2,changed_disclosed,1.0,True,1.3371034607892653
20260620,hnn-rollout-mixed,2,changed_disclosed,1.0,True,1.5303169741508036
20260620,hnn-rollout-mixed,2,changed_disclosed,1.0,True,0.39867445267371493
20260620,hnn-rollout-mixed,2,changed_disclosed,1.0,True,1.3180104511354243
20260620,hnn-rollout-mixed,2,normal,10.0,True,1.0991104443854662
20260620,hnn-rollout-mixed,2,normal,10.0,True,1.3118454671980944
20260620,hnn-rollout-mixed,2,normal,10.0,True,1.3807051768497716
20260620,hnn-rollout-mixed,2,normal,10.0,True,1.3710573869204745
20260620,hnn-rollout-mixed,2,normal,10.0,True,1.765091752183599
20260620,hnn-rollout-mixed,2,normal,10.0,True,0.7124960216117326
20260620,hnn-rollout-mixed,2,normal,10.0,True,0.9695118158280368
20260620,hnn-rollout-mixed,2,normal,10.0,True,1.1851231724753646
20260620,hnn-rollout-mixed,2,normal,10.0,True,0.7934019782934914
20260620,hnn-rollout-mixed,2,normal,10.0,True,0.18081309096170717
20260620,hnn-rollout-mixed,2,normal,10.0,True,1.0516158793374863
20260620,hnn-rollout-mixed,2,normal,10.0,True,0.9710966247723656
20260620,hnn-rollout-mixed,2,normal,10.0,True,0.6108164303600718
20260620,hnn-rollout-mixed,2,normal,10.0,True,2.1816235672470174
20260620,hnn-rollout-mixed,2,normal,10.0,True,1.5873619225162443
20260620,hnn-rollout-mixed,2,normal,10.0,True,2.194485603015107
20260620,hnn-rollout-mixed,2,normal,10.0,True,1.2145118482819086
20260620,hnn-rollout-mixed,2,normal,10.0,True,1.1183368220043217
20260620,hnn-rollout-mixed,2,normal,10.0,True,2.3190499686614405
20260620,hnn-rollout-mixed,2,normal,10.0,True,1.7088573944614007
20260620,hnn-rollout-mixed,2,normal,1.0,True,1.292691811104305
20260620,hnn-rollout-mixed,2,normal,1.0,True,1.7036531905771128
20260620,hnn-rollout-mixed,2,normal,1.0,True,0.09654449265092646
20260620,hnn-rollout-mixed,2,normal,1.0,True,0.29765811068214565
20260620,hnn-rollout-mixed,2,normal,1.0,True,2.243313117263787
20260620,hnn-rollout-mixed,2,normal,1.0,True,0.8119432805066247
20260620,hnn-rollout-mixed,2,normal,1.0,True,0.5543090035578202
20260620,hnn-rollout-mixed,2,normal,1.0,True,1.7601305064057362
20260620,hnn-rollout-mixed,2,normal,1.0,True,0.2563934614024297
20260620,hnn-rollout-mixed,2,normal,1.0,True,1.6457856279880299
20260620,hnn-rollout-mixed,2,normal,1.0,True,1.643520026386367
20260620,hnn-rollout-mixed,2,normal,1.0,True,1.1174844215109674
20260620,hnn-rollout-mixed,2,normal,1.0,True,0.2791071565615473
20260620,hnn-rollout-mixed,2,normal,1.0,True,0.9118992180477159
20260620,hnn-rollout-mixed,2,normal,1.0,True,2.0667538056204573
20260620,hnn-rollout-mixed,2,normal,1.0,True,0.9251859267135454
20260620,hnn-rollout-mixed,2,normal,1.0,True,1.253945152943864
20260620,hnn-rollout-mixed,2,normal,1.0,True,2.7467110699546815
20260620,hnn-rollout-mixed,2,normal,1.0,True,1.8698417057978869
20260620,hnn-rollout-mixed,2,normal,1.0,True,0.13403434548521553
20260620,hnn-rollout-mixed,3,changed_disclosed,10.0,True,2.078420169468098
20260620,hnn-rollout-mixed,3,changed_disclosed,10.0,True,1.4750726962641707
20260620,hnn-rollout-mixed,3,changed_disclosed,10.0,True,1.7751791195328412
20260620,hnn-rollout-mixed,3,changed_disclosed,10.0,True,2.549387828629842
20260620,hnn-rollout-mixed,3,changed_disclosed,10.0,True,2.0659005068140814
20260620,hnn-rollout-mixed,3,changed_disclosed,10.0,True,1.5361039047148388
20260620,hnn-rollout-mixed,3,changed_disclosed,10.0,True,1.0947999546010514
20260620,hnn-rollout-mixed,3,changed_disclosed,10.0,True,0.9874794818997424
20260620,hnn-rollout-mixed,3,changed_disclosed,10.0,True,0.7128276928300382
20260620,hnn-rollout-mixed,3,changed_disclosed,10.0,True,2.31172030219834
20260620,hnn-rollout-mixed,3,changed_disclosed,10.0,True,0.855955247802361
20260620,hnn-rollout-mixed,3,changed_disclosed,10.0,True,0.6674477313248784
20260620,hnn-rollout-mixed,3,changed_disclosed,10.0,True,2.0404318214025587
20260620,hnn-rollout-mixed,3,changed_disclosed,10.0,True,1.6422535522940436
20260620,hnn-rollout-mixed,3,changed_disclosed,10.0,True,1.7463656076311669
20260620,hnn-rollout-mixed,3,changed_disclosed,10.0,True,0.6934638558275795
20260620,hnn-rollout-mixed,3,changed_disclosed,10.0,True,2.1479498139300106
20260620,hnn-rollout-mixed,3,changed_disclosed,10.0,True,1.1025440803901414
20260620,hnn-rollout-mixed,3,changed_disclosed,10.0,True,1.9428016126616263
20260620,hnn-rollout-mixed,3,changed_disclosed,10.0,True,1.860555988807577
20260620,hnn-rollout-mixed,3,changed_disclosed,1.0,True,1.007685918898613
20260620,hnn-rollout-mixed,3,changed_disclosed,1.0,True,1.3874120735874425
20260620,hnn-rollout-mixed,3,changed_disclosed,1.0,True,2.171444499623122
20260620,hnn-rollout-mixed,3,changed_disclosed,1.0,True,2.1320681058802187
20260620,hnn-rollout-mixed,3,changed_disclosed,1.0,True,1.7386033809132602
20260620,hnn-rollout-mixed,3,changed_disclosed,1.0,True,1.178379745603297
20260620,hnn-rollout-mixed,3,changed_disclosed,1.0,True,1.8882209353691186
20260620,hnn-rollout-mixed,3,changed_disclosed,1.0,True,1.9096961673195632
20260620,hnn-rollout-mixed,3,changed_disclosed,1.0,True,2.5013880374837525
20260620,hnn-rollout-mixed,3,changed_disclosed,1.0,True,1.5355323757681265
20260620,hnn-rollout-mixed,3,changed_disclosed,1.0,True,2.6012784306532124
20260620,hnn-rollout-mixed,3,changed_disclosed,1.0,True,1.04300388408729
20260620,hnn-rollout-mixed,3,changed_disclosed,1.0,True,1.1643614019043742
20260620,hnn-rollout-mixed,3,changed_disclosed,1.0,True,1.8818942755830832
20260620,hnn-rollout-mixed,3,changed_disclosed,1.0,True,1.6571674600548103
20260620,hnn-rollout-mixed,3,changed_disclosed,1.0,True,0.3588029073493675
20260620,hnn-rollout-mixed,3,changed_disclosed,1.0,True,1.449368466988588
20260620,hnn-rollout-mixed,3,changed_disclosed,1.0,True,0.8451166320810829
20260620,hnn-rollout-mixed,3,changed_disclosed,1.0,True,1.3919828472946991
20260620,hnn-rollout-mixed,3,changed_disclosed,1.0,True,2.9034949367216343
20260620,hnn-rollout-mixed,3,normal,10.0,True,2.207541778599642
20260620,hnn-rollout-mixed,3,normal,10.0,True,2.0722811917702297
20260620,hnn-rollout-mixed,3,normal,10.0,True,1.8094930478716602
20260620,hnn-rollout-mixed,3,normal,10.0,True,0.9708932512579352
20260620,hnn-rollout-mixed,3,normal,10.0,True,1.8077419240172041
20260620,hnn-rollout-mixed,3,normal,10.0,True,0.8421041864399129
20260620,hnn-rollout-mixed,3,normal,10.0,True,1.3864325989241095
20260620,hnn-rollout-mixed,3,normal,10.0,True,1.465788749655954
20260620,hnn-rollout-mixed,3,normal,10.0,True,1.4094353922355545
20260620,hnn-rollout-mixed,3,normal,10.0,True,1.805590393351661
20260620,hnn-rollout-mixed,3,normal,10.0,True,1.8297603382689427
20260620,hnn-rollout-mixed,3,normal,10.0,True,2.0784080846337907
20260620,hnn-rollout-mixed,3,normal,10.0,True,1.0576380552076934
20260620,hnn-rollout-mixed,3,normal,10.0,True,1.4650980006324248
20260620,hnn-rollout-mixed,3,normal,10.0,True,1.5022840761491263
20260620,hnn-rollout-mixed,3,normal,10.0,True,0.8279567801414073
20260620,hnn-rollout-mixed,3,normal,10.0,True,1.5675821056674213
20260620,hnn-rollout-mixed,3,normal,10.0,True,1.6336143187725864
20260620,hnn-rollout-mixed,3,normal,10.0,True,2.053461425964473
20260620,hnn-rollout-mixed,3,normal,10.0,True,1.267953326407276
20260620,hnn-rollout-mixed,3,normal,1.0,True,2.0140596731467206
20260620,hnn-rollout-mixed,3,normal,1.0,True,1.8821229688890107
20260620,hnn-rollout-mixed,3,normal,1.0,True,0.6118457864786951
20260620,hnn-rollout-mixed,3,normal,1.0,True,1.7500189811936007
20260620,hnn-rollout-mixed,3,normal,1.0,True,1.4270431035695237
20260620,hnn-rollout-mixed,3,normal,1.0,True,1.4553111928048732
20260620,hnn-rollout-mixed,3,normal,1.0,True,2.0931659350932974
20260620,hnn-rollout-mixed,3,normal,1.0,True,1.2098895939772512
20260620,hnn-rollout-mixed,3,normal,1.0,True,0.7674691760513873
20260620,hnn-rollout-mixed,3,normal,1.0,True,1.2306717572481451
20260620,hnn-rollout-mixed,3,normal,1.0,True,1.292555417696782
20260620,hnn-rollout-mixed,3,normal,1.0,True,1.6179108238929907
20260620,hnn-rollout-mixed,3,normal,1.0,True,2.029898483260265
20260620,hnn-rollout-mixed,3,normal,1.0,True,1.127648608456301
20260620,hnn-rollout-mixed,3,normal,1.0,True,1.6183555616826597
20260620,hnn-rollout-mixed,3,normal,1.0,True,1.043788134139713
20260620,hnn-rollout-mixed,3,normal,1.0,True,2.4026434697009824
20260620,hnn-rollout-mixed,3,normal,1.0,True,2.478487586287897
20260620,hnn-rollout-mixed,3,normal,1.0,True,0.5328919088106018
20260620,hnn-rollout-mixed,3,normal,1.0,True,2.4655829105412774
20260620,hnn-rollout-mixed,1,changed_hidden,10.0,True,0.17301474814480677
20260620,hnn-rollout-mixed,1,changed_hidden,10.0,True,0.1719759255418305
20260620,hnn-rollout-mixed,1,changed_hidden,10.0,True,0.2631274840758584
20260620,hnn-rollout-mixed,1,changed_hidden,10.0,True,0.794736690654847
20260620,hnn-rollout-mixed,1,changed_hidden,10.0,True,0.38464279320434835
20260620,hnn-rollout-mixed,1,changed_hidden,10.0,True,0.18385458974535585
20260620,hnn-rollout-mixed,1,changed_hidden,10.0,True,0.44138968209665963
20260620,hnn-rollout-mixed,1,changed_hidden,10.0,True,0.3945220860515062
20260620,hnn-rollout-mixed,1,changed_hidden,10.0,True,0.5358261670168285
20260620,hnn-rollout-mixed,1,changed_hidden,10.0,True,0.5197578949382766
20260620,hnn-rollout-mixed,1,changed_hidden,10.0,True,0.35203098696567814
20260620,hnn-rollout-mixed,1,changed_hidden,10.0,True,0.1608791871674975
20260620,hnn-rollout-mixed,1,changed_hidden,10.0,True,0.18315629932410404
20260620,hnn-rollout-mixed,1,changed_hidden,10.0,True,0.01572935406034537
20260620,hnn-rollout-mixed,1,changed_hidden,10.0,True,0.012141958532282171
20260620,hnn-rollout-mixed,1,changed_hidden,10.0,True,0.5662679935137129
20260620,hnn-rollout-mixed,1,changed_hidden,10.0,True,0.2856584814181673
20260620,hnn-rollout-mixed,1,changed_hidden,10.0,True,0.671289833667783
20260620,hnn-rollout-mixed,1,changed_hidden,10.0,True,0.16393994840340742
20260620,hnn-rollout-mixed,1,changed_hidden,10.0,True,0.09484415864414997
20260620,hnn-rollout-mixed,1,changed_hidden,1.0,True,0.11157287321675602
20260620,hnn-rollout-mixed,1,changed_hidden,1.0,True,0.10520636040680742
20260620,hnn-rollout-mixed,1,changed_hidden,1.0,True,0.019977253912557114
20260620,hnn-rollout-mixed,1,changed_hidden,1.0,True,0.17905419691316204
20260620,hnn-rollout-mixed,1,changed_hidden,1.0,True,0.2099150922679751
20260620,hnn-rollout-mixed,1,changed_hidden,1.0,True,0.02926552585412523
20260620,hnn-rollout-mixed,1,changed_hidden,1.0,True,0.31411771696822566
20260620,hnn-rollout-mixed,1,changed_hidden,1.0,True,0.4442311011300637
20260620,hnn-rollout-mixed,1,changed_hidden,1.0,True,0.3066239504274568
20260620,hnn-rollout-mixed,1,changed_hidden,1.0,True,0.38600502528675706
20260620,hnn-rollout-mixed,1,changed_hidden,1.0,True,0.01747572450274415
20260620,hnn-rollout-mixed,1,changed_hidden,1.0,True,0.09622820238672691
20260620,hnn-rollout-mixed,1,changed_hidden,1.0,True,0.1443297729615356
20260620,hnn-rollout-mixed,1,changed_hidden,1.0,True,0.01929241342281207
20260620,hnn-rollout-mixed,1,changed_hidden,1.0,True,0.0032782705988863015
20260620,hnn-rollout-mixed,1,changed_hidden,1.0,True,0.09703755354723453
20260620,hnn-rollout-mixed,1,changed_hidden,1.0,True,0.3236780371449246
20260620,hnn-rollout-mixed,1,changed_hidden,1.0,True,0.3162414492875736
20260620,hnn-rollout-mixed,1,changed_hidden,1.0,True,0.018829919054685007
20260620,hnn-rollout-mixed,1,changed_hidden,1.0,True,0.14782185695638628
20260620,hnn-rollout-mixed,2,changed_hidden,10.0,True,1.0318063288117223
20260620,hnn-rollout-mixed,2,changed_hidden,10.0,True,0.25851684902088823
20260620,hnn-rollout-mixed,2,changed_hidden,10.0,True,0.08678935755457662
20260620,hnn-rollout-mixed,2,changed_hidden,10.0,True,0.744681814569736
20260620,hnn-rollout-mixed,2,changed_hidden,10.0,True,0.6017059424810902
20260620,hnn-rollout-mixed,2,changed_hidden,10.0,True,0.05637259254543214
20260620,hnn-rollout-mixed,2,changed_hidden,10.0,True,1.1761831798917246
20260620,hnn-rollout-mixed,2,changed_hidden,10.0,True,0.5034738099172118
20260620,hnn-rollout-mixed,2,changed_hidden,10.0,True,0.6160180547804492
20260620,hnn-rollout-mixed,2,changed_hidden,10.0,True,1.3352219535404424
20260620,hnn-rollout-mixed,2,changed_hidden,10.0,True,1.4143624519574445
20260620,hnn-rollout-mixed,2,changed_hidden,10.0,True,0.3346806730139651
20260620,hnn-rollout-mixed,2,changed_hidden,10.0,True,1.6996250117402152
20260620,hnn-rollout-mixed,2,changed_hidden,10.0,True,1.2695809043519843
20260620,hnn-rollout-mixed,2,changed_hidden,10.0,True,1.3581844465087416
20260620,hnn-rollout-mixed,2,changed_hidden,10.0,True,0.5235926581419088
20260620,hnn-rollout-mixed,2,changed_hidden,10.0,True,0.723889599795668
20260620,hnn-rollout-mixed,2,changed_hidden,10.0,True,0.8659099281675917
20260620,hnn-rollout-mixed,2,changed_hidden,10.0,True,1.3238174792756001
20260620,hnn-rollout-mixed,2,changed_hidden,10.0,True,0.6040044414399262
20260620,hnn-rollout-mixed,2,changed_hidden,1.0,True,1.0504768624896
20260620,hnn-rollout-mixed,2,changed_hidden,1.0,True,0.48011436024602694
20260620,hnn-rollout-mixed,2,changed_hidden,1.0,True,0.16185168749002954
20260620,hnn-rollout-mixed,2,changed_hidden,1.0,True,1.8298990560746136
20260620,hnn-rollout-mixed,2,changed_hidden,1.0,True,0.8101693121617584
20260620,hnn-rollout-mixed,2,changed_hidden,1.0,True,0.6542685812642088
20260620,hnn-rollout-mixed,2,changed_hidden,1.0,True,0.6126751984795604
20260620,hnn-rollout-mixed,2,changed_hidden,1.0,True,1.159410865362429
20260620,hnn-rollout-mixed,2,changed_hidden,1.0,True,1.6051829389909609
20260620,hnn-rollout-mixed,2,changed_hidden,1.0,True,0.7369433265513001
20260620,hnn-rollout-mixed,2,changed_hidden,1.0,True,0.29777802048862245
20260620,hnn-rollout-mixed,2,changed_hidden,1.0,True,0.9082552053610677
20260620,hnn-rollout-mixed,2,changed_hidden,1.0,True,0.12604233295729528
20260620,hnn-rollout-mixed,2,changed_hidden,1.0,True,0.30891264457967504
20260620,hnn-rollout-mixed,2,changed_hidden,1.0,True,0.7949453372062047
20260620,hnn-rollout-mixed,2,changed_hidden,1.0,True,0.6645110426814169
20260620,hnn-rollout-mixed,2,changed_hidden,1.0,True,1.2802249502545373
20260620,hnn-rollout-mixed,2,changed_hidden,1.0,True,0.8031956059555669
20260620,hnn-rollout-mixed,2,changed_hidden,1.0,True,0.671279651900359
20260620,hnn-rollout-mixed,2,changed_hidden,1.0,True,0.41325155267621483
20260620,hnn-rollout-mixed,3,changed_hidden,10.0,True,2.2419899843091415
20260620,hnn-rollout-mixed,3,changed_hidden,10.0,True,1.1707234128378048
20260620,hnn-rollout-mixed,3,changed_hidden,10.0,True,1.4513697142592363
20260620,hnn-rollout-mixed,3,changed_hidden,10.0,True,2.0054431263719694
20260620,hnn-rollout-mixed,3,changed_hidden,10.0,True,1.4210862581333352
20260620,hnn-rollout-mixed,3,changed_hidden,10.0,True,0.9158461655714992
20260620,hnn-rollout-mixed,3,changed_hidden,10.0,True,1.2792337367427435
20260620,hnn-rollout-mixed,3,changed_hidden,10.0,True,2.0733627095292873
20260620,hnn-rollout-mixed,3,changed_hidden,10.0,True,1.2539061444130033
20260620,hnn-rollout-mixed,3,changed_hidden,10.0,True,1.62053306110496
20260620,hnn-rollout-mixed,3,changed_hidden,10.0,True,0.5822379147378758
20260620,hnn-rollout-mixed,3,changed_hidden,10.0,True,0.8591122528644468
20260620,hnn-rollout-mixed,3,changed_hidden,10.0,True,2.2431702019422897
20260620,hnn-rollout-mixed,3,changed_hidden,10.0,True,1.5051397292986113
20260620,hnn-rollout-mixed,3,changed_hidden,10.0,True,0.9195238600648553
20260620,hnn-rollout-mixed,3,changed_hidden,10.0,True,2.0534071637699465
20260620,hnn-rollout-mixed,3,changed_hidden,10.0,True,0.9692341563875178
20260620,hnn-rollout-mixed,3,changed_hidden,10.0,True,2.249047099962661
20260620,hnn-rollout-mixed,3,changed_hidden,10.0,True,1.0481737516360028
20260620,hnn-rollout-mixed,3,changed_hidden,10.0,True,1.4319191601058012
20260620,hnn-rollout-mixed,3,changed_hidden,1.0,True,1.453109521059135
20260620,hnn-rollout-mixed,3,changed_hidden,1.0,True,0.6283642068181489
20260620,hnn-rollout-mixed,3,changed_hidden,1.0,True,0.33991051787683063
20260620,hnn-rollout-mixed,3,changed_hidden,1.0,True,1.3831264480956078
20260620,hnn-rollout-mixed,3,changed_hidden,1.0,True,1.8902699399271121
20260620,hnn-rollout-mixed,3,changed_hidden,1.0,True,1.6849205124745963
20260620,hnn-rollout-mixed,3,changed_hidden,1.0,True,1.8551705512828418
20260620,hnn-rollout-mixed,3,changed_hidden,1.0,True,0.6055144133821582
20260620,hnn-rollout-mixed,3,changed_hidden,1.0,True,0.4276169587583036
20260620,hnn-rollout-mixed,3,changed_hidden,1.0,True,1.4730268219760336
20260620,hnn-rollout-mixed,3,changed_hidden,1.0,True,1.3259397072288182
20260620,hnn-rollout-mixed,3,changed_hidden,1.0,True,1.0791510886088294
20260620,hnn-rollout-mixed,3,changed_hidden,1.0,True,0.38015028997492034
20260620,hnn-rollout-mixed,3,changed_hidden,1.0,True,1.780589058155974
20260620,hnn-rollout-mixed,3,changed_hidden,1.0,True,0.39765954337452625
20260620,hnn-rollout-mixed,3,changed_hidden,1.0,True,0.31586430819779787
20260620,hnn-rollout-mixed,3,changed_hidden,1.0,True,1.2874801902820974
20260620,hnn-rollout-mixed,3,changed_hidden,1.0,True,1.4936289493630832
20260620,hnn-rollout-mixed,3,changed_hidden,1.0,True,1.04597429039512
20260620,hnn-rollout-mixed,3,changed_hidden,1.0,True,2.097677994911138
20260620,lnn,1,changed_disclosed,10.0,True,2.1993306511798503
20260620,lnn,1,changed_disclosed,10.0,True,1.536704107916874
20260620,lnn,1,changed_disclosed,10.0,True,0.4705599541531278
20260620,lnn,1,changed_disclosed,10.0,True,0.8184566080070317
20260620,lnn,1,changed_disclosed,10.0,True,1.21576994645784
20260620,lnn,1,changed_disclosed,10.0,True,0.6928402884013423
20260620,lnn,1,changed_disclosed,10.0,True,0.5539628382266613
20260620,lnn,1,changed_disclosed,10.0,True,0.5912086127016725
20260620,lnn,1,changed_disclosed,10.0,True,1.4083306404849676
20260620,lnn,1,changed_disclosed,10.0,True,0.78020318170238
20260620,lnn,1,changed_disclosed,10.0,True,1.756464082239594
20260620,lnn,1,changed_disclosed,10.0,True,1.5237045959326112
20260620,lnn,1,changed_disclosed,10.0,True,2.9309964493219987
20260620,lnn,1,changed_disclosed,10.0,True,2.91077466719857
20260620,lnn,1,changed_disclosed,10.0,True,2.232416021124507
20260620,lnn,1,changed_disclosed,10.0,True,1.156739726602975
20260620,lnn,1,changed_disclosed,10.0,True,1.806701771081629
20260620,lnn,1,changed_disclosed,10.0,True,2.089132314056922
20260620,lnn,1,changed_disclosed,10.0,True,0.8511151758402526
20260620,lnn,1,changed_disclosed,10.0,True,1.788798955936965
20260620,lnn,1,changed_disclosed,1.0,True,0.20596518362339733
20260620,lnn,1,changed_disclosed,1.0,True,1.1431981572436167
20260620,lnn,1,changed_disclosed,1.0,True,0.9979698403270354
20260620,lnn,1,changed_disclosed,1.0,True,0.9098372730240367
20260620,lnn,1,changed_disclosed,1.0,True,1.1816997665611693
20260620,lnn,1,changed_disclosed,1.0,True,0.665694924713466
20260620,lnn,1,changed_disclosed,1.0,True,1.3644598623744546
20260620,lnn,1,changed_disclosed,1.0,True,1.2641971287536409
20260620,lnn,1,changed_disclosed,1.0,True,0.6750942482157054
20260620,lnn,1,changed_disclosed,1.0,True,0.229547707503992
20260620,lnn,1,changed_disclosed,1.0,True,0.12399800161464825
20260620,lnn,1,changed_disclosed,1.0,True,0.8885017088543226
20260620,lnn,1,changed_disclosed,1.0,True,1.0886236948844603
20260620,lnn,1,changed_disclosed,1.0,True,0.8422045764124002
20260620,lnn,1,changed_disclosed,1.0,True,0.7055966775453428
20260620,lnn,1,changed_disclosed,1.0,True,0.513463869266519
20260620,lnn,1,changed_disclosed,1.0,True,0.1920516008073947
20260620,lnn,1,changed_disclosed,1.0,True,1.293849387355503
20260620,lnn,1,changed_disclosed,1.0,True,0.7769347415952161
20260620,lnn,1,changed_disclosed,1.0,True,1.6093096572825119
20260620,lnn,1,normal,10.0,True,0.19532631180856797
20260620,lnn,1,normal,10.0,True,2.8418996711797213
20260620,lnn,1,normal,10.0,True,0.14878018222367828
20260620,lnn,1,normal,10.0,True,0.6502357540145267
20260620,lnn,1,normal,10.0,True,1.7190495352473185
20260620,lnn,1,normal,10.0,True,0.5939557977508851
20260620,lnn,1,normal,10.0,True,2.3824421831266527
20260620,lnn,1,normal,10.0,True,0.17031732389485654
20260620,lnn,1,normal,10.0,True,2.8096019930329454
20260620,lnn,1,normal,10.0,True,0.7149292068137156
20260620,lnn,1,normal,10.0,True,2.034040430409039
20260620,lnn,1,normal,10.0,True,0.7821508586280954
20260620,lnn,1,normal,10.0,True,0.7838440332940202
20260620,lnn,1,normal,10.0,True,0.7440088843394048
20260620,lnn,1,normal,10.0,True,0.6684448383445485
20260620,lnn,1,normal,10.0,True,1.1251405521910365
20260620,lnn,1,normal,10.0,True,3.0312965959541334
20260620,lnn,1,normal,10.0,True,0.6701785198212589
20260620,lnn,1,normal,10.0,True,1.302892023803377
20260620,lnn,1,normal,10.0,True,0.7626226603919086
20260620,lnn,1,normal,1.0,True,0.7860789934271306
20260620,lnn,1,normal,1.0,True,1.4110850852391241
20260620,lnn,1,normal,1.0,True,0.4953049541325889
20260620,lnn,1,normal,1.0,True,2.9757516722740114
20260620,lnn,1,normal,1.0,True,1.3731919004455886
20260620,lnn,1,normal,1.0,True,3.0054803057729824
20260620,lnn,1,normal,1.0,True,0.3459355090608649
20260620,lnn,1,normal,1.0,True,1.6421334328397879
20260620,lnn,1,normal,1.0,True,1.5340890042656463
20260620,lnn,1,normal,1.0,True,0.9569069787390028
20260620,lnn,1,normal,1.0,True,1.4331570391921353
20260620,lnn,1,normal,1.0,True,2.9305531119336496
20260620,lnn,1,normal,1.0,True,2.0247724397064566
20260620,lnn,1,normal,1.0,True,0.7072242272435187
20260620,lnn,1,normal,1.0,True,2.0840766401776634
20260620,lnn,1,normal,1.0,True,1.9294327007062897
20260620,lnn,1,normal,1.0,True,1.7534829609826197
20260620,lnn,1,normal,1.0,True,0.16653592971777664
20260620,lnn,1,normal,1.0,True,2.829022435222136
20260620,lnn,1,normal,1.0,True,1.2989050739464396
20260620,lnn,2,changed_disclosed,10.0,True,2.0409246033235213
20260620,lnn,2,changed_disclosed,10.0,True,0.22159840204338366
20260620,lnn,2,changed_disclosed,10.0,True,1.5222788893373895
20260620,lnn,2,changed_disclosed,10.0,True,1.9400791185397281
20260620,lnn,2,changed_disclosed,10.0,True,0.960045021015894
20260620,lnn,2,changed_disclosed,10.0,True,1.2144596274608581
20260620,lnn,2,changed_disclosed,10.0,True,1.2501765264340747
20260620,lnn,2,changed_disclosed,10.0,True,2.3585100368373553
20260620,lnn,2,changed_disclosed,10.0,True,2.1479007327880844
20260620,lnn,2,changed_disclosed,10.0,True,2.2828921707809364
20260620,lnn,2,changed_disclosed,10.0,True,1.1187581677211256
20260620,lnn,2,changed_disclosed,10.0,True,2.3000055299333244
20260620,lnn,2,changed_disclosed,10.0,True,0.9987657870352464
20260620,lnn,2,changed_disclosed,10.0,True,1.4840603187486279
20260620,lnn,2,changed_disclosed,10.0,False,1.5707963267948966
20260620,lnn,2,changed_disclosed,10.0,True,2.012779917267455
20260620,lnn,2,changed_disclosed,10.0,True,0.8021223397185011
20260620,lnn,2,changed_disclosed,10.0,True,1.224209574460474
20260620,lnn,2,changed_disclosed,10.0,True,0.9798153279958512
20260620,lnn,2,changed_disclosed,10.0,True,1.073108000244261
20260620,lnn,2,changed_disclosed,1.0,True,1.989595472880699
20260620,lnn,2,changed_disclosed,1.0,True,1.3635296846608098
20260620,lnn,2,changed_disclosed,1.0,True,1.94056338403258
20260620,lnn,2,changed_disclosed,1.0,True,2.3413609649469764
20260620,lnn,2,changed_disclosed,1.0,True,0.17221734767754326
20260620,lnn,2,changed_disclosed,1.0,True,0.954887117159305
20260620,lnn,2,changed_disclosed,1.0,True,2.1837938430586696
20260620,lnn,2,changed_disclosed,1.0,True,0.4480464048548536
20260620,lnn,2,changed_disclosed,1.0,True,1.4554689376902858
20260620,lnn,2,changed_disclosed,1.0,True,0.29456151931371566
20260620,lnn,2,changed_disclosed,1.0,True,1.01301803883922
20260620,lnn,2,changed_disclosed,1.0,True,0.8853330678886808
20260620,lnn,2,changed_disclosed,1.0,True,1.3956117259442409
20260620,lnn,2,changed_disclosed,1.0,True,0.4574032556359753
20260620,lnn,2,changed_disclosed,1.0,True,1.704134834404158
20260620,lnn,2,changed_disclosed,1.0,True,1.5880854747735862
20260620,lnn,2,changed_disclosed,1.0,True,2.4461134830682094
20260620,lnn,2,changed_disclosed,1.0,True,2.2004572544693506
20260620,lnn,2,changed_disclosed,1.0,True,1.5958539525165563
20260620,lnn,2,changed_disclosed,1.0,True,1.8185816753324637
20260620,lnn,2,normal,10.0,True,2.39156710501965
20260620,lnn,2,normal,10.0,True,0.6497419917587557
20260620,lnn,2,normal,10.0,True,2.6572494800458983
20260620,lnn,2,normal,10.0,True,1.3940880251698662
20260620,lnn,2,normal,10.0,True,1.789339205191137
20260620,lnn,2,normal,10.0,True,0.42756265302895
20260620,lnn,2,normal,10.0,True,0.2881271273871633
20260620,lnn,2,normal,10.0,True,2.5847123467591864
20260620,lnn,2,normal,10.0,True,0.6347215469041565
20260620,lnn,2,normal,10.0,True,2.156427781664579
20260620,lnn,2,normal,10.0,True,1.316530723857067
20260620,lnn,2,normal,10.0,True,0.6354820596895365
20260620,lnn,2,normal,10.0,True,1.8641668458294838
20260620,lnn,2,normal,10.0,True,2.2667363746878486
20260620,lnn,2,normal,10.0,True,2.823505616442917
20260620,lnn,2,normal,10.0,True,1.026625945748556
20260620,lnn,2,normal,10.0,True,1.515794845029621
20260620,lnn,2,normal,10.0,True,1.8886494610426574
20260620,lnn,2,normal,10.0,True,2.5541453417124025
20260620,lnn,2,normal,10.0,True,1.5164500008602406
20260620,lnn,2,normal,1.0,True,1.2064674590997744
20260620,lnn,2,normal,1.0,True,1.3113458658365493
20260620,lnn,2,normal,1.0,True,1.441418830311012
20260620,lnn,2,normal,1.0,True,1.6977950126080232
20260620,lnn,2,normal,1.0,True,2.1317841997559213
20260620,lnn,2,normal,1.0,True,2.104836923033
20260620,lnn,2,normal,1.0,True,2.67876204481947
20260620,lnn,2,normal,1.0,True,1.2909709524000887
20260620,lnn,2,normal,1.0,True,0.7366084852960308
20260620,lnn,2,normal,1.0,True,1.791269044143582
20260620,lnn,2,normal,1.0,True,0.40064234455828496
20260620,lnn,2,normal,1.0,True,0.596679869335818
20260620,lnn,2,normal,1.0,True,1.1062417173915455
20260620,lnn,2,normal,1.0,True,1.219178965588295
20260620,lnn,2,normal,1.0,True,1.434119246274605
20260620,lnn,2,normal,1.0,True,2.943481177348995
20260620,lnn,2,normal,1.0,True,0.41062274648392894
20260620,lnn,2,normal,1.0,True,2.7234902569307855
20260620,lnn,2,normal,1.0,True,0.7953243605253135
20260620,lnn,2,normal,1.0,True,2.5752092280568775
20260620,lnn,3,changed_disclosed,10.0,True,1.4066067405526883
20260620,lnn,3,changed_disclosed,10.0,True,1.3563291718888795
20260620,lnn,3,changed_disclosed,10.0,True,2.5820363385366782
20260620,lnn,3,changed_disclosed,10.0,False,1.5707963267948966
20260620,lnn,3,changed_disclosed,10.0,False,1.5707963267948966
20260620,lnn,3,changed_disclosed,10.0,False,1.5707963267948966
20260620,lnn,3,changed_disclosed,10.0,True,2.161582543557445
20260620,lnn,3,changed_disclosed,10.0,True,2.362039570672452
20260620,lnn,3,changed_disclosed,10.0,True,1.582135867801598
20260620,lnn,3,changed_disclosed,10.0,False,1.5707963267948966
20260620,lnn,3,changed_disclosed,10.0,True,1.7832503327699467
20260620,lnn,3,changed_disclosed,10.0,True,1.496811279731748
20260620,lnn,3,changed_disclosed,10.0,False,1.5707963267948966
20260620,lnn,3,changed_disclosed,10.0,False,1.5707963267948966
20260620,lnn,3,changed_disclosed,10.0,True,1.8085750557767675
20260620,lnn,3,changed_disclosed,10.0,True,2.3113229393588988
20260620,lnn,3,changed_disclosed,10.0,True,2.7000363587062743
20260620,lnn,3,changed_disclosed,10.0,False,1.5707963267948966
20260620,lnn,3,changed_disclosed,10.0,True,1.728942734975958
20260620,lnn,3,changed_disclosed,10.0,True,1.8676005704856173
20260620,lnn,3,changed_disclosed,1.0,True,0.5826358403575482
20260620,lnn,3,changed_disclosed,1.0,True,0.975593703415281
20260620,lnn,3,changed_disclosed,1.0,True,1.17727727784514
20260620,lnn,3,changed_disclosed,1.0,False,1.5707963267948966
20260620,lnn,3,changed_disclosed,1.0,True,0.4563309384111586
20260620,lnn,3,changed_disclosed,1.0,True,2.255752051464684
20260620,lnn,3,changed_disclosed,1.0,True,2.0181994637006038
20260620,lnn,3,changed_disclosed,1.0,True,2.1504594608520953
20260620,lnn,3,changed_disclosed,1.0,True,1.9083403172956903
20260620,lnn,3,changed_disclosed,1.0,False,1.5707963267948966
20260620,lnn,3,changed_disclosed,1.0,True,0.5272845683249511
20260620,lnn,3,changed_disclosed,1.0,True,1.4583606160459868
20260620,lnn,3,changed_disclosed,1.0,False,1.5707963267948966
20260620,lnn,3,changed_disclosed,1.0,True,2.0050032462802054
20260620,lnn,3,changed_disclosed,1.0,True,1.440933268051799
20260620,lnn,3,changed_disclosed,1.0,True,1.5419094418440664
20260620,lnn,3,changed_disclosed,1.0,True,2.134064803462791
20260620,lnn,3,changed_disclosed,1.0,True,1.2084432439277146
20260620,lnn,3,changed_disclosed,1.0,True,2.487805114780375
20260620,lnn,3,changed_disclosed,1.0,True,0.9951625981541868
20260620,lnn,3,normal,10.0,True,1.4066367583577477
20260620,lnn,3,normal,10.0,True,1.3059386462264644
20260620,lnn,3,normal,10.0,True,1.2403057852986887
20260620,lnn,3,normal,10.0,True,1.3828752183992243
20260620,lnn,3,normal,10.0,False,1.5707963267948966
20260620,lnn,3,normal,10.0,True,2.4943104743326594
20260620,lnn,3,normal,10.0,False,1.5707963267948966
20260620,lnn,3,normal,10.0,True,1.7256934168926155
20260620,lnn,3,normal,10.0,True,1.396417365771087
20260620,lnn,3,normal,10.0,True,1.5380577781459561
20260620,lnn,3,normal,10.0,True,1.227781775276494
20260620,lnn,3,normal,10.0,False,1.5707963267948966
20260620,lnn,3,normal,10.0,True,1.1786330284000772
20260620,lnn,3,normal,10.0,True,1.666752112824747
20260620,lnn,3,normal,10.0,False,1.5707963267948966
20260620,lnn,3,normal,10.0,False,1.5707963267948966
20260620,lnn,3,normal,10.0,True,1.7193037311766197
20260620,lnn,3,normal,10.0,True,2.3999337793618296
20260620,lnn,3,normal,10.0,True,0.5238552777815487
20260620,lnn,3,normal,10.0,True,2.8616252748639748
20260620,lnn,3,normal,1.0,True,1.8845221712182145
20260620,lnn,3,normal,1.0,True,1.434149977315596
20260620,lnn,3,normal,1.0,True,1.5695513419354163
20260620,lnn,3,normal,1.0,True,2.3809285583693884
20260620,lnn,3,normal,1.0,True,1.265878315422261
20260620,lnn,3,normal,1.0,True,1.2827997456670033
20260620,lnn,3,normal,1.0,False,1.5707963267948966
20260620,lnn,3,normal,1.0,True,1.2403295164330894
20260620,lnn,3,normal,1.0,True,1.666269043253843
20260620,lnn,3,normal,1.0,True,2.195651019538706
20260620,lnn,3,normal,1.0,True,2.3624338374839193
20260620,lnn,3,normal,1.0,True,0.9140296028675405
20260620,lnn,3,normal,1.0,True,1.6853122480844542
20260620,lnn,3,normal,1.0,True,1.1172089998298365
20260620,lnn,3,normal,1.0,True,1.5168722358376663
20260620,lnn,3,normal,1.0,True,0.5333952182420024
20260620,lnn,3,normal,1.0,True,1.217681387634079
20260620,lnn,3,normal,1.0,True,3.011622414220895
20260620,lnn,3,normal,1.0,True,1.5460024382761983
20260620,lnn,3,normal,1.0,True,1.8765791042782878
20260620,lnn,1,changed_hidden,10.0,True,2.9535653731166605
20260620,lnn,1,changed_hidden,10.0,True,0.7129909527082652
20260620,lnn,1,changed_hidden,10.0,True,0.681240989696648
20260620,lnn,1,changed_hidden,10.0,True,0.22675234764883712
20260620,lnn,1,changed_hidden,10.0,True,0.6938717544139719
20260620,lnn,1,changed_hidden,10.0,True,0.666491912777567
20260620,lnn,1,changed_hidden,10.0,True,0.7381008010077048
20260620,lnn,1,changed_hidden,10.0,True,0.6434068680720384
20260620,lnn,1,changed_hidden,10.0,True,0.5882970520680013
20260620,lnn,1,changed_hidden,10.0,True,2.8795168711538572
20260620,lnn,1,changed_hidden,10.0,True,0.6781041012229854
20260620,lnn,1,changed_hidden,10.0,True,0.715190192824922
20260620,lnn,1,changed_hidden,10.0,True,0.7282758876458582
20260620,lnn,1,changed_hidden,10.0,True,0.6880207515091765
20260620,lnn,1,changed_hidden,10.0,True,0.6819318570072141
20260620,lnn,1,changed_hidden,10.0,True,0.6343440241133007
20260620,lnn,1,changed_hidden,10.0,True,0.08853055455263759
20260620,lnn,1,changed_hidden,10.0,True,0.16599979347158955
20260620,lnn,1,changed_hidden,10.0,True,0.6440077280267236
20260620,lnn,1,changed_hidden,10.0,True,2.9502196987325924
20260620,lnn,1,changed_hidden,1.0,True,0.9517732997555082
20260620,lnn,1,changed_hidden,1.0,True,0.23029154620269043
20260620,lnn,1,changed_hidden,1.0,True,0.04145027694089354
20260620,lnn,1,changed_hidden,1.0,True,1.2644880421242966
20260620,lnn,1,changed_hidden,1.0,True,0.3262697039457314
20260620,lnn,1,changed_hidden,1.0,True,0.007695624285390945
20260620,lnn,1,changed_hidden,1.0,True,0.42779134674581965
20260620,lnn,1,changed_hidden,1.0,True,0.20087468554133103
20260620,lnn,1,changed_hidden,1.0,True,0.36450102816401
20260620,lnn,1,changed_hidden,1.0,True,0.5021585267390005
20260620,lnn,1,changed_hidden,1.0,True,0.023668050458206302
20260620,lnn,1,changed_hidden,1.0,True,0.17586975294438334
20260620,lnn,1,changed_hidden,1.0,True,0.2903784790012258
20260620,lnn,1,changed_hidden,1.0,True,0.10885352455002595
20260620,lnn,1,changed_hidden,1.0,True,0.08623883780791308
20260620,lnn,1,changed_hidden,1.0,True,0.16200213374314298
20260620,lnn,1,changed_hidden,1.0,True,0.641566014718074
20260620,lnn,1,changed_hidden,1.0,True,1.3312703395659642
20260620,lnn,1,changed_hidden,1.0,True,0.13377222214294981
20260620,lnn,1,changed_hidden,1.0,True,0.7956087034180843
20260620,lnn,2,changed_hidden,10.0,False,1.5707963267948966
20260620,lnn,2,changed_hidden,10.0,True,1.1675821106214226
20260620,lnn,2,changed_hidden,10.0,True,2.7008834951201024
20260620,lnn,2,changed_hidden,10.0,True,1.1497915844022124
20260620,lnn,2,changed_hidden,10.0,True,2.56105147132277
20260620,lnn,2,changed_hidden,10.0,True,2.0343805360845053
20260620,lnn,2,changed_hidden,10.0,True,0.995049124346199
20260620,lnn,2,changed_hidden,10.0,False,1.5707963267948966
20260620,lnn,2,changed_hidden,10.0,True,1.7371804727035887
20260620,lnn,2,changed_hidden,10.0,True,0.7824670325121232
20260620,lnn,2,changed_hidden,10.0,True,1.4001820459924907
20260620,lnn,2,changed_hidden,10.0,True,2.598899945537749
20260620,lnn,2,changed_hidden,10.0,True,2.256047212447779
20260620,lnn,2,changed_hidden,10.0,True,1.4785797963211458
20260620,lnn,2,changed_hidden,10.0,True,1.4259807505563526
20260620,lnn,2,changed_hidden,10.0,True,1.9708749778400936
20260620,lnn,2,changed_hidden,10.0,True,0.2737824826844566
20260620,lnn,2,changed_hidden,10.0,True,1.6576440313599257
20260620,lnn,2,changed_hidden,10.0,True,1.5277150436193878
20260620,lnn,2,changed_hidden,10.0,True,1.7395968254281264
20260620,lnn,2,changed_hidden,1.0,False,1.5707963267948966
20260620,lnn,2,changed_hidden,1.0,True,1.8852756065149472
20260620,lnn,2,changed_hidden,1.0,True,0.5371005084228964
20260620,lnn,2,changed_hidden,1.0,True,0.9819748392707406
20260620,lnn,2,changed_hidden,1.0,True,0.8959780056513016
20260620,lnn,2,changed_hidden,1.0,True,0.5672641235358098
20260620,lnn,2,changed_hidden,1.0,True,0.42173707505852054
20260620,lnn,2,changed_hidden,1.0,True,1.50697693480206
20260620,lnn,2,changed_hidden,1.0,True,1.5955476908354167
20260620,lnn,2,changed_hidden,1.0,True,0.471978133815546
20260620,lnn,2,changed_hidden,1.0,True,0.7848662198959362
20260620,lnn,2,changed_hidden,1.0,True,0.9808091020994452
20260620,lnn,2,changed_hidden,1.0,True,1.0689151639860208
20260620,lnn,2,changed_hidden,1.0,True,0.7563559610204904
20260620,lnn,2,changed_hidden,1.0,True,0.9473200550361172
20260620,lnn,2,changed_hidden,1.0,True,1.5889170396535974
20260620,lnn,2,changed_hidden,1.0,True,0.3927325528085055
20260620,lnn,2,changed_hidden,1.0,True,0.30856841289669057
20260620,lnn,2,changed_hidden,1.0,True,1.5643826534950531
20260620,lnn,2,changed_hidden,1.0,True,0.6462141005923812
20260620,lnn,3,changed_hidden,10.0,False,1.5707963267948966
20260620,lnn,3,changed_hidden,10.0,True,1.277020846139937
20260620,lnn,3,changed_hidden,10.0,True,1.1034341188141508
20260620,lnn,3,changed_hidden,10.0,True,1.7854873443877028
20260620,lnn,3,changed_hidden,10.0,True,1.3014903000046079
20260620,lnn,3,changed_hidden,10.0,True,0.9803538191896889
20260620,lnn,3,changed_hidden,10.0,True,1.4863395557023094
20260620,lnn,3,changed_hidden,10.0,True,0.6988202644229785
20260620,lnn,3,changed_hidden,10.0,True,0.7325681980657647
20260620,lnn,3,changed_hidden,10.0,False,1.5707963267948966
20260620,lnn,3,changed_hidden,10.0,True,2.0733489001566325
20260620,lnn,3,changed_hidden,10.0,True,1.5979044180686646
20260620,lnn,3,changed_hidden,10.0,True,1.0341119357841688
20260620,lnn,3,changed_hidden,10.0,True,0.9561576349843115
20260620,lnn,3,changed_hidden,10.0,True,2.315689783609939
20260620,lnn,3,changed_hidden,10.0,True,2.017956903300668
20260620,lnn,3,changed_hidden,10.0,True,1.877952714997253
20260620,lnn,3,changed_hidden,10.0,True,2.0592722163365322
20260620,lnn,3,changed_hidden,10.0,False,1.5707963267948966
20260620,lnn,3,changed_hidden,10.0,True,0.6922013847812435
20260620,lnn,3,changed_hidden,1.0,True,2.002432567159287
20260620,lnn,3,changed_hidden,1.0,True,0.7549109434741874
20260620,lnn,3,changed_hidden,1.0,True,1.2186206777259436
20260620,lnn,3,changed_hidden,1.0,True,1.3568583064581106
20260620,lnn,3,changed_hidden,1.0,True,2.1626091824067246
20260620,lnn,3,changed_hidden,1.0,True,1.3230865080305823
20260620,lnn,3,changed_hidden,1.0,True,1.6996349831588933
20260620,lnn,3,changed_hidden,1.0,True,1.0184754281076016
20260620,lnn,3,changed_hidden,1.0,True,0.9291725428415479
20260620,lnn,3,changed_hidden,1.0,True,1.231383911406005
20260620,lnn,3,changed_hidden,1.0,True,1.048298811844066
20260620,lnn,3,changed_hidden,1.0,True,1.6765402253027613
20260620,lnn,3,changed_hidden,1.0,True,1.592158154717752
20260620,lnn,3,changed_hidden,1.0,True,1.5390704585355135
20260620,lnn,3,changed_hidden,1.0,True,1.054031252685286
20260620,lnn,3,changed_hidden,1.0,True,0.6729305962293198
20260620,lnn,3,changed_hidden,1.0,True,2.13025980364145
20260620,lnn,3,changed_hidden,1.0,True,1.1615742877135722
20260620,lnn,3,changed_hidden,1.0,True,2.1954740294488513
20260620,lnn,3,changed_hidden,1.0,True,0.8980353727882573
20260620,chronos2-uni,1,changed_disclosed,10.0,True,0.14532352824465988
20260620,chronos2-uni,1,changed_disclosed,10.0,True,1.6607682890863806
20260620,chronos2-uni,1,changed_disclosed,10.0,True,1.907906349499405
20260620,chronos2-uni,1,changed_disclosed,10.0,True,0.03714345541406461
20260620,chronos2-uni,1,changed_disclosed,10.0,True,0.1750878255541215
20260620,chronos2-uni,1,changed_disclosed,10.0,True,0.003067964649490218
20260620,chronos2-uni,1,changed_disclosed,10.0,True,1.8069301828363469
20260620,chronos2-uni,1,changed_disclosed,10.0,True,0.24327868194375402
20260620,chronos2-uni,1,changed_disclosed,10.0,True,0.7855225376191859
20260620,chronos2-uni,1,changed_disclosed,10.0,True,0.15228867437652394
20260620,chronos2-uni,1,changed_disclosed,10.0,True,0.05648246139385549
20260620,chronos2-uni,1,changed_disclosed,10.0,True,0.3370598566730427
20260620,chronos2-uni,1,changed_disclosed,10.0,True,0.04932744347440998
20260620,chronos2-uni,1,changed_disclosed,10.0,True,2.2714586428716403
20260620,chronos2-uni,1,changed_disclosed,10.0,True,0.3120129866781518
20260620,chronos2-uni,1,changed_disclosed,10.0,True,0.20409485316366727
20260620,chronos2-uni,1,changed_disclosed,10.0,True,0.16847632291741466
20260620,chronos2-uni,1,changed_disclosed,10.0,True,0.8232414288522945
20260620,chronos2-uni,1,changed_disclosed,10.0,True,0.568538705324376
20260620,chronos2-uni,1,changed_disclosed,10.0,True,0.1129912668380264
20260620,chronos2-uni,1,changed_disclosed,1.0,True,0.009614420086980768
20260620,chronos2-uni,1,changed_disclosed,1.0,True,0.11215384937643691
20260620,chronos2-uni,1,changed_disclosed,1.0,True,0.3421486941832481
20260620,chronos2-uni,1,changed_disclosed,1.0,True,0.008072293892363636
20260620,chronos2-uni,1,changed_disclosed,1.0,True,0.030415555833652963
20260620,chronos2-uni,1,changed_disclosed,1.0,True,0.026478536105747352
20260620,chronos2-uni,1,changed_disclosed,1.0,True,0.35579288322228475
20260620,chronos2-uni,1,changed_disclosed,1.0,True,0.2620097843252136
20260620,chronos2-uni,1,changed_disclosed,1.0,True,0.48701159563785623
20260620,chronos2-uni,1,changed_disclosed,1.0,True,0.018068681161256706
20260620,chronos2-uni,1,changed_disclosed,1.0,True,0.08850828104485897
20260620,chronos2-uni,1,changed_disclosed,1.0,True,0.2296070555948666
20260620,chronos2-uni,1,changed_disclosed,1.0,True,0.0661708123666731
20260620,chronos2-uni,1,changed_disclosed,1.0,True,0.8119967793005811
20260620,chronos2-uni,1,changed_disclosed,1.0,True,0.037953070547523726
20260620,chronos2-uni,1,changed_disclosed,1.0,True,0.024035948881633296
20260620,chronos2-uni,1,changed_disclosed,1.0,True,0.016089353691561392
20260620,chronos2-uni,1,changed_disclosed,1.0,True,0.22479232281575712
20260620,chronos2-uni,1,changed_disclosed,1.0,True,0.36789415337799714
20260620,chronos2-uni,1,changed_disclosed,1.0,True,0.18063738208823032
20260620,chronos2-uni,1,changed_hidden,10.0,True,0.1351839861799169
20260620,chronos2-uni,1,changed_hidden,10.0,True,0.03883306348163362
20260620,chronos2-uni,1,changed_hidden,10.0,True,0.03247802343065276
20260620,chronos2-uni,1,changed_hidden,10.0,True,0.5351695650426849
20260620,chronos2-uni,1,changed_hidden,10.0,True,1.0311122441467044
20260620,chronos2-uni,1,changed_hidden,10.0,True,0.1727060825202802
20260620,chronos2-uni,1,changed_hidden,10.0,True,0.48098717723171003
20260620,chronos2-uni,1,changed_hidden,10.0,True,0.15975890667740833
20260620,chronos2-uni,1,changed_hidden,10.0,True,0.7776970931135878
20260620,chronos2-uni,1,changed_hidden,10.0,True,0.18157649490784245
20260620,chronos2-uni,1,changed_hidden,10.0,True,0.03167184094213793
20260620,chronos2-uni,1,changed_hidden,10.0,True,0.10673356149735369
20260620,chronos2-uni,1,changed_hidden,10.0,True,0.016713128893282025
20260620,chronos2-uni,1,changed_hidden,10.0,True,0.12715595731404417
20260620,chronos2-uni,1,changed_hidden,10.0,True,0.18254050258263188
20260620,chronos2-uni,1,changed_hidden,10.0,True,0.1451694117210538
20260620,chronos2-uni,1,changed_hidden,10.0,True,0.08385679605423979
20260620,chronos2-uni,1,changed_hidden,10.0,True,0.5468739851778563
20260620,chronos2-uni,1,changed_hidden,10.0,True,0.41445030849754705
20260620,chronos2-uni,1,changed_hidden,10.0,True,0.07885162401764312
20260620,chronos2-uni,1,changed_hidden,1.0,True,0.022329016246915412
20260620,chronos2-uni,1,changed_hidden,1.0,True,0.019478554535217185
20260620,chronos2-uni,1,changed_hidden,1.0,True,0.0006334790798909751
20260620,chronos2-uni,1,changed_hidden,1.0,True,0.12630777471714927
20260620,chronos2-uni,1,changed_hidden,1.0,True,0.10612833569511082
20260620,chronos2-uni,1,changed_hidden,1.0,True,0.00242738764233863
20260620,chronos2-uni,1,changed_hidden,1.0,True,0.0471980386053068
20260620,chronos2-uni,1,changed_hidden,1.0,True,0.03757191266743298
20260620,chronos2-uni,1,changed_hidden,1.0,True,0.07905639725595615
20260620,chronos2-uni,1,changed_hidden,1.0,True,0.054602402722727206
20260620,chronos2-uni,1,changed_hidden,1.0,True,0.0017825200393462026
20260620,chronos2-uni,1,changed_hidden,1.0,True,0.01674277691025372
20260620,chronos2-uni,1,changed_hidden,1.0,True,0.01160054418815104
20260620,chronos2-uni,1,changed_hidden,1.0,True,0.0017534957119313965
20260620,chronos2-uni,1,changed_hidden,1.0,True,0.001889740359438452
20260620,chronos2-uni,1,changed_hidden,1.0,True,0.01300972021972946
20260620,chronos2-uni,1,changed_hidden,1.0,True,0.05460940707972606
20260620,chronos2-uni,1,changed_hidden,1.0,True,0.09062930686860149
20260620,chronos2-uni,1,changed_hidden,1.0,True,0.1218945253307746
20260620,chronos2-uni,1,changed_hidden,1.0,True,0.018690317095089615
20260620,chronos2-uni,1,normal,10.0,True,0.5136543495784656
20260620,chronos2-uni,1,normal,10.0,True,0.6709569619118163
20260620,chronos2-uni,1,normal,10.0,True,0.3647850599454525
20260620,chronos2-uni,1,normal,10.0,True,0.2768624989683883
20260620,chronos2-uni,1,normal,10.0,True,0.3922171990764469
20260620,chronos2-uni,1,normal,10.0,True,0.9108532820683415
20260620,chronos2-uni,1,normal,10.0,True,1.1460267646170301
20260620,chronos2-uni,1,normal,10.0,True,0.11293217472214323
20260620,chronos2-uni,1,normal,10.0,True,0.6753176760959487
20260620,chronos2-uni,1,normal,10.0,True,0.21399865817897723
20260620,chronos2-uni,1,normal,10.0,True,3.0740335468626867
20260620,chronos2-uni,1,normal,10.0,True,0.27414306697109847
20260620,chronos2-uni,1,normal,10.0,True,0.3447629302207553
20260620,chronos2-uni,1,normal,10.0,True,0.19454795325337937
20260620,chronos2-uni,1,normal,10.0,True,0.14918866653728813
20260620,chronos2-uni,1,normal,10.0,True,0.012589474356621277
20260620,chronos2-uni,1,normal,10.0,True,0.3682170069062507
20260620,chronos2-uni,1,normal,10.0,True,0.010445947557126356
20260620,chronos2-uni,1,normal,10.0,True,0.40828309639947724
20260620,chronos2-uni,1,normal,10.0,True,1.1268420933705636
20260620,chronos2-uni,1,normal,1.0,True,0.09713854891756091
20260620,chronos2-uni,1,normal,1.0,True,0.008131162926800162
20260620,chronos2-uni,1,normal,1.0,True,0.06703893389885263
20260620,chronos2-uni,1,normal,1.0,True,0.004042074056600953
20260620,chronos2-uni,1,normal,1.0,True,0.013307413215629005
20260620,chronos2-uni,1,normal,1.0,True,0.00821668769495787
20260620,chronos2-uni,1,normal,1.0,True,0.006197477350802227
20260620,chronos2-uni,1,normal,1.0,True,0.008525275761874784
20260620,chronos2-uni,1,normal,1.0,True,0.013241370095094851
20260620,chronos2-uni,1,normal,1.0,True,0.0032924940914567102
20260620,chronos2-uni,1,normal,1.0,True,0.23563809051862705
20260620,chronos2-uni,1,normal,1.0,True,0.008184614401417267
20260620,chronos2-uni,1,normal,1.0,True,0.045402450778244674
20260620,chronos2-uni,1,normal,1.0,True,0.002953089696740907
20260620,chronos2-uni,1,normal,1.0,True,0.002371515290021442
20260620,chronos2-uni,1,normal,1.0,True,0.008804094599203616
20260620,chronos2-uni,1,normal,1.0,True,0.036313390294247405
20260620,chronos2-uni,1,normal,1.0,True,0.0006893827917142659
20260620,chronos2-uni,1,normal,1.0,True,0.03599890866319111
20260620,chronos2-uni,1,normal,1.0,True,0.021202974041523603
20260620,chronos2-uni,2,changed_disclosed,10.0,True,1.7625149249496241
20260620,chronos2-uni,2,changed_disclosed,10.0,True,0.4947161509069009
20260620,chronos2-uni,2,changed_disclosed,10.0,True,0.21806577610582245
20260620,chronos2-uni,2,changed_disclosed,10.0,True,1.5604218307384792
20260620,chronos2-uni,2,changed_disclosed,10.0,True,0.051759758693243674
20260620,chronos2-uni,2,changed_disclosed,10.0,True,0.14343089246758578
20260620,chronos2-uni,2,changed_disclosed,10.0,True,0.7474499171647957
20260620,chronos2-uni,2,changed_disclosed,10.0,True,0.1947686767294381
20260620,chronos2-uni,2,changed_disclosed,10.0,True,0.6734878020601709
20260620,chronos2-uni,2,changed_disclosed,10.0,True,0.08210607892191613
20260620,chronos2-uni,2,changed_disclosed,10.0,True,1.1027791598041556
20260620,chronos2-uni,2,changed_disclosed,10.0,True,1.1124359045646262
20260620,chronos2-uni,2,changed_disclosed,10.0,True,1.1905306677755314
20260620,chronos2-uni,2,changed_disclosed,10.0,True,0.07696727720453733
20260620,chronos2-uni,2,changed_disclosed,10.0,True,0.02795875932585079
20260620,chronos2-uni,2,changed_disclosed,10.0,True,1.638418613748147
20260620,chronos2-uni,2,changed_disclosed,10.0,True,0.6811701645605406
20260620,chronos2-uni,2,changed_disclosed,10.0,True,0.7777089034950462
20260620,chronos2-uni,2,changed_disclosed,10.0,True,1.2972189433752042
20260620,chronos2-uni,2,changed_disclosed,10.0,True,1.380798380414975
20260620,chronos2-uni,2,changed_disclosed,1.0,True,1.133809228468441
20260620,chronos2-uni,2,changed_disclosed,1.0,True,0.3338495718883616
20260620,chronos2-uni,2,changed_disclosed,1.0,True,0.9683904078531573
20260620,chronos2-uni,2,changed_disclosed,1.0,True,0.8161411585777412
20260620,chronos2-uni,2,changed_disclosed,1.0,True,0.09325942540904575
20260620,chronos2-uni,2,changed_disclosed,1.0,True,0.09698362039270925
20260620,chronos2-uni,2,changed_disclosed,1.0,True,1.571086109065569
20260620,chronos2-uni,2,changed_disclosed,1.0,True,0.6192309071788269
20260620,chronos2-uni,2,changed_disclosed,1.0,True,0.08873402740122827
20260620,chronos2-uni,2,changed_disclosed,1.0,True,0.2563980549338525
20260620,chronos2-uni,2,changed_disclosed,1.0,True,0.6676180438628361
20260620,chronos2-uni,2,changed_disclosed,1.0,True,1.5494144929884905
20260620,chronos2-uni,2,changed_disclosed,1.0,True,0.9834976275176881
20260620,chronos2-uni,2,changed_disclosed,1.0,True,1.0036288319134652
20260620,chronos2-uni,2,changed_disclosed,1.0,True,0.29039242504150686
20260620,chronos2-uni,2,changed_disclosed,1.0,True,1.6343583437887115
20260620,chronos2-uni,2,changed_disclosed,1.0,True,1.3182338981875634
20260620,chronos2-uni,2,changed_disclosed,1.0,True,0.9243786919159873
20260620,chronos2-uni,2,changed_disclosed,1.0,True,1.536419939542513
20260620,chronos2-uni,2,changed_disclosed,1.0,True,0.5159386680819851
20260620,chronos2-uni,2,changed_hidden,10.0,True,1.1333356580863576
20260620,chronos2-uni,2,changed_hidden,10.0,True,0.44775355159488184
20260620,chronos2-uni,2,changed_hidden,10.0,True,0.4150355815570037
20260620,chronos2-uni,2,changed_hidden,10.0,True,0.5633661678958162
20260620,chronos2-uni,2,changed_hidden,10.0,True,0.40608896530816185
20260620,chronos2-uni,2,changed_hidden,10.0,True,0.539931057291418
20260620,chronos2-uni,2,changed_hidden,10.0,True,0.5480249980252854
20260620,chronos2-uni,2,changed_hidden,10.0,True,0.09375581894911678
20260620,chronos2-uni,2,changed_hidden,10.0,True,0.24355766757935426
20260620,chronos2-uni,2,changed_hidden,10.0,True,0.4117012455476401
20260620,chronos2-uni,2,changed_hidden,10.0,True,1.0782274162530863
20260620,chronos2-uni,2,changed_hidden,10.0,True,0.7670159817601614
20260620,chronos2-uni,2,changed_hidden,10.0,True,1.0690711499697834
20260620,chronos2-uni,2,changed_hidden,10.0,True,0.5876821865923292
20260620,chronos2-uni,2,changed_hidden,10.0,True,0.634126476706814
20260620,chronos2-uni,2,changed_hidden,10.0,True,0.5921603097865407
20260620,chronos2-uni,2,changed_hidden,10.0,True,0.056504637962097704
20260620,chronos2-uni,2,changed_hidden,10.0,True,0.15194782912608673
20260620,chronos2-uni,2,changed_hidden,10.0,True,1.3991113837795148
20260620,chronos2-uni,2,changed_hidden,10.0,True,0.055861476405725696
20260620,chronos2-uni,2,changed_hidden,1.0,True,1.3930798469730339
20260620,chronos2-uni,2,changed_hidden,1.0,True,1.1917414213198718
20260620,chronos2-uni,2,changed_hidden,1.0,True,0.14787715984132488
20260620,chronos2-uni,2,changed_hidden,1.0,True,0.08272145348639293
20260620,chronos2-uni,2,changed_hidden,1.0,True,0.12786868625263903
20260620,chronos2-uni,2,changed_hidden,1.0,True,0.2778819512293622
20260620,chronos2-uni,2,changed_hidden,1.0,True,0.19460527529145488
20260620,chronos2-uni,2,changed_hidden,1.0,True,0.3217806982323592
20260620,chronos2-uni,2,changed_hidden,1.0,True,0.2112137623121737
20260620,chronos2-uni,2,changed_hidden,1.0,True,0.2056127177646021
20260620,chronos2-uni,2,changed_hidden,1.0,True,0.6000919272889245
20260620,chronos2-uni,2,changed_hidden,1.0,True,0.21276347849834698
20260620,chronos2-uni,2,changed_hidden,1.0,True,0.17393306025606403
20260620,chronos2-uni,2,changed_hidden,1.0,True,0.20259382273920434
20260620,chronos2-uni,2,changed_hidden,1.0,True,0.3260905535823857
20260620,chronos2-uni,2,changed_hidden,1.0,True,0.4492577444521
20260620,chronos2-uni,2,changed_hidden,1.0,True,0.041624450108290745
20260620,chronos2-uni,2,changed_hidden,1.0,True,0.006588491491745341
20260620,chronos2-uni,2,changed_hidden,1.0,True,1.2955475353982144
20260620,chronos2-uni,2,changed_hidden,1.0,True,0.017868207134235314
20260620,chronos2-uni,2,normal,10.0,True,0.04357886476804684
20260620,chronos2-uni,2,normal,10.0,True,2.3226308261012987
20260620,chronos2-uni,2,normal,10.0,True,1.0204448209063826
20260620,chronos2-uni,2,normal,10.0,True,1.2931327052653065
20260620,chronos2-uni,2,normal,10.0,True,1.4170176170419673
20260620,chronos2-uni,2,normal,10.0,True,0.3439910971994067
20260620,chronos2-uni,2,normal,10.0,True,0.7638839557222012
20260620,chronos2-uni,2,normal,10.0,True,3.0680041434977188
20260620,chronos2-uni,2,normal,10.0,True,1.1533841120813313
20260620,chronos2-uni,2,normal,10.0,True,2.0304611274763067
20260620,chronos2-uni,2,normal,10.0,True,1.1148525267719276
20260620,chronos2-uni,2,normal,10.0,True,0.9604578161421311
20260620,chronos2-uni,2,normal,10.0,True,0.28724029244644167
20260620,chronos2-uni,2,normal,10.0,True,1.933226078431323
20260620,chronos2-uni,2,normal,10.0,True,1.3229838502888498
20260620,chronos2-uni,2,normal,10.0,True,0.5305360908878369
20260620,chronos2-uni,2,normal,10.0,True,2.135655059540337
20260620,chronos2-uni,2,normal,10.0,True,1.5407539241812147
20260620,chronos2-uni,2,normal,10.0,True,2.163143238539829
20260620,chronos2-uni,2,normal,10.0,True,0.5617086545730634
20260620,chronos2-uni,2,normal,1.0,True,0.5402131732841
20260620,chronos2-uni,2,normal,1.0,True,1.5504800447059153
20260620,chronos2-uni,2,normal,1.0,True,0.09238943987892956
20260620,chronos2-uni,2,normal,1.0,True,0.26796188060463066
20260620,chronos2-uni,2,normal,1.0,True,2.1437806821896928
20260620,chronos2-uni,2,normal,1.0,True,0.06509490219717806
20260620,chronos2-uni,2,normal,1.0,True,0.8068353583658403
20260620,chronos2-uni,2,normal,1.0,True,1.8542993809818542
20260620,chronos2-uni,2,normal,1.0,True,0.9918156961503757
20260620,chronos2-uni,2,normal,1.0,True,1.912194771177405
20260620,chronos2-uni,2,normal,1.0,True,2.5495082295760705
20260620,chronos2-uni,2,normal,1.0,True,1.063835179557238
20260620,chronos2-uni,2,normal,1.0,True,0.0007017234169888198
20260620,chronos2-uni,2,normal,1.0,True,1.7846593211560178
20260620,chronos2-uni,2,normal,1.0,True,2.041212013187209
20260620,chronos2-uni,2,normal,1.0,True,0.4488112183610411
20260620,chronos2-uni,2,normal,1.0,True,1.7774634500041095
20260620,chronos2-uni,2,normal,1.0,True,0.6017410040880171
20260620,chronos2-uni,2,normal,1.0,True,0.5979576167078235
20260620,chronos2-uni,2,normal,1.0,True,0.2303859234141712
20260620,chronos2-uni,3,changed_disclosed,10.0,True,0.8271111807290504
20260620,chronos2-uni,3,changed_disclosed,10.0,True,0.9653569561328664
20260620,chronos2-uni,3,changed_disclosed,10.0,True,1.5213481628416134
20260620,chronos2-uni,3,changed_disclosed,10.0,True,2.3282761971796715
20260620,chronos2-uni,3,changed_disclosed,10.0,True,1.6832063315802586
20260620,chronos2-uni,3,changed_disclosed,10.0,True,0.6561902156143424
20260620,chronos2-uni,3,changed_disclosed,10.0,True,0.55913787094172
20260620,chronos2-uni,3,changed_disclosed,10.0,True,1.204673570871595
20260620,chronos2-uni,3,changed_disclosed,10.0,True,1.0072003220337122
20260620,chronos2-uni,3,changed_disclosed,10.0,True,1.3326601845584352
20260620,chronos2-uni,3,changed_disclosed,10.0,True,1.8076645073904978
20260620,chronos2-uni,3,changed_disclosed,10.0,True,0.7733936285695128
20260620,chronos2-uni,3,changed_disclosed,10.0,True,1.1741497039434272
20260620,chronos2-uni,3,changed_disclosed,10.0,True,2.1304941180498713
20260620,chronos2-uni,3,changed_disclosed,10.0,True,0.8198105230193574
20260620,chronos2-uni,3,changed_disclosed,10.0,True,0.7655715779989344
20260620,chronos2-uni,3,changed_disclosed,10.0,True,1.1111107845636414
20260620,chronos2-uni,3,changed_disclosed,10.0,True,0.5472047111352514
20260620,chronos2-uni,3,changed_disclosed,10.0,True,0.7427831986637415
20260620,chronos2-uni,3,changed_disclosed,10.0,True,1.5670465307938348
20260620,chronos2-uni,3,changed_disclosed,1.0,True,1.0638067301269454
20260620,chronos2-uni,3,changed_disclosed,1.0,True,0.8471944976653615
20260620,chronos2-uni,3,changed_disclosed,1.0,True,1.453113351096672
20260620,chronos2-uni,3,changed_disclosed,1.0,True,2.0756890320663293
20260620,chronos2-uni,3,changed_disclosed,1.0,True,1.4639496501101166
20260620,chronos2-uni,3,changed_disclosed,1.0,True,1.2716016716346548
20260620,chronos2-uni,3,changed_disclosed,1.0,True,1.7177000502260498
20260620,chronos2-uni,3,changed_disclosed,1.0,True,0.9865409692627548
20260620,chronos2-uni,3,changed_disclosed,1.0,True,1.062231758976553
20260620,chronos2-uni,3,changed_disclosed,1.0,True,2.0629490153120487
20260620,chronos2-uni,3,changed_disclosed,1.0,True,1.025308400860201
20260620,chronos2-uni,3,changed_disclosed,1.0,True,0.2002304978570663
20260620,chronos2-uni,3,changed_disclosed,1.0,True,0.8472711790846205
20260620,chronos2-uni,3,changed_disclosed,1.0,True,0.9247955142685106
20260620,chronos2-uni,3,changed_disclosed,1.0,True,1.724535632600655
20260620,chronos2-uni,3,changed_disclosed,1.0,True,0.7612798661315457
20260620,chronos2-uni,3,changed_disclosed,1.0,True,1.806958525917438
20260620,chronos2-uni,3,changed_disclosed,1.0,True,1.025066798922708
20260620,chronos2-uni,3,changed_disclosed,1.0,True,1.2364541626606034
20260620,chronos2-uni,3,changed_disclosed,1.0,True,1.5420372194301715
20260620,chronos2-uni,3,changed_hidden,10.0,True,0.9976049271179477
20260620,chronos2-uni,3,changed_hidden,10.0,True,0.9529548541690486
20260620,chronos2-uni,3,changed_hidden,10.0,True,0.5233387875314269
20260620,chronos2-uni,3,changed_hidden,10.0,True,0.6548700288257964
20260620,chronos2-uni,3,changed_hidden,10.0,True,0.9484981461543004
20260620,chronos2-uni,3,changed_hidden,10.0,True,0.7576347650077019
20260620,chronos2-uni,3,changed_hidden,10.0,True,2.2033931121844996
20260620,chronos2-uni,3,changed_hidden,10.0,True,0.9986758898160063
20260620,chronos2-uni,3,changed_hidden,10.0,True,0.09651378631758852
20260620,chronos2-uni,3,changed_hidden,10.0,True,0.2174832657706746
20260620,chronos2-uni,3,changed_hidden,10.0,True,0.3926071815712476
20260620,chronos2-uni,3,changed_hidden,10.0,True,0.8711892112530609
20260620,chronos2-uni,3,changed_hidden,10.0,True,0.7632308399642813
20260620,chronos2-uni,3,changed_hidden,10.0,True,0.4498155340589725
20260620,chronos2-uni,3,changed_hidden,10.0,True,0.9816837804365363
20260620,chronos2-uni,3,changed_hidden,10.0,True,0.5156990116243212
20260620,chronos2-uni,3,changed_hidden,10.0,True,0.5958069908107623
20260620,chronos2-uni,3,changed_hidden,10.0,True,0.6367958683282073
20260620,chronos2-uni,3,changed_hidden,10.0,True,0.5765381765795327
20260620,chronos2-uni,3,changed_hidden,10.0,True,1.2357128155358632
20260620,chronos2-uni,3,changed_hidden,1.0,True,0.7811193119532707
20260620,chronos2-uni,3,changed_hidden,1.0,True,0.40023692217176077
20260620,chronos2-uni,3,changed_hidden,1.0,True,0.16656880271075014
20260620,chronos2-uni,3,changed_hidden,1.0,True,1.5142306157507912
20260620,chronos2-uni,3,changed_hidden,1.0,True,1.655703092266653
20260620,chronos2-uni,3,changed_hidden,1.0,True,1.1262089627764547
20260620,chronos2-uni,3,changed_hidden,1.0,True,0.7389561126359084
20260620,chronos2-uni,3,changed_hidden,1.0,True,0.3117596138241325
20260620,chronos2-uni,3,changed_hidden,1.0,True,0.23806287105595367
20260620,chronos2-uni,3,changed_hidden,1.0,True,1.4870328256175256
20260620,chronos2-uni,3,changed_hidden,1.0,True,0.7861912769222518
20260620,chronos2-uni,3,changed_hidden,1.0,True,0.5581370026140197
20260620,chronos2-uni,3,changed_hidden,1.0,True,0.9542079294313147
20260620,chronos2-uni,3,changed_hidden,1.0,True,1.8803579208105592
20260620,chronos2-uni,3,changed_hidden,1.0,True,0.6072583239598339
20260620,chronos2-uni,3,changed_hidden,1.0,True,0.2780592494153152
20260620,chronos2-uni,3,changed_hidden,1.0,True,1.3850875820983648
20260620,chronos2-uni,3,changed_hidden,1.0,True,0.3271052954817029
20260620,chronos2-uni,3,changed_hidden,1.0,True,0.7525083470722055
20260620,chronos2-uni,3,changed_hidden,1.0,True,0.9413907104611298
20260620,chronos2-uni,3,normal,10.0,True,0.8624168070284955
20260620,chronos2-uni,3,normal,10.0,True,0.3719667241460011
20260620,chronos2-uni,3,normal,10.0,True,0.8896691705699188
20260620,chronos2-uni,3,normal,10.0,True,1.0535776992867891
20260620,chronos2-uni,3,normal,10.0,True,0.3278841143308517
20260620,chronos2-uni,3,normal,10.0,True,0.537311189587991
20260620,chronos2-uni,3,normal,10.0,True,2.237114656546943
20260620,chronos2-uni,3,normal,10.0,True,0.5449436487882128
20260620,chronos2-uni,3,normal,10.0,True,0.9402954628781796
20260620,chronos2-uni,3,normal,10.0,True,0.7127626047263745
20260620,chronos2-uni,3,normal,10.0,True,0.43928531652908226
20260620,chronos2-uni,3,normal,10.0,True,0.6880734628708428
20260620,chronos2-uni,3,normal,10.0,True,2.041413346942678
20260620,chronos2-uni,3,normal,10.0,True,1.259637179564405
20260620,chronos2-uni,3,normal,10.0,True,0.8785857294705582
20260620,chronos2-uni,3,normal,10.0,True,1.4302206314373578
20260620,chronos2-uni,3,normal,10.0,True,2.3067634470564715
20260620,chronos2-uni,3,normal,10.0,True,0.5558867304142013
20260620,chronos2-uni,3,normal,10.0,True,0.8977802491446316
20260620,chronos2-uni,3,normal,10.0,True,0.4558318330204781
20260620,chronos2-uni,3,normal,1.0,True,0.3705349198092849
20260620,chronos2-uni,3,normal,1.0,True,0.2870190318022969
20260620,chronos2-uni,3,normal,1.0,True,0.3970378181219214
20260620,chronos2-uni,3,normal,1.0,True,2.034598725511319
20260620,chronos2-uni,3,normal,1.0,True,0.18640443406010712
20260620,chronos2-uni,3,normal,1.0,True,0.5123466137506756
20260620,chronos2-uni,3,normal,1.0,True,2.0331970059635425
20260620,chronos2-uni,3,normal,1.0,True,0.1390137797131296
20260620,chronos2-uni,3,normal,1.0,True,0.5692663478626728
20260620,chronos2-uni,3,normal,1.0,True,1.0466642040996303
20260620,chronos2-uni,3,normal,1.0,True,0.6132273419829716
20260620,chronos2-uni,3,normal,1.0,True,0.624263319376268
20260620,chronos2-uni,3,normal,1.0,True,2.3711282455267426
20260620,chronos2-uni,3,normal,1.0,True,1.2753913529727552
20260620,chronos2-uni,3,normal,1.0,True,0.9736301917573419
20260620,chronos2-uni,3,normal,1.0,True,2.344608584394218
20260620,chronos2-uni,3,normal,1.0,True,1.177065890702198
20260620,chronos2-uni,3,normal,1.0,True,1.2506155772558232
20260620,chronos2-uni,3,normal,1.0,True,0.5594509132488534
20260620,chronos2-uni,3,normal,1.0,True,0.777131687053575
20260620,chronos2-multi,1,changed_disclosed,10.0,True,0.14893760372655152
20260620,chronos2-multi,1,changed_disclosed,10.0,True,1.5827133841486365
20260620,chronos2-multi,1,changed_disclosed,10.0,True,2.8950037320448763
20260620,chronos2-multi,1,changed_disclosed,10.0,True,0.004614816574342928
20260620,chronos2-multi,1,changed_disclosed,10.0,True,0.151088670986403
20260620,chronos2-multi,1,changed_disclosed,10.0,True,0.022449379825302263
20260620,chronos2-multi,1,changed_disclosed,10.0,True,1.7265444978693059
20260620,chronos2-multi,1,changed_disclosed,10.0,True,0.08017504244055385
20260620,chronos2-multi,1,changed_disclosed,10.0,True,0.8259862236085658
20260620,chronos2-multi,1,changed_disclosed,10.0,True,0.0913667073469524
20260620,chronos2-multi,1,changed_disclosed,10.0,True,0.0981246504197344
20260620,chronos2-multi,1,changed_disclosed,10.0,True,0.06532275797919507
20260620,chronos2-multi,1,changed_disclosed,10.0,True,0.09706694341314037
20260620,chronos2-multi,1,changed_disclosed,10.0,True,1.8304243258550388
20260620,chronos2-multi,1,changed_disclosed,10.0,True,0.6055476231756494
20260620,chronos2-multi,1,changed_disclosed,10.0,True,0.24062153315634305
20260620,chronos2-multi,1,changed_disclosed,10.0,True,0.12793062093682384
20260620,chronos2-multi,1,changed_disclosed,10.0,True,0.9115725023748622
20260620,chronos2-multi,1,changed_disclosed,10.0,True,0.861620227312291
20260620,chronos2-multi,1,changed_disclosed,10.0,True,0.023520058998155235
20260620,chronos2-multi,1,changed_disclosed,1.0,True,0.006667482703088812
20260620,chronos2-multi,1,changed_disclosed,1.0,True,0.30387409664511367
20260620,chronos2-multi,1,changed_disclosed,1.0,True,0.2718915072935997
20260620,chronos2-multi,1,changed_disclosed,1.0,True,0.0034618009181222043
20260620,chronos2-multi,1,changed_disclosed,1.0,True,0.053117772935703744
20260620,chronos2-multi,1,changed_disclosed,1.0,True,0.053004748798008094
20260620,chronos2-multi,1,changed_disclosed,1.0,True,0.3948026927163033
20260620,chronos2-multi,1,changed_disclosed,1.0,True,0.20729748879298704
20260620,chronos2-multi,1,changed_disclosed,1.0,True,0.37445346918827127
20260620,chronos2-multi,1,changed_disclosed,1.0,True,0.018696178991941537
20260620,chronos2-multi,1,changed_disclosed,1.0,True,0.1332217782067242
20260620,chronos2-multi,1,changed_disclosed,1.0,True,0.29589981835121426
20260620,chronos2-multi,1,changed_disclosed,1.0,True,0.06250578236407911
20260620,chronos2-multi,1,changed_disclosed,1.0,True,0.994712195255171
20260620,chronos2-multi,1,changed_disclosed,1.0,True,0.0038849629425432575
20260620,chronos2-multi,1,changed_disclosed,1.0,True,0.06450154221964599
20260620,chronos2-multi,1,changed_disclosed,1.0,True,0.015127982963101694
20260620,chronos2-multi,1,changed_disclosed,1.0,True,0.22238834828267606
20260620,chronos2-multi,1,changed_disclosed,1.0,True,0.486985187313544
20260620,chronos2-multi,1,changed_disclosed,1.0,True,0.068587802467869
20260620,chronos2-multi,1,changed_hidden,10.0,True,0.10093264644631628
20260620,chronos2-multi,1,changed_hidden,10.0,True,0.0017746571318459914
20260620,chronos2-multi,1,changed_hidden,10.0,True,0.026486646273784498
20260620,chronos2-multi,1,changed_hidden,10.0,True,0.02579358879642646
20260620,chronos2-multi,1,changed_hidden,10.0,True,0.6429338956054447
20260620,chronos2-multi,1,changed_hidden,10.0,True,0.09694972640017063
20260620,chronos2-multi,1,changed_hidden,10.0,True,0.5683831432847191
20260620,chronos2-multi,1,changed_hidden,10.0,True,0.28473656983677875
20260620,chronos2-multi,1,changed_hidden,10.0,True,0.4482952884591356
20260620,chronos2-multi,1,changed_hidden,10.0,True,0.3657497212643488
20260620,chronos2-multi,1,changed_hidden,10.0,True,0.036856941634184626
20260620,chronos2-multi,1,changed_hidden,10.0,True,0.07910936046781458
20260620,chronos2-multi,1,changed_hidden,10.0,True,0.09927099058160582
20260620,chronos2-multi,1,changed_hidden,10.0,True,0.10283284405139081
20260620,chronos2-multi,1,changed_hidden,10.0,True,0.1475048476801737
20260620,chronos2-multi,1,changed_hidden,10.0,True,0.05321117577177592
20260620,chronos2-multi,1,changed_hidden,10.0,True,0.07292892676771112
20260620,chronos2-multi,1,changed_hidden,10.0,True,0.4459447249239501
20260620,chronos2-multi,1,changed_hidden,10.0,True,0.17168324273407354
20260620,chronos2-multi,1,changed_hidden,10.0,True,0.021129058116985178
20260620,chronos2-multi,1,changed_hidden,1.0,True,0.002937392673372674
20260620,chronos2-multi,1,changed_hidden,1.0,True,0.007513845968551536
20260620,chronos2-multi,1,changed_hidden,1.0,True,0.0003604003998525229
20260620,chronos2-multi,1,changed_hidden,1.0,True,0.17634643203562783
20260620,chronos2-multi,1,changed_hidden,1.0,True,0.02212285180822704
20260620,chronos2-multi,1,changed_hidden,1.0,True,0.004211354660466071
20260620,chronos2-multi,1,changed_hidden,1.0,True,0.05052443226919001
20260620,chronos2-multi,1,changed_hidden,1.0,True,0.033852687141576965
20260620,chronos2-multi,1,changed_hidden,1.0,True,0.1646880952748666
20260620,chronos2-multi,1,changed_hidden,1.0,True,0.056700970506559756
20260620,chronos2-multi,1,changed_hidden,1.0,True,0.00034614495780704857
20260620,chronos2-multi,1,changed_hidden,1.0,True,0.004627529700807376
20260620,chronos2-multi,1,changed_hidden,1.0,True,0.0012380541525986999
20260620,chronos2-multi,1,changed_hidden,1.0,True,0.0071603714636476745
20260620,chronos2-multi,1,changed_hidden,1.0,True,0.005787069666730371
20260620,chronos2-multi,1,changed_hidden,1.0,True,0.011424579395411527
20260620,chronos2-multi,1,changed_hidden,1.0,True,0.028597344053297835
20260620,chronos2-multi,1,changed_hidden,1.0,True,0.10551545278639729
20260620,chronos2-multi,1,changed_hidden,1.0,True,0.17724861021686333
20260620,chronos2-multi,1,changed_hidden,1.0,True,0.007281809271145523
20260620,chronos2-multi,1,normal,10.0,True,1.0225059969554797
20260620,chronos2-multi,1,normal,10.0,True,0.5016722307621428
20260620,chronos2-multi,1,normal,10.0,True,0.30120812322365076
20260620,chronos2-multi,1,normal,10.0,True,0.33625372931316067
20260620,chronos2-multi,1,normal,10.0,True,0.36456040548208657
20260620,chronos2-multi,1,normal,10.0,True,0.9581722174626286
20260620,chronos2-multi,1,normal,10.0,True,1.2462512595511122
20260620,chronos2-multi,1,normal,10.0,True,0.0005974949099503135
20260620,chronos2-multi,1,normal,10.0,True,0.46923145028828195
20260620,chronos2-multi,1,normal,10.0,True,0.0816466636645119
20260620,chronos2-multi,1,normal,10.0,True,1.391388400815913
20260620,chronos2-multi,1,normal,10.0,True,0.30558445748547225
20260620,chronos2-multi,1,normal,10.0,True,0.41040111476817964
20260620,chronos2-multi,1,normal,10.0,True,0.05783631483255913
20260620,chronos2-multi,1,normal,10.0,True,0.16824808616924614
20260620,chronos2-multi,1,normal,10.0,True,0.021837611830681336
20260620,chronos2-multi,1,normal,10.0,True,0.3733458673798835
20260620,chronos2-multi,1,normal,10.0,True,0.003321761994992567
20260620,chronos2-multi,1,normal,10.0,True,0.5445705173875601
20260620,chronos2-multi,1,normal,10.0,True,1.043086123369343
20260620,chronos2-multi,1,normal,1.0,True,0.1458446036050609
20260620,chronos2-multi,1,normal,1.0,True,0.005848424241192252
20260620,chronos2-multi,1,normal,1.0,True,0.11415080275719003
20260620,chronos2-multi,1,normal,1.0,True,0.01763654497477951
20260620,chronos2-multi,1,normal,1.0,True,0.015464225654610253
20260620,chronos2-multi,1,normal,1.0,True,0.03628317381518187
20260620,chronos2-multi,1,normal,1.0,True,0.030369783411593243
20260620,chronos2-multi,1,normal,1.0,True,0.011509218389781584
20260620,chronos2-multi,1,normal,1.0,True,0.014350701941332034
20260620,chronos2-multi,1,normal,1.0,True,0.02082666066593486
20260620,chronos2-multi,1,normal,1.0,True,0.25260395660749424
20260620,chronos2-multi,1,normal,1.0,True,0.017678039889889252
20260620,chronos2-multi,1,normal,1.0,True,0.015385551669357955
20260620,chronos2-multi,1,normal,1.0,True,0.013780482036447328
20260620,chronos2-multi,1,normal,1.0,True,0.007865156189679645
20260620,chronos2-multi,1,normal,1.0,True,0.015113603876547366
20260620,chronos2-multi,1,normal,1.0,True,0.06914124445074155
20260620,chronos2-multi,1,normal,1.0,True,0.0012051194312139302
20260620,chronos2-multi,1,normal,1.0,True,0.013260120386280327
20260620,chronos2-multi,1,normal,1.0,True,0.020356588085713057
20260620,chronos2-multi,2,changed_disclosed,10.0,True,1.6065517097075919
20260620,chronos2-multi,2,changed_disclosed,10.0,True,0.4102577401670022
20260620,chronos2-multi,2,changed_disclosed,10.0,True,1.3139709702863787
20260620,chronos2-multi,2,changed_disclosed,10.0,True,0.7866028437313175
20260620,chronos2-multi,2,changed_disclosed,10.0,True,0.03772575807843048
20260620,chronos2-multi,2,changed_disclosed,10.0,True,0.1757228825044097
20260620,chronos2-multi,2,changed_disclosed,10.0,True,1.8762445210334588
20260620,chronos2-multi,2,changed_disclosed,10.0,True,0.18898630906784275
20260620,chronos2-multi,2,changed_disclosed,10.0,True,0.6126652610401053
20260620,chronos2-multi,2,changed_disclosed,10.0,True,0.03162805527641854
20260620,chronos2-multi,2,changed_disclosed,10.0,True,0.6508145799674026
20260620,chronos2-multi,2,changed_disclosed,10.0,True,1.9496084296897205
20260620,chronos2-multi,2,changed_disclosed,10.0,True,1.2996018629011112
20260620,chronos2-multi,2,changed_disclosed,10.0,True,0.44750666515520354
20260620,chronos2-multi,2,changed_disclosed,10.0,True,0.26419920525293494
20260620,chronos2-multi,2,changed_disclosed,10.0,True,1.6876621189361811
20260620,chronos2-multi,2,changed_disclosed,10.0,True,1.370850577111757
20260620,chronos2-multi,2,changed_disclosed,10.0,True,0.4677787617229112
20260620,chronos2-multi,2,changed_disclosed,10.0,True,0.6082118777739338
20260620,chronos2-multi,2,changed_disclosed,10.0,True,1.6107670474453095
20260620,chronos2-multi,2,changed_disclosed,1.0,True,0.7125997143273581
20260620,chronos2-multi,2,changed_disclosed,1.0,True,0.22342110231999635
20260620,chronos2-multi,2,changed_disclosed,1.0,True,1.6649463501501391
20260620,chronos2-multi,2,changed_disclosed,1.0,True,1.2622647320360532
20260620,chronos2-multi,2,changed_disclosed,1.0,True,0.13173218215247684
20260620,chronos2-multi,2,changed_disclosed,1.0,True,0.14311625088826108
20260620,chronos2-multi,2,changed_disclosed,1.0,True,0.8885494474406606
20260620,chronos2-multi,2,changed_disclosed,1.0,True,0.3750895669230896
20260620,chronos2-multi,2,changed_disclosed,1.0,True,0.2873911014127615
20260620,chronos2-multi,2,changed_disclosed,1.0,True,0.1410574755240943
20260620,chronos2-multi,2,changed_disclosed,1.0,True,0.9592691440263543
20260620,chronos2-multi,2,changed_disclosed,1.0,True,1.6687440215647993
20260620,chronos2-multi,2,changed_disclosed,1.0,True,1.5565823395461915
20260620,chronos2-multi,2,changed_disclosed,1.0,True,1.4345030533373047
20260620,chronos2-multi,2,changed_disclosed,1.0,True,0.08025910737302566
20260620,chronos2-multi,2,changed_disclosed,1.0,True,1.244145219215373
20260620,chronos2-multi,2,changed_disclosed,1.0,True,0.8835139475792426
20260620,chronos2-multi,2,changed_disclosed,1.0,True,1.5444954025788291
20260620,chronos2-multi,2,changed_disclosed,1.0,True,0.5847897584120205
20260620,chronos2-multi,2,changed_disclosed,1.0,True,0.5398692177035671
20260620,chronos2-multi,2,changed_hidden,10.0,True,0.748362489861174
20260620,chronos2-multi,2,changed_hidden,10.0,True,0.2140237739097981
20260620,chronos2-multi,2,changed_hidden,10.0,True,0.49652696553066566
20260620,chronos2-multi,2,changed_hidden,10.0,True,0.6275039992261155
20260620,chronos2-multi,2,changed_hidden,10.0,True,0.3743757664377414
20260620,chronos2-multi,2,changed_hidden,10.0,True,0.25369065840759863
20260620,chronos2-multi,2,changed_hidden,10.0,True,0.36350921632467426
20260620,chronos2-multi,2,changed_hidden,10.0,True,0.022147702984551376
20260620,chronos2-multi,2,changed_hidden,10.0,True,0.501116412740306
20260620,chronos2-multi,2,changed_hidden,10.0,True,0.3088321079874923
20260620,chronos2-multi,2,changed_hidden,10.0,True,0.563180015063282
20260620,chronos2-multi,2,changed_hidden,10.0,True,0.8310013518597059
20260620,chronos2-multi,2,changed_hidden,10.0,True,0.38768616929122524
20260620,chronos2-multi,2,changed_hidden,10.0,True,0.9873603451720578
20260620,chronos2-multi,2,changed_hidden,10.0,True,0.32162579071860065
20260620,chronos2-multi,2,changed_hidden,10.0,True,0.2706536923842475
20260620,chronos2-multi,2,changed_hidden,10.0,True,0.024051142892885125
20260620,chronos2-multi,2,changed_hidden,10.0,True,0.026804584263530273
20260620,chronos2-multi,2,changed_hidden,10.0,True,1.1910671230392347
20260620,chronos2-multi,2,changed_hidden,10.0,True,0.08158821944819472
20260620,chronos2-multi,2,changed_hidden,1.0,True,0.7684666364141427
20260620,chronos2-multi,2,changed_hidden,1.0,True,0.9332716012972888
20260620,chronos2-multi,2,changed_hidden,1.0,True,0.18981724666807454
20260620,chronos2-multi,2,changed_hidden,1.0,True,0.4223657805348946
20260620,chronos2-multi,2,changed_hidden,1.0,True,0.15876702924274566
20260620,chronos2-multi,2,changed_hidden,1.0,True,0.12927940596797916
20260620,chronos2-multi,2,changed_hidden,1.0,True,0.36605852198506716
20260620,chronos2-multi,2,changed_hidden,1.0,True,0.33030426674336844
20260620,chronos2-multi,2,changed_hidden,1.0,True,0.2172360205559949
20260620,chronos2-multi,2,changed_hidden,1.0,True,0.48302971442245046
20260620,chronos2-multi,2,changed_hidden,1.0,True,0.7435785909880746
20260620,chronos2-multi,2,changed_hidden,1.0,True,0.09012419963964513
20260620,chronos2-multi,2,changed_hidden,1.0,True,0.27209547289949665
20260620,chronos2-multi,2,changed_hidden,1.0,True,0.05902049963657263
20260620,chronos2-multi,2,changed_hidden,1.0,True,0.5263052077896153
20260620,chronos2-multi,2,changed_hidden,1.0,True,0.26345951666508216
20260620,chronos2-multi,2,changed_hidden,1.0,True,0.03162486383102836
20260620,chronos2-multi,2,changed_hidden,1.0,True,0.011325007087629402
20260620,chronos2-multi,2,changed_hidden,1.0,True,1.1224609219815427
20260620,chronos2-multi,2,changed_hidden,1.0,True,0.02109290147087406
20260620,chronos2-multi,2,normal,10.0,True,0.3003793896220832
20260620,chronos2-multi,2,normal,10.0,True,1.6894171421384767
20260620,chronos2-multi,2,normal,10.0,True,0.8468505249278364
20260620,chronos2-multi,2,normal,10.0,True,1.2139481432974568
20260620,chronos2-multi,2,normal,10.0,True,2.2380116201045794
20260620,chronos2-multi,2,normal,10.0,True,0.27961289690887625
20260620,chronos2-multi,2,normal,10.0,True,1.2326070153540853
20260620,chronos2-multi,2,normal,10.0,True,2.614763303343386
20260620,chronos2-multi,2,normal,10.0,True,2.2046241133720126
20260620,chronos2-multi,2,normal,10.0,True,1.4759380291709663
20260620,chronos2-multi,2,normal,10.0,True,1.5798681308919624
20260620,chronos2-multi,2,normal,10.0,True,0.2086907849897366
20260620,chronos2-multi,2,normal,10.0,True,0.29737925113899233
20260620,chronos2-multi,2,normal,10.0,True,1.9839584386846258
20260620,chronos2-multi,2,normal,10.0,True,2.6590355527882394
20260620,chronos2-multi,2,normal,10.0,True,0.7618803511632013
20260620,chronos2-multi,2,normal,10.0,True,1.6177645875752624
20260620,chronos2-multi,2,normal,10.0,True,1.0122803959576325
20260620,chronos2-multi,2,normal,10.0,True,2.0146601111842535
20260620,chronos2-multi,2,normal,10.0,True,0.364153887441258
20260620,chronos2-multi,2,normal,1.0,True,0.48603439892725797
20260620,chronos2-multi,2,normal,1.0,True,1.489064670426893
20260620,chronos2-multi,2,normal,1.0,True,0.14244339400338024
20260620,chronos2-multi,2,normal,1.0,True,0.0495932708644804
20260620,chronos2-multi,2,normal,1.0,True,2.1853880175521176
20260620,chronos2-multi,2,normal,1.0,True,0.016927366494913887
20260620,chronos2-multi,2,normal,1.0,True,1.1037768771494099
20260620,chronos2-multi,2,normal,1.0,True,1.914660825931958
20260620,chronos2-multi,2,normal,1.0,True,0.9534923235479127
20260620,chronos2-multi,2,normal,1.0,True,1.9234164854952036
20260620,chronos2-multi,2,normal,1.0,True,1.31336340425523
20260620,chronos2-multi,2,normal,1.0,True,0.9591960496836092
20260620,chronos2-multi,2,normal,1.0,True,0.0076922970064732255
20260620,chronos2-multi,2,normal,1.0,True,1.3023402175445975
20260620,chronos2-multi,2,normal,1.0,True,2.4462736230687994
20260620,chronos2-multi,2,normal,1.0,True,0.4249286057750197
20260620,chronos2-multi,2,normal,1.0,True,1.7252137352719394
20260620,chronos2-multi,2,normal,1.0,True,0.5235834599519698
20260620,chronos2-multi,2,normal,1.0,True,0.19610021905436703
20260620,chronos2-multi,2,normal,1.0,True,0.5131473109411602
20260620,chronos2-multi,3,changed_disclosed,10.0,True,1.5811244656943153
20260620,chronos2-multi,3,changed_disclosed,10.0,True,1.1014812888787364
20260620,chronos2-multi,3,changed_disclosed,10.0,True,1.7136433167773637
20260620,chronos2-multi,3,changed_disclosed,10.0,True,1.6717695057828665
20260620,chronos2-multi,3,changed_disclosed,10.0,True,1.266295572406925
20260620,chronos2-multi,3,changed_disclosed,10.0,True,1.0809991661692353
20260620,chronos2-multi,3,changed_disclosed,10.0,True,0.5188802368741235
20260620,chronos2-multi,3,changed_disclosed,10.0,True,0.9653108740088369
20260620,chronos2-multi,3,changed_disclosed,10.0,True,1.319865483025968
20260620,chronos2-multi,3,changed_disclosed,10.0,True,0.7294476690453329
20260620,chronos2-multi,3,changed_disclosed,10.0,True,1.6127022293697326
20260620,chronos2-multi,3,changed_disclosed,10.0,True,1.4701121425351193
20260620,chronos2-multi,3,changed_disclosed,10.0,True,1.301176409694703
20260620,chronos2-multi,3,changed_disclosed,10.0,True,2.080894686594736
20260620,chronos2-multi,3,changed_disclosed,10.0,True,1.9890473911235669
20260620,chronos2-multi,3,changed_disclosed,10.0,True,0.4742488996713739
20260620,chronos2-multi,3,changed_disclosed,10.0,True,0.5493587524440596
20260620,chronos2-multi,3,changed_disclosed,10.0,True,1.0303338002174336
20260620,chronos2-multi,3,changed_disclosed,10.0,True,1.0079380371056232
20260620,chronos2-multi,3,changed_disclosed,10.0,True,2.204902828859305
20260620,chronos2-multi,3,changed_disclosed,1.0,True,0.7414610734737
20260620,chronos2-multi,3,changed_disclosed,1.0,True,0.28490613102089
20260620,chronos2-multi,3,changed_disclosed,1.0,True,1.2527782096858695
20260620,chronos2-multi,3,changed_disclosed,1.0,True,1.4234769685948532
20260620,chronos2-multi,3,changed_disclosed,1.0,True,0.820510704896163
20260620,chronos2-multi,3,changed_disclosed,1.0,True,1.711985224333412
20260620,chronos2-multi,3,changed_disclosed,1.0,True,1.899473655968767
20260620,chronos2-multi,3,changed_disclosed,1.0,True,1.1964004663819152
20260620,chronos2-multi,3,changed_disclosed,1.0,True,1.3204076088911039
20260620,chronos2-multi,3,changed_disclosed,1.0,True,1.5358406250603451
20260620,chronos2-multi,3,changed_disclosed,1.0,True,1.0990223938929742
20260620,chronos2-multi,3,changed_disclosed,1.0,True,0.3506851955492552
20260620,chronos2-multi,3,changed_disclosed,1.0,True,1.052312267248473
20260620,chronos2-multi,3,changed_disclosed,1.0,True,1.2729600329427253
20260620,chronos2-multi,3,changed_disclosed,1.0,True,1.4287819946510292
20260620,chronos2-multi,3,changed_disclosed,1.0,True,0.4517459223989662
20260620,chronos2-multi,3,changed_disclosed,1.0,True,1.9559717807652917
20260620,chronos2-multi,3,changed_disclosed,1.0,True,1.6836449960840645
20260620,chronos2-multi,3,changed_disclosed,1.0,True,0.8737221694622086
20260620,chronos2-multi,3,changed_disclosed,1.0,True,0.9338858829191953
20260620,chronos2-multi,3,changed_hidden,10.0,True,0.6907173064196678
20260620,chronos2-multi,3,changed_hidden,10.0,True,0.6571889128273306
20260620,chronos2-multi,3,changed_hidden,10.0,True,0.5861067104096923
20260620,chronos2-multi,3,changed_hidden,10.0,True,0.8795567888930607
20260620,chronos2-multi,3,changed_hidden,10.0,True,1.2947426700769027
20260620,chronos2-multi,3,changed_hidden,10.0,True,0.5006807282124967
20260620,chronos2-multi,3,changed_hidden,10.0,True,2.054401889953754
20260620,chronos2-multi,3,changed_hidden,10.0,True,0.9848165780764027
20260620,chronos2-multi,3,changed_hidden,10.0,True,0.11117948253782428
20260620,chronos2-multi,3,changed_hidden,10.0,True,1.1118679443015294
20260620,chronos2-multi,3,changed_hidden,10.0,True,0.8724867758131798
20260620,chronos2-multi,3,changed_hidden,10.0,True,0.8549152855512837
20260620,chronos2-multi,3,changed_hidden,10.0,True,0.3485218557617267
20260620,chronos2-multi,3,changed_hidden,10.0,True,0.4179789512706735
20260620,chronos2-multi,3,changed_hidden,10.0,True,1.1540626979716824
20260620,chronos2-multi,3,changed_hidden,10.0,True,0.5239945128962048
20260620,chronos2-multi,3,changed_hidden,10.0,True,0.4792457852929483
20260620,chronos2-multi,3,changed_hidden,10.0,True,0.6867122933577078
20260620,chronos2-multi,3,changed_hidden,10.0,True,0.3389773193736511
20260620,chronos2-multi,3,changed_hidden,10.0,True,0.31363317356453607
20260620,chronos2-multi,3,changed_hidden,1.0,True,0.6902979355886907
20260620,chronos2-multi,3,changed_hidden,1.0,True,0.08341068757866887
20260620,chronos2-multi,3,changed_hidden,1.0,True,0.37123835773902975
20260620,chronos2-multi,3,changed_hidden,1.0,True,1.5688778790325104
20260620,chronos2-multi,3,changed_hidden,1.0,True,1.4642260319486597
20260620,chronos2-multi,3,changed_hidden,1.0,True,0.6617013283353969
20260620,chronos2-multi,3,changed_hidden,1.0,True,0.5040026694265781
20260620,chronos2-multi,3,changed_hidden,1.0,True,0.2338438340168764
20260620,chronos2-multi,3,changed_hidden,1.0,True,0.3032629846925669
20260620,chronos2-multi,3,changed_hidden,1.0,True,1.2880142280146814
20260620,chronos2-multi,3,changed_hidden,1.0,True,0.7224514506403863
20260620,chronos2-multi,3,changed_hidden,1.0,True,0.3403152356812143
20260620,chronos2-multi,3,changed_hidden,1.0,True,0.3161065230358793
20260620,chronos2-multi,3,changed_hidden,1.0,True,1.2008147904505917
20260620,chronos2-multi,3,changed_hidden,1.0,True,0.45007581391584467
20260620,chronos2-multi,3,changed_hidden,1.0,True,0.2742301576279769
20260620,chronos2-multi,3,changed_hidden,1.0,True,1.6382874301343362
20260620,chronos2-multi,3,changed_hidden,1.0,True,0.1830830741151385
20260620,chronos2-multi,3,changed_hidden,1.0,True,0.6754335411767182
20260620,chronos2-multi,3,changed_hidden,1.0,True,0.8625886873781582
20260620,chronos2-multi,3,normal,10.0,True,0.9200551988808744
20260620,chronos2-multi,3,normal,10.0,True,0.5571343334284636
20260620,chronos2-multi,3,normal,10.0,True,0.42803205714322035
20260620,chronos2-multi,3,normal,10.0,True,1.3336278763328842
20260620,chronos2-multi,3,normal,10.0,True,0.15133926527849603
20260620,chronos2-multi,3,normal,10.0,True,0.36507126511740734
20260620,chronos2-multi,3,normal,10.0,True,1.949803286449099
20260620,chronos2-multi,3,normal,10.0,True,0.45018843692465893
20260620,chronos2-multi,3,normal,10.0,True,0.6225611127382834
20260620,chronos2-multi,3,normal,10.0,True,1.0600090057383185
20260620,chronos2-multi,3,normal,10.0,True,0.20176017539840796
20260620,chronos2-multi,3,normal,10.0,True,0.8811030174204063
20260620,chronos2-multi,3,normal,10.0,True,2.6010841515389997
20260620,chronos2-multi,3,normal,10.0,True,2.0339298870076425
20260620,chronos2-multi,3,normal,10.0,True,1.5453580928093062
20260620,chronos2-multi,3,normal,10.0,True,1.9101210371060642
20260620,chronos2-multi,3,normal,10.0,True,1.74383250639142
20260620,chronos2-multi,3,normal,10.0,True,1.1351943050487125
20260620,chronos2-multi,3,normal,10.0,True,0.6537036036824371
20260620,chronos2-multi,3,normal,10.0,True,0.44482761356793804
20260620,chronos2-multi,3,normal,1.0,True,0.48572161357699145
20260620,chronos2-multi,3,normal,1.0,True,0.3499270951345368
20260620,chronos2-multi,3,normal,1.0,True,0.23184274520650958
20260620,chronos2-multi,3,normal,1.0,True,1.7942418033616605
20260620,chronos2-multi,3,normal,1.0,True,0.23735390326882447
20260620,chronos2-multi,3,normal,1.0,True,0.3441385933218591
20260620,chronos2-multi,3,normal,1.0,True,1.482505866180625
20260620,chronos2-multi,3,normal,1.0,True,0.141136768016632
20260620,chronos2-multi,3,normal,1.0,True,0.6089326587204688
20260620,chronos2-multi,3,normal,1.0,True,0.9887420270828953
20260620,chronos2-multi,3,normal,1.0,True,0.6612652770313135
20260620,chronos2-multi,3,normal,1.0,True,0.594373169544496
20260620,chronos2-multi,3,normal,1.0,True,2.63538906265217
20260620,chronos2-multi,3,normal,1.0,True,1.6887430383442883
20260620,chronos2-multi,3,normal,1.0,True,1.7823561957717544
20260620,chronos2-multi,3,normal,1.0,True,2.5275096727453747
20260620,chronos2-multi,3,normal,1.0,True,1.4853555676068764
20260620,chronos2-multi,3,normal,1.0,True,1.3550234688435652
20260620,chronos2-multi,3,normal,1.0,True,0.25920858361164384
20260620,chronos2-multi,3,normal,1.0,True,0.7912928069119989
20260621,chronos2-multi,1,changed_disclosed,10.0,True,0.13290675336642277
20260621,chronos2-multi,1,changed_disclosed,10.0,True,0.3730347235909792
20260621,chronos2-multi,1,changed_disclosed,10.0,True,0.074033046093394
20260621,chronos2-multi,1,changed_disclosed,10.0,True,0.1930564125515577
20260621,chronos2-multi,1,changed_disclosed,10.0,True,1.8277643370393424
20260621,chronos2-multi,1,changed_disclosed,1.0,True,0.054846662870721374
20260621,chronos2-multi,1,changed_disclosed,1.0,True,0.11904495369151391
20260621,chronos2-multi,1,changed_disclosed,1.0,True,0.017975578936826775
20260621,chronos2-multi,1,changed_disclosed,1.0,True,0.0918386147495025
20260621,chronos2-multi,1,changed_disclosed,1.0,True,0.02919661553127373
20260621,chronos2-multi,1,changed_hidden,10.0,True,0.07608339833438116
20260621,chronos2-multi,1,changed_hidden,10.0,True,0.00010929607298315602
20260621,chronos2-multi,1,changed_hidden,10.0,True,0.5190895429258839
20260621,chronos2-multi,1,changed_hidden,10.0,True,0.07378416680140054
20260621,chronos2-multi,1,changed_hidden,10.0,True,0.6463306658832026
20260621,chronos2-multi,1,changed_hidden,1.0,True,0.007432495216281865
20260621,chronos2-multi,1,changed_hidden,1.0,True,0.012669444854948697
20260621,chronos2-multi,1,changed_hidden,1.0,True,0.11509343373083958
20260621,chronos2-multi,1,changed_hidden,1.0,True,0.003870996967396678
20260621,chronos2-multi,1,changed_hidden,1.0,True,0.15008060898537323
20260621,chronos2-multi,1,normal,10.0,True,0.01623028209240429
20260621,chronos2-multi,1,normal,10.0,True,0.06087531440250249
20260621,chronos2-multi,1,normal,10.0,True,0.5211425765165378
20260621,chronos2-multi,1,normal,10.0,True,0.07270870033320165
20260621,chronos2-multi,1,normal,10.0,True,0.15343974216888334
20260621,chronos2-multi,1,normal,1.0,True,0.00047472536497705775
20260621,chronos2-multi,1,normal,1.0,True,0.19002806701892716
20260621,chronos2-multi,1,normal,1.0,True,0.005567266882831046
20260621,chronos2-multi,1,normal,1.0,True,0.0461770728838693
20260621,chronos2-multi,1,normal,1.0,True,0.006322037157233229
20260621,chronos2-multi,2,changed_disclosed,10.0,True,1.1325676921383505
20260621,chronos2-multi,2,changed_disclosed,10.0,True,1.0893319531330592
20260621,chronos2-multi,2,changed_disclosed,10.0,True,0.3403887279705635
20260621,chronos2-multi,2,changed_disclosed,10.0,True,1.1281203569673508
20260621,chronos2-multi,2,changed_disclosed,10.0,True,0.5407836175574185
20260621,chronos2-multi,2,changed_disclosed,1.0,True,1.0656448737613426
20260621,chronos2-multi,2,changed_disclosed,1.0,True,0.32672840100803
20260621,chronos2-multi,2,changed_disclosed,1.0,True,0.17758088714664066
20260621,chronos2-multi,2,changed_disclosed,1.0,True,1.0455049985803289
20260621,chronos2-multi,2,changed_disclosed,1.0,True,0.8020724260569895
20260621,chronos2-multi,2,changed_hidden,10.0,True,0.30562336550309754
20260621,chronos2-multi,2,changed_hidden,10.0,True,0.5429081629604289
20260621,chronos2-multi,2,changed_hidden,10.0,True,0.7819985443452071
20260621,chronos2-multi,2,changed_hidden,10.0,True,0.6150691593603606
20260621,chronos2-multi,2,changed_hidden,10.0,True,0.4776450817428626
20260621,chronos2-multi,2,changed_hidden,1.0,True,0.6180437396232354
20260621,chronos2-multi,2,changed_hidden,1.0,True,0.37088800250180065
20260621,chronos2-multi,2,changed_hidden,1.0,True,0.22703352115569553
20260621,chronos2-multi,2,changed_hidden,1.0,True,0.9163402687705171
20260621,chronos2-multi,2,changed_hidden,1.0,True,0.4428905267605723
20260621,chronos2-multi,2,normal,10.0,True,0.6720131223882624
20260621,chronos2-multi,2,normal,10.0,True,1.0920897440986175
20260621,chronos2-multi,2,normal,10.0,True,0.3929486914965652
20260621,chronos2-multi,2,normal,10.0,True,1.1380112971924796
20260621,chronos2-multi,2,normal,10.0,True,1.1188624459142902
20260621,chronos2-multi,2,normal,1.0,True,1.8107890203198491
20260621,chronos2-multi,2,normal,1.0,True,0.6569768580323707
20260621,chronos2-multi,2,normal,1.0,True,0.26372517891795444
20260621,chronos2-multi,2,normal,1.0,True,1.8024303741918954
20260621,chronos2-multi,2,normal,1.0,True,1.414935493856361
20260621,chronos2-multi,3,changed_disclosed,10.0,True,0.2756038737517308
20260621,chronos2-multi,3,changed_disclosed,10.0,True,0.9696273677844401
20260621,chronos2-multi,3,changed_disclosed,10.0,True,0.8270518811280052
20260621,chronos2-multi,3,changed_disclosed,10.0,True,0.21860453266345617
20260621,chronos2-multi,3,changed_disclosed,10.0,True,1.333054330138028
20260621,chronos2-multi,3,changed_disclosed,1.0,True,0.1674445743763601
20260621,chronos2-multi,3,changed_disclosed,1.0,True,0.48888495396087733
20260621,chronos2-multi,3,changed_disclosed,1.0,True,1.927399298946445
20260621,chronos2-multi,3,changed_disclosed,1.0,True,0.29666870973913867
20260621,chronos2-multi,3,changed_disclosed,1.0,True,1.3701498695558616
20260621,chronos2-multi,3,changed_hidden,10.0,True,0.778251611716913
20260621,chronos2-multi,3,changed_hidden,10.0,True,0.26403689537223923
20260621,chronos2-multi,3,changed_hidden,10.0,True,0.7104004713355939
20260621,chronos2-multi,3,changed_hidden,10.0,True,1.7705424114816621
20260621,chronos2-multi,3,changed_hidden,10.0,True,0.784540478990443
20260621,chronos2-multi,3,changed_hidden,1.0,True,0.3899482517923601
20260621,chronos2-multi,3,changed_hidden,1.0,True,0.2558542530314389
20260621,chronos2-multi,3,changed_hidden,1.0,True,0.47958220524483997
20260621,chronos2-multi,3,changed_hidden,1.0,True,0.963956601699144
20260621,chronos2-multi,3,changed_hidden,1.0,True,0.9714316767178067
20260621,chronos2-multi,3,normal,10.0,True,1.592610443737982
20260621,chronos2-multi,3,normal,10.0,True,1.7588476740019487
20260621,chronos2-multi,3,normal,10.0,True,0.33776853471088203
20260621,chronos2-multi,3,normal,10.0,True,0.648223376902044
20260621,chronos2-multi,3,normal,10.0,True,1.6685781355995124
20260621,chronos2-multi,3,normal,1.0,True,1.0615206543600155
20260621,chronos2-multi,3,normal,1.0,True,1.4642901812841214
20260621,chronos2-multi,3,normal,1.0,True,0.8695712470437461
20260621,chronos2-multi,3,normal,1.0,True,0.9188988278019959
20260621,chronos2-multi,3,normal,1.0,True,1.4697414785794225
20260621,chronos2-uni,1,changed_disclosed,10.0,True,0.1028449123553754
20260621,chronos2-uni,1,changed_disclosed,10.0,True,0.2884235461465212
20260621,chronos2-uni,1,changed_disclosed,10.0,True,0.08201977792065307
20260621,chronos2-uni,1,changed_disclosed,10.0,True,0.020832725379621664
20260621,chronos2-uni,1,changed_disclosed,10.0,True,1.539293573326221
20260621,chronos2-uni,1,changed_disclosed,1.0,True,0.04048253952629999
20260621,chronos2-uni,1,changed_disclosed,1.0,True,0.16888933788493432
20260621,chronos2-uni,1,changed_disclosed,1.0,True,0.008015702399503777
20260621,chronos2-uni,1,changed_disclosed,1.0,True,0.010272486401010195
20260621,chronos2-uni,1,changed_disclosed,1.0,True,0.12673949749691094
20260621,chronos2-uni,1,changed_hidden,10.0,True,0.16433610665023046
20260621,chronos2-uni,1,changed_hidden,10.0,True,0.020440760780834566
20260621,chronos2-uni,1,changed_hidden,10.0,True,0.08442187994665895
20260621,chronos2-uni,1,changed_hidden,10.0,True,0.0006768202002569446
20260621,chronos2-uni,1,changed_hidden,10.0,True,0.13702651494421492
20260621,chronos2-uni,1,changed_hidden,1.0,True,0.032472793916614506
20260621,chronos2-uni,1,changed_hidden,1.0,True,0.007938995186593356
20260621,chronos2-uni,1,changed_hidden,1.0,True,0.05349836634898075
20260621,chronos2-uni,1,changed_hidden,1.0,True,0.02394870235069746
20260621,chronos2-uni,1,changed_hidden,1.0,True,0.036527049877694395
20260621,chronos2-uni,1,normal,10.0,True,0.014244136119198725
20260621,chronos2-uni,1,normal,10.0,True,0.1771063088654694
20260621,chronos2-uni,1,normal,10.0,True,0.40950540143337744
20260621,chronos2-uni,1,normal,10.0,True,0.0783477765661118
20260621,chronos2-uni,1,normal,10.0,True,0.06064562185714628
20260621,chronos2-uni,1,normal,1.0,True,0.00127204835481054
20260621,chronos2-uni,1,normal,1.0,True,0.023494429227055136
20260621,chronos2-uni,1,normal,1.0,True,0.03910370105641503
20260621,chronos2-uni,1,normal,1.0,True,0.022234542728687412
20260621,chronos2-uni,1,normal,1.0,True,0.0006737003954095933
20260621,chronos2-uni,2,changed_disclosed,10.0,True,1.573391452591053
20260621,chronos2-uni,2,changed_disclosed,10.0,True,0.8503190300414092
20260621,chronos2-uni,2,changed_disclosed,10.0,True,0.237013930962515
20260621,chronos2-uni,2,changed_disclosed,10.0,True,0.7844425419795407
20260621,chronos2-uni,2,changed_disclosed,10.0,True,0.9974070278825689
20260621,chronos2-uni,2,changed_disclosed,1.0,True,0.45945651819649
20260621,chronos2-uni,2,changed_disclosed,1.0,True,0.3828891959624747
20260621,chronos2-uni,2,changed_disclosed,1.0,True,0.12291839129512394
20260621,chronos2-uni,2,changed_disclosed,1.0,True,0.30206327496398266
20260621,chronos2-uni,2,changed_disclosed,1.0,True,0.6637048946746357
20260621,chronos2-uni,2,changed_hidden,10.0,True,0.19054092087998487
20260621,chronos2-uni,2,changed_hidden,10.0,True,0.7198443700284436
20260621,chronos2-uni,2,changed_hidden,10.0,True,0.9599249441606836
20260621,chronos2-uni,2,changed_hidden,10.0,True,1.0277362624721045
20260621,chronos2-uni,2,changed_hidden,10.0,True,0.8616473202549018
20260621,chronos2-uni,2,changed_hidden,1.0,True,0.28823473704497693
20260621,chronos2-uni,2,changed_hidden,1.0,True,0.599834343681573
20260621,chronos2-uni,2,changed_hidden,1.0,True,0.2656903700662929
20260621,chronos2-uni,2,changed_hidden,1.0,True,1.650341011205972
20260621,chronos2-uni,2,changed_hidden,1.0,True,0.5205092486331402
20260621,chronos2-uni,2,normal,10.0,True,0.6507874115222783
20260621,chronos2-uni,2,normal,10.0,True,1.9564301864709095
20260621,chronos2-uni,2,normal,10.0,True,0.3824919455412268
20260621,chronos2-uni,2,normal,10.0,True,0.7014746870659843
20260621,chronos2-uni,2,normal,10.0,True,1.2178157904915545
20260621,chronos2-uni,2,normal,1.0,True,0.7245821946967231
20260621,chronos2-uni,2,normal,1.0,True,0.8772479406280578
20260621,chronos2-uni,2,normal,1.0,True,0.19004889705727535
20260621,chronos2-uni,2,normal,1.0,True,2.062750203179017
20260621,chronos2-uni,2,normal,1.0,True,0.5376315575816095
20260621,chronos2-uni,3,changed_disclosed,10.0,True,0.23873836122172185
20260621,chronos2-uni,3,changed_disclosed,10.0,True,1.0203425510027604
20260621,chronos2-uni,3,changed_disclosed,10.0,True,0.7849646579170481
20260621,chronos2-uni,3,changed_disclosed,10.0,True,0.21082539015455204
20260621,chronos2-uni,3,changed_disclosed,10.0,True,2.0763201247868333
20260621,chronos2-uni,3,changed_disclosed,1.0,True,0.19021968795897118
20260621,chronos2-uni,3,changed_disclosed,1.0,True,0.1888464754814132
20260621,chronos2-uni,3,changed_disclosed,1.0,True,1.8535408547488015
20260621,chronos2-uni,3,changed_disclosed,1.0,True,0.426529751603481
20260621,chronos2-uni,3,changed_disclosed,1.0,True,1.2328011976274982
20260621,chronos2-uni,3,changed_hidden,10.0,True,1.3804081354023177
20260621,chronos2-uni,3,changed_hidden,10.0,True,0.30471003953394044
20260621,chronos2-uni,3,changed_hidden,10.0,True,1.4842978170460828
20260621,chronos2-uni,3,changed_hidden,10.0,True,1.123295850697913
20260621,chronos2-uni,3,changed_hidden,10.0,True,1.2788869386970674
20260621,chronos2-uni,3,changed_hidden,1.0,True,0.09371827410407452
20260621,chronos2-uni,3,changed_hidden,1.0,True,0.30880368347866954
20260621,chronos2-uni,3,changed_hidden,1.0,True,0.511186150476735
20260621,chronos2-uni,3,changed_hidden,1.0,True,1.4164421716018485
20260621,chronos2-uni,3,changed_hidden,1.0,True,0.9036349844656476
20260621,chronos2-uni,3,normal,10.0,True,1.0639586816051387
20260621,chronos2-uni,3,normal,10.0,True,1.0981857815763665
20260621,chronos2-uni,3,normal,10.0,True,0.1869833303311544
20260621,chronos2-uni,3,normal,10.0,True,0.27029608538458766
20260621,chronos2-uni,3,normal,10.0,True,1.5395340647596305
20260621,chronos2-uni,3,normal,1.0,True,0.9324888720110648
20260621,chronos2-uni,3,normal,1.0,True,1.6713186484112406
20260621,chronos2-uni,3,normal,1.0,True,0.9340172141681392
20260621,chronos2-uni,3,normal,1.0,True,1.7132429375724068
20260621,chronos2-uni,3,normal,1.0,True,1.3680494378181105
20260621,euler,1,changed_disclosed,10.0,True,0.2647517096706613
20260621,euler,1,changed_disclosed,10.0,True,0.05964054740191793
20260621,euler,1,changed_disclosed,10.0,True,0.029758802935121675
20260621,euler,1,changed_disclosed,10.0,True,0.13497822750449462
20260621,euler,1,changed_disclosed,10.0,True,0.28235231090850643
20260621,euler,1,changed_disclosed,1.0,True,0.014398620092811232
20260621,euler,1,changed_disclosed,1.0,True,0.00811384302545104
20260621,euler,1,changed_disclosed,1.0,True,0.0059101469180280475
20260621,euler,1,changed_disclosed,1.0,True,0.010934289592008817
20260621,euler,1,changed_disclosed,1.0,True,0.013828949629799414
20260621,euler,1,changed_hidden,10.0,True,0.003509276334677569
20260621,euler,1,changed_hidden,10.0,True,0.0017594619249203802
20260621,euler,1,changed_hidden,10.0,True,0.0013528471262951314
20260621,euler,1,changed_hidden,10.0,True,0.0030291070913990303
20260621,euler,1,changed_hidden,10.0,True,0.005085298280794959
20260621,euler,1,changed_hidden,1.0,True,0.001088847424397077
20260621,euler,1,changed_hidden,1.0,True,0.0008762161342659169
20260621,euler,1,changed_hidden,1.0,True,6.947652305777652e-05
20260621,euler,1,changed_hidden,1.0,True,0.0008706509258686879
20260621,euler,1,changed_hidden,1.0,True,0.002343100972461265
20260621,euler,1,normal,10.0,True,0.11846356248095624
20260621,euler,1,normal,10.0,True,1.4871096016416079
20260621,euler,1,normal,10.0,True,2.468323049280897
20260621,euler,1,normal,10.0,True,2.283931118253255
20260621,euler,1,normal,10.0,True,0.38559260270261486
20260621,euler,1,normal,1.0,True,0.009492392030177932
20260621,euler,1,normal,1.0,True,0.03798841476435211
20260621,euler,1,normal,1.0,True,0.010998558929248503
20260621,euler,1,normal,1.0,True,0.04666673043389746
20260621,euler,1,normal,1.0,True,0.011225750297318093
20260621,euler,2,changed_disclosed,10.0,True,1.6158925272263926
20260621,euler,2,changed_disclosed,10.0,True,0.2941012559792109
20260621,euler,2,changed_disclosed,10.0,True,0.08095752519281119
20260621,euler,2,changed_disclosed,10.0,True,1.3642108045212504
20260621,euler,2,changed_disclosed,10.0,True,0.2335830638098666
20260621,euler,2,changed_disclosed,1.0,True,0.015031509291254519
20260621,euler,2,changed_disclosed,1.0,True,0.013527253827363195
20260621,euler,2,changed_disclosed,1.0,True,0.019012800505152416
20260621,euler,2,changed_disclosed,1.0,True,0.014586690015859771
20260621,euler,2,changed_disclosed,1.0,True,0.009507953843055139
20260621,euler,2,changed_hidden,10.0,True,0.13286124995754944
20260621,euler,2,changed_hidden,10.0,True,0.12842655565048378
20260621,euler,2,changed_hidden,10.0,True,0.055477664112156155
20260621,euler,2,changed_hidden,10.0,True,0.2695989057280477
20260621,euler,2,changed_hidden,10.0,True,0.20175210185372516
20260621,euler,2,changed_hidden,1.0,True,0.012822672202317031
20260621,euler,2,changed_hidden,1.0,True,0.007071326240508435
20260621,euler,2,changed_hidden,1.0,True,0.028486400661721145
20260621,euler,2,changed_hidden,1.0,True,0.027072152400368532
20260621,euler,2,changed_hidden,1.0,True,0.023086334747224546
20260621,euler,2,normal,10.0,True,1.3493981464198015
20260621,euler,2,normal,10.0,True,0.5085622337898497
20260621,euler,2,normal,10.0,True,1.7772513419338436
20260621,euler,2,normal,10.0,True,1.621283424221366
20260621,euler,2,normal,10.0,True,2.5197033277940175
20260621,euler,2,normal,1.0,True,0.06851377342834897
20260621,euler,2,normal,1.0,True,0.5319470629048602
20260621,euler,2,normal,1.0,True,0.06456302881713172
20260621,euler,2,normal,1.0,True,0.1477157154612212
20260621,euler,2,normal,1.0,True,0.05297714809671228
20260621,euler,3,changed_disclosed,10.0,True,0.7909031398960455
20260621,euler,3,changed_disclosed,10.0,True,0.9816657246240309
20260621,euler,3,changed_disclosed,10.0,True,1.0129447526078448
20260621,euler,3,changed_disclosed,10.0,True,0.6530011588293578
20260621,euler,3,changed_disclosed,10.0,True,0.6873544187498397
20260621,euler,3,changed_disclosed,1.0,True,0.12034082654158136
20260621,euler,3,changed_disclosed,1.0,True,0.016556918122598113
20260621,euler,3,changed_disclosed,1.0,True,0.0900525016157226
20260621,euler,3,changed_disclosed,1.0,True,0.00928824865814922
20260621,euler,3,changed_disclosed,1.0,True,0.0330967270646035
20260621,euler,3,changed_hidden,10.0,True,0.8308489142887909
20260621,euler,3,changed_hidden,10.0,True,0.06378292505285144
20260621,euler,3,changed_hidden,10.0,True,0.38784577283531646
20260621,euler,3,changed_hidden,10.0,True,0.32920215154537713
20260621,euler,3,changed_hidden,10.0,True,0.5310649948043
20260621,euler,3,changed_hidden,1.0,True,0.005326364125310364
20260621,euler,3,changed_hidden,1.0,True,0.007861195219729241
20260621,euler,3,changed_hidden,1.0,True,0.031749988808634555
20260621,euler,3,changed_hidden,1.0,True,0.017703075886845127
20260621,euler,3,changed_hidden,1.0,True,0.03564467573013171
20260621,euler,3,normal,10.0,True,0.7972418973600472
20260621,euler,3,normal,10.0,True,2.04796958696733
20260621,euler,3,normal,10.0,True,1.8544184556800047
20260621,euler,3,normal,10.0,True,0.5362900059689651
20260621,euler,3,normal,10.0,True,2.0219784651618173
20260621,euler,3,normal,1.0,True,0.2103723998017745
20260621,euler,3,normal,1.0,True,1.3205085574084203
20260621,euler,3,normal,1.0,True,0.17077450401724548
20260621,euler,3,normal,1.0,True,0.057216116597963364
20260621,euler,3,normal,1.0,True,0.8222530577788589
20260621,hnn-rollout-mixed,1,changed_disclosed,10.0,True,0.18947787415809847
20260621,hnn-rollout-mixed,1,changed_disclosed,10.0,True,0.18174699287256058
20260621,hnn-rollout-mixed,1,changed_disclosed,10.0,True,0.3232157687535202
20260621,hnn-rollout-mixed,1,changed_disclosed,10.0,True,0.007512419153618666
20260621,hnn-rollout-mixed,1,changed_disclosed,10.0,True,0.2697208566273801
20260621,hnn-rollout-mixed,1,changed_disclosed,1.0,True,0.0018420639996992172
20260621,hnn-rollout-mixed,1,changed_disclosed,1.0,True,0.15635016638375454
20260621,hnn-rollout-mixed,1,changed_disclosed,1.0,True,0.1277988364532172
20260621,hnn-rollout-mixed,1,changed_disclosed,1.0,True,0.011149635666402258
20260621,hnn-rollout-mixed,1,changed_disclosed,1.0,True,0.030533514630718628
20260621,hnn-rollout-mixed,1,changed_hidden,10.0,True,0.3319083815428625
20260621,hnn-rollout-mixed,1,changed_hidden,10.0,True,0.11535014564604884
20260621,hnn-rollout-mixed,1,changed_hidden,10.0,True,0.43899305721800896
20260621,hnn-rollout-mixed,1,changed_hidden,10.0,True,0.6663069966390176
20260621,hnn-rollout-mixed,1,changed_hidden,10.0,True,0.7127848964130528
20260621,hnn-rollout-mixed,1,changed_hidden,1.0,True,0.2220155715494343
20260621,hnn-rollout-mixed,1,changed_hidden,1.0,True,0.03907231691504043
20260621,hnn-rollout-mixed,1,changed_hidden,1.0,True,0.5851299381863004
20260621,hnn-rollout-mixed,1,changed_hidden,1.0,True,0.06822824708962738
20260621,hnn-rollout-mixed,1,changed_hidden,1.0,True,0.39961290803224836
20260621,hnn-rollout-mixed,1,normal,10.0,True,0.9176703340722483
20260621,hnn-rollout-mixed,1,normal,10.0,True,0.4150356600330243
20260621,hnn-rollout-mixed,1,normal,10.0,True,1.6093598577138932
20260621,hnn-rollout-mixed,1,normal,10.0,True,2.720422806287358
20260621,hnn-rollout-mixed,1,normal,10.0,True,1.576555854175327
20260621,hnn-rollout-mixed,1,normal,1.0,True,0.16361479453352112
20260621,hnn-rollout-mixed,1,normal,1.0,True,0.48615750469861796
20260621,hnn-rollout-mixed,1,normal,1.0,True,1.0818706345156173
20260621,hnn-rollout-mixed,1,normal,1.0,True,0.44551272396891006
20260621,hnn-rollout-mixed,1,normal,1.0,True,0.24544176868304257
20260621,hnn-rollout-mixed,2,changed_disclosed,10.0,True,2.541608539968463
20260621,hnn-rollout-mixed,2,changed_disclosed,10.0,True,1.1304179956108849
20260621,hnn-rollout-mixed,2,changed_disclosed,10.0,True,1.847565637724708
20260621,hnn-rollout-mixed,2,changed_disclosed,10.0,True,0.7707034230776078
20260621,hnn-rollout-mixed,2,changed_disclosed,10.0,True,0.6370946572193144
20260621,hnn-rollout-mixed,2,changed_disclosed,1.0,True,1.5231566232087568
20260621,hnn-rollout-mixed,2,changed_disclosed,1.0,True,1.4087975792491703
20260621,hnn-rollout-mixed,2,changed_disclosed,1.0,True,2.052227426759452
20260621,hnn-rollout-mixed,2,changed_disclosed,1.0,True,1.307795163477743
20260621,hnn-rollout-mixed,2,changed_disclosed,1.0,True,0.1928503574981142
20260621,hnn-rollout-mixed,2,changed_hidden,10.0,True,0.29258583249156445
20260621,hnn-rollout-mixed,2,changed_hidden,10.0,True,1.3450636548439223
20260621,hnn-rollout-mixed,2,changed_hidden,10.0,True,1.5325290425112068
20260621,hnn-rollout-mixed,2,changed_hidden,10.0,True,0.1883953417905606
20260621,hnn-rollout-mixed,2,changed_hidden,10.0,True,0.6537562452229397
20260621,hnn-rollout-mixed,2,changed_hidden,1.0,True,0.4001683645872465
20260621,hnn-rollout-mixed,2,changed_hidden,1.0,True,1.446275386291053
20260621,hnn-rollout-mixed,2,changed_hidden,1.0,True,0.3224456489564793
20260621,hnn-rollout-mixed,2,changed_hidden,1.0,True,0.16851673527330702
20260621,hnn-rollout-mixed,2,changed_hidden,1.0,True,0.6991100119243587
20260621,hnn-rollout-mixed,2,normal,10.0,True,1.1550972833527549
20260621,hnn-rollout-mixed,2,normal,10.0,True,1.848019611134509
20260621,hnn-rollout-mixed,2,normal,10.0,True,2.113072329367412
20260621,hnn-rollout-mixed,2,normal,10.0,True,1.2355054786710866
20260621,hnn-rollout-mixed,2,normal,10.0,True,0.8339660973423193
20260621,hnn-rollout-mixed,2,normal,1.0,True,1.4655942609788788
20260621,hnn-rollout-mixed,2,normal,1.0,True,0.8662266797724969
20260621,hnn-rollout-mixed,2,normal,1.0,True,1.563714771172784
20260621,hnn-rollout-mixed,2,normal,1.0,True,1.8400654798942644
20260621,hnn-rollout-mixed,2,normal,1.0,True,1.1943289390976508
20260621,hnn-rollout-mixed,3,changed_disclosed,10.0,True,1.5775528726965173
20260621,hnn-rollout-mixed,3,changed_disclosed,10.0,True,1.3338612088717128
20260621,hnn-rollout-mixed,3,changed_disclosed,10.0,True,1.768128628243361
20260621,hnn-rollout-mixed,3,changed_disclosed,10.0,True,2.6856619207157046
20260621,hnn-rollout-mixed,3,changed_disclosed,10.0,True,2.1358367990183535
20260621,hnn-rollout-mixed,3,changed_disclosed,1.0,True,0.2679035488304877
20260621,hnn-rollout-mixed,3,changed_disclosed,1.0,True,1.4564933816211194
20260621,hnn-rollout-mixed,3,changed_disclosed,1.0,True,1.3922385981297782
20260621,hnn-rollout-mixed,3,changed_disclosed,1.0,True,1.1380151269178478
20260621,hnn-rollout-mixed,3,changed_disclosed,1.0,True,2.0160711621144562
20260621,hnn-rollout-mixed,3,changed_hidden,10.0,True,1.9475537934648504
20260621,hnn-rollout-mixed,3,changed_hidden,10.0,True,2.4254146223431565
20260621,hnn-rollout-mixed,3,changed_hidden,10.0,True,2.4261071382160164
20260621,hnn-rollout-mixed,3,changed_hidden,10.0,True,1.077196664610333
20260621,hnn-rollout-mixed,3,changed_hidden,10.0,True,0.8473696208752189
20260621,hnn-rollout-mixed,3,changed_hidden,1.0,True,1.9512786993120652
20260621,hnn-rollout-mixed,3,changed_hidden,1.0,True,0.34192190416324425
20260621,hnn-rollout-mixed,3,changed_hidden,1.0,True,1.1882078922490626
20260621,hnn-rollout-mixed,3,changed_hidden,1.0,True,0.8339035499137841
20260621,hnn-rollout-mixed,3,changed_hidden,1.0,True,1.3713348948378383
20260621,hnn-rollout-mixed,3,normal,10.0,True,1.8113050863473206
20260621,hnn-rollout-mixed,3,normal,10.0,True,1.29337980714341
20260621,hnn-rollout-mixed,3,normal,10.0,True,1.3248815683960131
20260621,hnn-rollout-mixed,3,normal,10.0,True,1.6541130603244014
20260621,hnn-rollout-mixed,3,normal,10.0,True,2.0627057750998046
20260621,hnn-rollout-mixed,3,normal,1.0,True,1.0052459330520058
20260621,hnn-rollout-mixed,3,normal,1.0,True,0.8849578124040605
20260621,hnn-rollout-mixed,3,normal,1.0,True,0.5295505522848442
20260621,hnn-rollout-mixed,3,normal,1.0,True,1.2007837931312357
20260621,hnn-rollout-mixed,3,normal,1.0,True,2.236795485693728
20260621,hnn-rollout,1,changed_disclosed,10.0,True,0.3217795943605344
20260621,hnn-rollout,1,changed_disclosed,10.0,True,0.15601237106681776
20260621,hnn-rollout,1,changed_disclosed,10.0,True,0.4148783299941394
20260621,hnn-rollout,1,changed_disclosed,10.0,True,0.026147558420279715
20260621,hnn-rollout,1,changed_disclosed,10.0,True,0.1777052236703316
20260621,hnn-rollout,1,changed_disclosed,1.0,True,0.014931384683035454
20260621,hnn-rollout,1,changed_disclosed,1.0,True,0.08929548300220702
20260621,hnn-rollout,1,changed_disclosed,1.0,True,0.45150504325019947
20260621,hnn-rollout,1,changed_disclosed,1.0,True,0.0064172508771958015
20260621,hnn-rollout,1,changed_disclosed,1.0,True,0.004314037393269743
20260621,hnn-rollout,1,changed_hidden,10.0,True,0.08380430267896521
20260621,hnn-rollout,1,changed_hidden,10.0,True,0.09600724489640333
20260621,hnn-rollout,1,changed_hidden,10.0,True,0.0735295997424088
20260621,hnn-rollout,1,changed_hidden,10.0,True,0.29882439067106414
20260621,hnn-rollout,1,changed_hidden,10.0,True,0.04015248468635413
20260621,hnn-rollout,1,changed_hidden,1.0,True,0.2996930147680885
20260621,hnn-rollout,1,changed_hidden,1.0,True,0.11821327045857366
20260621,hnn-rollout,1,changed_hidden,1.0,True,0.3829429904539392
20260621,hnn-rollout,1,changed_hidden,1.0,True,0.04016333454557586
20260621,hnn-rollout,1,changed_hidden,1.0,True,0.5862034327296812
20260621,hnn-rollout,1,normal,10.0,True,0.23623064665997306
20260621,hnn-rollout,1,normal,10.0,True,1.7069735462592748
20260621,hnn-rollout,1,normal,10.0,True,0.4661817818980287
20260621,hnn-rollout,1,normal,10.0,True,0.05688041514176145
20260621,hnn-rollout,1,normal,10.0,True,0.47193256413398466
20260621,hnn-rollout,1,normal,1.0,True,0.05800715943379986
20260621,hnn-rollout,1,normal,1.0,True,0.03532040831094152
20260621,hnn-rollout,1,normal,1.0,True,0.09832808718588826
20260621,hnn-rollout,1,normal,1.0,True,0.19314153456746608
20260621,hnn-rollout,1,normal,1.0,True,0.20612240182351593
20260621,hnn-rollout,2,changed_disclosed,10.0,True,1.030421017242812
20260621,hnn-rollout,2,changed_disclosed,10.0,True,1.6721586080777309
20260621,hnn-rollout,2,changed_disclosed,10.0,True,1.0430161459337313
20260621,hnn-rollout,2,changed_disclosed,10.0,True,0.9402096857460673
20260621,hnn-rollout,2,changed_disclosed,10.0,True,0.6213430399072576
20260621,hnn-rollout,2,changed_disclosed,1.0,True,1.0672279379126028
20260621,hnn-rollout,2,changed_disclosed,1.0,True,0.36376141976549703
20260621,hnn-rollout,2,changed_disclosed,1.0,True,0.6626326066870933
20260621,hnn-rollout,2,changed_disclosed,1.0,True,1.0075192193669396
20260621,hnn-rollout,2,changed_disclosed,1.0,True,1.3021813777549198
20260621,hnn-rollout,2,changed_hidden,10.0,True,0.26580613562141786
20260621,hnn-rollout,2,changed_hidden,10.0,True,1.2763409508542427
20260621,hnn-rollout,2,changed_hidden,10.0,True,0.587429080978259
20260621,hnn-rollout,2,changed_hidden,10.0,True,0.05876272474967137
20260621,hnn-rollout,2,changed_hidden,10.0,True,0.38459055717181556
20260621,hnn-rollout,2,changed_hidden,1.0,True,0.7709902714869643
20260621,hnn-rollout,2,changed_hidden,1.0,True,0.876450606346665
20260621,hnn-rollout,2,changed_hidden,1.0,True,0.6242024408655302
20260621,hnn-rollout,2,changed_hidden,1.0,True,0.34574105998579485
20260621,hnn-rollout,2,changed_hidden,1.0,True,0.9361460544398836
20260621,hnn-rollout,2,normal,10.0,True,0.9204170890323748
20260621,hnn-rollout,2,normal,10.0,True,1.4412028965437722
20260621,hnn-rollout,2,normal,10.0,True,0.7472953690501942
20260621,hnn-rollout,2,normal,10.0,True,1.1020612147956204
20260621,hnn-rollout,2,normal,10.0,True,0.5719599709252936
20260621,hnn-rollout,2,normal,1.0,True,0.18682480328132622
20260621,hnn-rollout,2,normal,1.0,True,1.5117965686834114
20260621,hnn-rollout,2,normal,1.0,True,2.300341780964554
20260621,hnn-rollout,2,normal,1.0,True,1.4097408418809936
20260621,hnn-rollout,2,normal,1.0,True,1.9489052672575555
20260621,hnn-rollout,3,changed_disclosed,10.0,True,0.8774837072409478
20260621,hnn-rollout,3,changed_disclosed,10.0,True,1.1599593897413705
20260621,hnn-rollout,3,changed_disclosed,10.0,True,2.1287377572057156
20260621,hnn-rollout,3,changed_disclosed,10.0,True,1.019186318741988
20260621,hnn-rollout,3,changed_disclosed,10.0,True,1.28689431069591
20260621,hnn-rollout,3,changed_disclosed,1.0,True,0.4094441552274299
20260621,hnn-rollout,3,changed_disclosed,1.0,True,0.3561945935770652
20260621,hnn-rollout,3,changed_disclosed,1.0,True,1.2820096434383146
20260621,hnn-rollout,3,changed_disclosed,1.0,True,0.7967112130173551
20260621,hnn-rollout,3,changed_disclosed,1.0,True,2.0619988455128104
20260621,hnn-rollout,3,changed_hidden,10.0,True,1.006464213379039
20260621,hnn-rollout,3,changed_hidden,10.0,True,1.735098676696645
20260621,hnn-rollout,3,changed_hidden,10.0,True,2.2152984936151836
20260621,hnn-rollout,3,changed_hidden,10.0,True,2.628284244294036
20260621,hnn-rollout,3,changed_hidden,10.0,True,1.8535159931560052
20260621,hnn-rollout,3,changed_hidden,1.0,True,2.1212050102659794
20260621,hnn-rollout,3,changed_hidden,1.0,True,0.3725089504292609
20260621,hnn-rollout,3,changed_hidden,1.0,True,1.7695576542386133
20260621,hnn-rollout,3,changed_hidden,1.0,True,0.6706304647212935
20260621,hnn-rollout,3,changed_hidden,1.0,True,0.892273130609491
20260621,hnn-rollout,3,normal,10.0,True,1.424179123619906
20260621,hnn-rollout,3,normal,10.0,True,0.6453576659276171
20260621,hnn-rollout,3,normal,10.0,True,1.877438336625384
20260621,hnn-rollout,3,normal,10.0,True,2.483760784418533
20260621,hnn-rollout,3,normal,10.0,True,1.166222809426607
20260621,hnn-rollout,3,normal,1.0,True,2.2037789464778377
20260621,hnn-rollout,3,normal,1.0,True,0.9793841257345431
20260621,hnn-rollout,3,normal,1.0,True,2.756480422622603
20260621,hnn-rollout,3,normal,1.0,True,1.2900773853093863
20260621,hnn-rollout,3,normal,1.0,True,0.5856041718649081
20260621,lnn,1,changed_disclosed,10.0,True,2.4208429932872697
20260621,lnn,1,changed_disclosed,10.0,True,3.061691460870663
20260621,lnn,1,changed_disclosed,10.0,True,0.6490085454827064
20260621,lnn,1,changed_disclosed,10.0,True,0.5702275151240115
20260621,lnn,1,changed_disclosed,10.0,True,1.2537365811626664
20260621,lnn,1,changed_disclosed,1.0,True,0.6614710016473362
20260621,lnn,1,changed_disclosed,1.0,True,0.21666588324035896
20260621,lnn,1,changed_disclosed,1.0,True,0.3282048299463316
20260621,lnn,1,changed_disclosed,1.0,True,0.43990369843016497
20260621,lnn,1,changed_disclosed,1.0,True,1.395061198915015
20260621,lnn,1,changed_hidden,10.0,True,0.736059158564629
20260621,lnn,1,changed_hidden,10.0,True,0.6867288279871366
20260621,lnn,1,changed_hidden,10.0,True,0.6653178357621736
20260621,lnn,1,changed_hidden,10.0,True,0.6617227063922737
20260621,lnn,1,changed_hidden,10.0,True,0.15352888976731194
20260621,lnn,1,changed_hidden,1.0,True,0.36042777314217656
20260621,lnn,1,changed_hidden,1.0,True,0.1472329002334316
20260621,lnn,1,changed_hidden,1.0,True,0.16165641172274858
20260621,lnn,1,changed_hidden,1.0,True,0.09285718628323014
20260621,lnn,1,changed_hidden,1.0,True,1.3824071140076564
20260621,lnn,1,normal,10.0,True,0.873463343363043
20260621,lnn,1,normal,10.0,True,0.14842952162860934
20260621,lnn,1,normal,10.0,True,0.3120009729434985
20260621,lnn,1,normal,10.0,True,0.02731618979573014
20260621,lnn,1,normal,10.0,True,2.5826424316169128
20260621,lnn,1,normal,1.0,True,0.20485487090120236
20260621,lnn,1,normal,1.0,True,2.9731497058035994
20260621,lnn,1,normal,1.0,True,2.2494120649650817
20260621,lnn,1,normal,1.0,True,2.526737874601901
20260621,lnn,1,normal,1.0,True,3.0254259924679348
20260621,lnn,2,changed_disclosed,10.0,True,1.921194631084853
20260621,lnn,2,changed_disclosed,10.0,True,1.7557870193109508
20260621,lnn,2,changed_disclosed,10.0,True,2.0610909380163207
20260621,lnn,2,changed_disclosed,10.0,True,0.6306970099797482
20260621,lnn,2,changed_disclosed,10.0,True,1.907611407089469
20260621,lnn,2,changed_disclosed,1.0,True,2.208197944405595
20260621,lnn,2,changed_disclosed,1.0,True,1.5033192459331461
20260621,lnn,2,changed_disclosed,1.0,True,1.661178742012068
20260621,lnn,2,changed_disclosed,1.0,True,1.3641394136202776
20260621,lnn,2,changed_disclosed,1.0,True,1.6121213791164068
20260621,lnn,2,changed_hidden,10.0,True,1.6669539357921401
20260621,lnn,2,changed_hidden,10.0,True,2.488872819214489
20260621,lnn,2,changed_hidden,10.0,True,2.297049513651743
20260621,lnn,2,changed_hidden,10.0,True,2.861257321785555
20260621,lnn,2,changed_hidden,10.0,True,1.5481326588227677
20260621,lnn,2,changed_hidden,1.0,True,0.6516193317059029
20260621,lnn,2,changed_hidden,1.0,True,1.3369008878726987
20260621,lnn,2,changed_hidden,1.0,True,0.8452500811722119
20260621,lnn,2,changed_hidden,1.0,True,1.4604057170950873
20260621,lnn,2,changed_hidden,1.0,True,1.6863955762342746
20260621,lnn,2,normal,10.0,True,1.5811609646548384
20260621,lnn,2,normal,10.0,True,1.130739495472639
20260621,lnn,2,normal,10.0,True,1.8289841252062153
20260621,lnn,2,normal,10.0,True,2.2993903177686548
20260621,lnn,2,normal,10.0,True,2.4040911856027023
20260621,lnn,2,normal,1.0,True,0.46813937545099593
20260621,lnn,2,normal,1.0,True,1.9504197528860672
20260621,lnn,2,normal,1.0,True,0.40268090206859775
20260621,lnn,2,normal,1.0,True,1.9125705516264255
20260621,lnn,2,normal,1.0,True,1.581808741713707
20260621,lnn,3,changed_disclosed,10.0,True,2.124834734731966
20260621,lnn,3,changed_disclosed,10.0,True,2.2759245159975463
20260621,lnn,3,changed_disclosed,10.0,True,1.7595065788520674
20260621,lnn,3,changed_disclosed,10.0,True,0.8296967883395338
20260621,lnn,3,changed_disclosed,10.0,True,1.9456477300811663
20260621,lnn,3,changed_disclosed,1.0,True,0.7281396865825432
20260621,lnn,3,changed_disclosed,1.0,True,1.4503958096501668
20260621,lnn,3,changed_disclosed,1.0,True,2.0032779479236855
20260621,lnn,3,changed_disclosed,1.0,True,1.352429799936225
20260621,lnn,3,changed_disclosed,1.0,True,1.5549819219769503
20260621,lnn,3,changed_hidden,10.0,True,2.374222135365077
20260621,lnn,3,changed_hidden,10.0,True,1.7049443293223128
20260621,lnn,3,changed_hidden,10.0,True,2.007612694088414
20260621,lnn,3,changed_hidden,10.0,True,0.7155159371502139
20260621,lnn,3,changed_hidden,10.0,True,1.2822894452979021
20260621,lnn,3,changed_hidden,1.0,True,1.7718966815467356
20260621,lnn,3,changed_hidden,1.0,True,1.0018595773884866
20260621,lnn,3,changed_hidden,1.0,True,1.2631175084232291
20260621,lnn,3,changed_hidden,1.0,True,1.476390922175657
20260621,lnn,3,changed_hidden,1.0,True,1.3847088113334909
20260621,lnn,3,normal,10.0,True,1.7138321853265204
20260621,lnn,3,normal,10.0,True,1.9684530264342104
20260621,lnn,3,normal,10.0,True,1.0674146701854461
20260621,lnn,3,normal,10.0,True,1.0096837620197394
20260621,lnn,3,normal,10.0,True,1.4967678191612528
20260621,lnn,3,normal,1.0,True,1.775912273102172
20260621,lnn,3,normal,1.0,True,1.1212168079551919
20260621,lnn,3,normal,1.0,True,0.8985259437792781
20260621,lnn,3,normal,1.0,True,0.8496008914094361
20260621,lnn,3,normal,1.0,True,0.9708536134288682
20260621,neural-ode-rollout-mixed,1,changed_disclosed,10.0,True,0.17896353899642747
20260621,neural-ode-rollout-mixed,1,changed_disclosed,10.0,True,0.4571200468775354
20260621,neural-ode-rollout-mixed,1,changed_disclosed,10.0,True,0.11492919704895277
20260621,neural-ode-rollout-mixed,1,changed_disclosed,10.0,True,0.04704921241299642
20260621,neural-ode-rollout-mixed,1,changed_disclosed,10.0,True,0.053195081566258295
20260621,neural-ode-rollout-mixed,1,changed_disclosed,1.0,True,0.004275677557221247
20260621,neural-ode-rollout-mixed,1,changed_disclosed,1.0,True,0.07670100647422196
20260621,neural-ode-rollout-mixed,1,changed_disclosed,1.0,True,0.637793747696926
20260621,neural-ode-rollout-mixed,1,changed_disclosed,1.0,True,0.0151152540079873
20260621,neural-ode-rollout-mixed,1,changed_disclosed,1.0,True,0.01921916868232998
20260621,neural-ode-rollout-mixed,1,changed_hidden,10.0,True,1.1137450689690844
20260621,neural-ode-rollout-mixed,1,changed_hidden,10.0,True,1.1068371832040653
20260621,neural-ode-rollout-mixed,1,changed_hidden,10.0,True,1.1431013674987573
20260621,neural-ode-rollout-mixed,1,changed_hidden,10.0,True,0.8724806388521973
20260621,neural-ode-rollout-mixed,1,changed_hidden,10.0,True,0.3254805880925171
20260621,neural-ode-rollout-mixed,1,changed_hidden,1.0,True,1.1138520281303115
20260621,neural-ode-rollout-mixed,1,changed_hidden,1.0,True,0.08479713507466524
20260621,neural-ode-rollout-mixed,1,changed_hidden,1.0,True,0.5379042863600079
20260621,neural-ode-rollout-mixed,1,changed_hidden,1.0,True,0.3074937424087194
20260621,neural-ode-rollout-mixed,1,changed_hidden,1.0,True,0.4860468482977227
20260621,neural-ode-rollout-mixed,1,normal,10.0,True,0.9906049914122157
20260621,neural-ode-rollout-mixed,1,normal,10.0,True,1.6554771016811078
20260621,neural-ode-rollout-mixed,1,normal,10.0,True,1.8224559370603897
20260621,neural-ode-rollout-mixed,1,normal,10.0,True,0.20514617713973138
20260621,neural-ode-rollout-mixed,1,normal,10.0,True,2.304389446597036
20260621,neural-ode-rollout-mixed,1,normal,1.0,True,0.12203649625311419
20260621,neural-ode-rollout-mixed,1,normal,1.0,True,0.17145381944168436
20260621,neural-ode-rollout-mixed,1,normal,1.0,True,0.11854878087326126
20260621,neural-ode-rollout-mixed,1,normal,1.0,True,0.14240127561715266
20260621,neural-ode-rollout-mixed,1,normal,1.0,True,0.452483769559497
20260621,neural-ode-rollout-mixed,2,changed_disclosed,10.0,True,0.6641038406046842
20260621,neural-ode-rollout-mixed,2,changed_disclosed,10.0,True,0.3766470892929723
20260621,neural-ode-rollout-mixed,2,changed_disclosed,10.0,True,0.6077473173334296
20260621,neural-ode-rollout-mixed,2,changed_disclosed,10.0,True,0.46628581179775974
20260621,neural-ode-rollout-mixed,2,changed_disclosed,10.0,True,1.959184953969568
20260621,neural-ode-rollout-mixed,2,changed_disclosed,1.0,True,0.5613776748990673
20260621,neural-ode-rollout-mixed,2,changed_disclosed,1.0,True,1.7810160122505967
20260621,neural-ode-rollout-mixed,2,changed_disclosed,1.0,True,1.1720184023652314
20260621,neural-ode-rollout-mixed,2,changed_disclosed,1.0,True,0.30108250850864215
20260621,neural-ode-rollout-mixed,2,changed_disclosed,1.0,True,1.7547537970084104
20260621,neural-ode-rollout-mixed,2,changed_hidden,10.0,True,0.912797525242393
20260621,neural-ode-rollout-mixed,2,changed_hidden,10.0,True,1.0051016791802607
20260621,neural-ode-rollout-mixed,2,changed_hidden,10.0,True,1.273169388484257
20260621,neural-ode-rollout-mixed,2,changed_hidden,10.0,True,2.25525404492408
20260621,neural-ode-rollout-mixed,2,changed_hidden,10.0,True,0.29778635001955345
20260621,neural-ode-rollout-mixed,2,changed_hidden,1.0,True,1.211769789182371
20260621,neural-ode-rollout-mixed,2,changed_hidden,1.0,True,2.029284268637689
20260621,neural-ode-rollout-mixed,2,changed_hidden,1.0,True,0.4085812538210625
20260621,neural-ode-rollout-mixed,2,changed_hidden,1.0,True,1.4244867196904143
20260621,neural-ode-rollout-mixed,2,changed_hidden,1.0,True,0.5959133140237447
20260621,neural-ode-rollout-mixed,2,normal,10.0,True,1.0051486593822452
20260621,neural-ode-rollout-mixed,2,normal,10.0,True,1.3578082918276508
20260621,neural-ode-rollout-mixed,2,normal,10.0,True,1.2951472183134598
20260621,neural-ode-rollout-mixed,2,normal,10.0,True,1.1819043303858616
20260621,neural-ode-rollout-mixed,2,normal,10.0,True,1.6999073256946904
20260621,neural-ode-rollout-mixed,2,normal,1.0,True,0.49247587480521515
20260621,neural-ode-rollout-mixed,2,normal,1.0,True,1.9800404685650275
20260621,neural-ode-rollout-mixed,2,normal,1.0,True,1.2108224700744241
20260621,neural-ode-rollout-mixed,2,normal,1.0,True,1.4252777560761865
20260621,neural-ode-rollout-mixed,2,normal,1.0,True,1.6049212810777096
20260621,neural-ode-rollout-mixed,3,changed_disclosed,10.0,True,1.1745639153744591
20260621,neural-ode-rollout-mixed,3,changed_disclosed,10.0,True,1.1930705998620916
20260621,neural-ode-rollout-mixed,3,changed_disclosed,10.0,True,0.9083658714316809
20260621,neural-ode-rollout-mixed,3,changed_disclosed,10.0,True,1.4585011055147843
20260621,neural-ode-rollout-mixed,3,changed_disclosed,10.0,True,0.9473055052075315
20260621,neural-ode-rollout-mixed,3,changed_disclosed,1.0,True,0.6612678480707276
20260621,neural-ode-rollout-mixed,3,changed_disclosed,1.0,True,1.2470793336726438
20260621,neural-ode-rollout-mixed,3,changed_disclosed,1.0,True,1.821561111348257
20260621,neural-ode-rollout-mixed,3,changed_disclosed,1.0,True,0.5944431153370379
20260621,neural-ode-rollout-mixed,3,changed_disclosed,1.0,True,0.6698445026655331
20260621,neural-ode-rollout-mixed,3,changed_hidden,10.0,True,1.5684806982238513
20260621,neural-ode-rollout-mixed,3,changed_hidden,10.0,True,1.3472921194620484
20260621,neural-ode-rollout-mixed,3,changed_hidden,10.0,True,0.6795635618073712
20260621,neural-ode-rollout-mixed,3,changed_hidden,10.0,True,1.4500564386504424
20260621,neural-ode-rollout-mixed,3,changed_hidden,10.0,True,1.3515745405667878
20260621,neural-ode-rollout-mixed,3,changed_hidden,1.0,True,1.197012965817818
20260621,neural-ode-rollout-mixed,3,changed_hidden,1.0,True,0.510218261382455
20260621,neural-ode-rollout-mixed,3,changed_hidden,1.0,True,0.644901489814499
20260621,neural-ode-rollout-mixed,3,changed_hidden,1.0,True,2.4084020752155335
20260621,neural-ode-rollout-mixed,3,changed_hidden,1.0,True,1.2320733773071442
20260621,neural-ode-rollout-mixed,3,normal,10.0,True,1.0611499817356975
20260621,neural-ode-rollout-mixed,3,normal,10.0,True,1.384424386893557
20260621,neural-ode-rollout-mixed,3,normal,10.0,True,1.8196149081672555
20260621,neural-ode-rollout-mixed,3,normal,10.0,True,1.0321437310213417
20260621,neural-ode-rollout-mixed,3,normal,10.0,True,1.2750430470770537
20260621,neural-ode-rollout-mixed,3,normal,1.0,True,1.5997541400488524
20260621,neural-ode-rollout-mixed,3,normal,1.0,True,2.7334550570636984
20260621,neural-ode-rollout-mixed,3,normal,1.0,True,1.6935118206884017
20260621,neural-ode-rollout-mixed,3,normal,1.0,True,0.5011611767098162
20260621,neural-ode-rollout-mixed,3,normal,1.0,True,1.824168083278466
20260621,rk4,1,changed_disclosed,10.0,True,4.162254541029142e-09
20260621,rk4,1,changed_disclosed,10.0,True,2.744915406083237e-11
20260621,rk4,1,changed_disclosed,10.0,True,4.021520005892398e-09
20260621,rk4,1,changed_disclosed,10.0,True,3.990892505356669e-09
20260621,rk4,1,changed_disclosed,10.0,True,3.906224677052705e-09
20260621,rk4,1,changed_disclosed,1.0,True,7.424283410273347e-12
20260621,rk4,1,changed_disclosed,1.0,True,6.786340378539535e-10
20260621,rk4,1,changed_disclosed,1.0,True,1.9558266117769563e-10
20260621,rk4,1,changed_disclosed,1.0,True,5.546589854077411e-10
20260621,rk4,1,changed_disclosed,1.0,True,7.39817984651836e-10
20260621,rk4,1,changed_hidden,10.0,True,1.4100143275186383e-10
20260621,rk4,1,changed_hidden,10.0,True,1.6005685665732017e-10
20260621,rk4,1,changed_hidden,10.0,True,3.8985348282949417e-10
20260621,rk4,1,changed_hidden,10.0,True,1.7212808955946457e-10
20260621,rk4,1,changed_hidden,10.0,True,4.776232742642605e-10
20260621,rk4,1,changed_hidden,1.0,True,6.825739973237432e-11
20260621,rk4,1,changed_hidden,1.0,True,6.190203905021008e-11
20260621,rk4,1,changed_hidden,1.0,True,1.5473311520963762e-10
20260621,rk4,1,changed_hidden,1.0,True,7.951417302365371e-11
20260621,rk4,1,changed_hidden,1.0,True,1.743911681728605e-10
20260621,rk4,1,normal,10.0,True,2.6875843772700136e-09
20260621,rk4,1,normal,10.0,True,1.946850152201307e-07
20260621,rk4,1,normal,10.0,True,1.547591956807537e-07
20260621,rk4,1,normal,10.0,True,3.4234513446307346e-08
20260621,rk4,1,normal,10.0,True,3.8479028852123065e-08
20260621,rk4,1,normal,1.0,True,4.2953907097853516e-10
20260621,rk4,1,normal,1.0,True,2.9058960571148873e-08
20260621,rk4,1,normal,1.0,True,1.7450255906936718e-08
20260621,rk4,1,normal,1.0,True,1.0416178586325486e-08
20260621,rk4,1,normal,1.0,True,1.4162802042250178e-08
20260621,rk4,2,changed_disclosed,10.0,True,1.0264924108494e-06
20260621,rk4,2,changed_disclosed,10.0,True,3.033119888584679e-08
20260621,rk4,2,changed_disclosed,10.0,True,3.516913427148438e-09
20260621,rk4,2,changed_disclosed,10.0,True,1.978003782987514e-08
20260621,rk4,2,changed_disclosed,10.0,True,2.076814076268363e-08
20260621,rk4,2,changed_disclosed,1.0,True,7.256393264043481e-10
20260621,rk4,2,changed_disclosed,1.0,True,6.251901218945477e-10
20260621,rk4,2,changed_disclosed,1.0,True,1.3753493455226362e-08
20260621,rk4,2,changed_disclosed,1.0,True,2.9909803522798484e-09
20260621,rk4,2,changed_disclosed,1.0,True,9.496896602456673e-10
20260621,rk4,2,changed_hidden,10.0,True,2.552877798045472e-08
20260621,rk4,2,changed_hidden,10.0,True,6.6703728500705495e-06
20260621,rk4,2,changed_hidden,10.0,True,2.1601467059539914e-08
20260621,rk4,2,changed_hidden,10.0,True,2.577938698067328e-07
20260621,rk4,2,changed_hidden,10.0,True,3.6265863667672704e-07
20260621,rk4,2,changed_hidden,1.0,True,9.48188860760979e-09
20260621,rk4,2,changed_hidden,1.0,True,1.2079268696396639e-09
20260621,rk4,2,changed_hidden,1.0,True,4.379096352202794e-08
20260621,rk4,2,changed_hidden,1.0,True,1.6753793907753334e-08
20260621,rk4,2,changed_hidden,1.0,True,1.7411301489467235e-07
20260621,rk4,2,normal,10.0,True,0.04025577201687791
20260621,rk4,2,normal,10.0,True,1.946015373156508
20260621,rk4,2,normal,10.0,True,2.736805906811135e-05
20260621,rk4,2,normal,10.0,True,1.1640432148501012
20260621,rk4,2,normal,10.0,True,0.13046163286131862
20260621,rk4,2,normal,1.0,True,1.6264172240099128e-06
20260621,rk4,2,normal,1.0,True,4.0352228609652485e-05
20260621,rk4,2,normal,1.0,True,5.41160316336331e-07
20260621,rk4,2,normal,1.0,True,1.1225072299669847e-05
20260621,rk4,2,normal,1.0,True,7.745925512114837e-07
20260621,rk4,3,changed_disclosed,10.0,True,1.7945957845692342e-07
20260621,rk4,3,changed_disclosed,10.0,True,3.057588551680368e-06
20260621,rk4,3,changed_disclosed,10.0,True,8.129619891450446e-05
20260621,rk4,3,changed_disclosed,10.0,True,3.177923031394414e-07
20260621,rk4,3,changed_disclosed,10.0,True,0.053133301097707385
20260621,rk4,3,changed_disclosed,1.0,True,3.3683525938836095e-07
20260621,rk4,3,changed_disclosed,1.0,True,9.571983798177067e-09
20260621,rk4,3,changed_disclosed,1.0,True,2.010415523242178e-06
20260621,rk4,3,changed_disclosed,1.0,True,9.245112231326402e-09
20260621,rk4,3,changed_disclosed,1.0,True,2.469835062394547e-08
20260621,rk4,3,changed_hidden,10.0,True,0.0005484779770291345
20260621,rk4,3,changed_hidden,10.0,True,3.762895624722281e-08
20260621,rk4,3,changed_hidden,10.0,True,5.808253632425912e-06
20260621,rk4,3,changed_hidden,10.0,True,1.3530318513440184e-05
20260621,rk4,3,changed_hidden,10.0,True,1.4180592833312744e-07
20260621,rk4,3,changed_hidden,1.0,True,4.5945898937323665e-10
20260621,rk4,3,changed_hidden,1.0,True,4.859652088147944e-09
20260621,rk4,3,changed_hidden,1.0,True,2.168340352604048e-06
20260621,rk4,3,changed_hidden,1.0,True,1.7562032450513243e-07
20260621,rk4,3,changed_hidden,1.0,True,3.6338083594008214e-07
20260621,rk4,3,normal,10.0,True,0.4433567153190072
20260621,rk4,3,normal,10.0,True,1.5070299166083212
20260621,rk4,3,normal,10.0,True,0.004293509964811963
20260621,rk4,3,normal,10.0,True,0.00023029915759516703
20260621,rk4,3,normal,10.0,True,1.3941732815863375
20260621,rk4,3,normal,1.0,True,7.983947884297274e-06
20260621,rk4,3,normal,1.0,True,0.003111653497754515
20260621,rk4,3,normal,1.0,True,6.001636625304248e-06
20260621,rk4,3,normal,1.0,True,4.1474769470658163e-07
20260621,rk4,3,normal,1.0,True,3.095417591136851e-05
20260621,symplectic,1,changed_disclosed,10.0,True,0.000533954560649974
20260621,symplectic,1,changed_disclosed,10.0,True,8.021387306378358e-06
20260621,symplectic,1,changed_disclosed,10.0,True,0.00032096308149887065
20260621,symplectic,1,changed_disclosed,10.0,True,0.0004964767456847596
20260621,symplectic,1,changed_disclosed,10.0,True,0.0005160317084049737
20260621,symplectic,1,changed_disclosed,1.0,True,1.1959967919139558e-05
20260621,symplectic,1,changed_disclosed,1.0,True,6.988564889187643e-05
20260621,symplectic,1,changed_disclosed,1.0,True,1.5436017426484483e-05
20260621,symplectic,1,changed_disclosed,1.0,True,5.555577482896368e-05
20260621,symplectic,1,changed_disclosed,1.0,True,8.525532778591582e-05
20260621,symplectic,1,changed_hidden,10.0,True,0.00044698672860965516
20260621,symplectic,1,changed_hidden,10.0,True,0.00034260158030585686
20260621,symplectic,1,changed_hidden,10.0,True,0.0010114312942044457
20260621,symplectic,1,changed_hidden,10.0,True,0.0005101338474484685
20260621,symplectic,1,changed_hidden,10.0,True,0.001050123452217555
20260621,symplectic,1,changed_hidden,1.0,True,0.000109371991144247
20260621,symplectic,1,changed_hidden,1.0,True,0.00017135778446286665
20260621,symplectic,1,changed_hidden,1.0,True,0.0003605013521599254
20260621,symplectic,1,changed_hidden,1.0,True,0.00014349706704397391
20260621,symplectic,1,changed_hidden,1.0,True,0.0005099427299115611
20260621,symplectic,1,normal,10.0,True,7.865769699133551e-06
20260621,symplectic,1,normal,10.0,True,0.0006885284993773944
20260621,symplectic,1,normal,10.0,True,0.0008562159687555138
20260621,symplectic,1,normal,10.0,True,0.00032334990703253297
20260621,symplectic,1,normal,10.0,True,0.0001143146986133381
20260621,symplectic,1,normal,1.0,True,2.79362063881905e-06
20260621,symplectic,1,normal,1.0,True,8.686496043353031e-06
20260621,symplectic,1,normal,1.0,True,5.8724335823878704e-05
20260621,symplectic,1,normal,1.0,True,0.0001486009877975647
20260621,symplectic,1,normal,1.0,True,5.350350227484313e-05
20260621,symplectic,2,changed_disclosed,10.0,True,0.1328710547177927
20260621,symplectic,2,changed_disclosed,10.0,True,0.04120009626471455
20260621,symplectic,2,changed_disclosed,10.0,True,0.010572652493581414
20260621,symplectic,2,changed_disclosed,10.0,True,0.23539591416644412
20260621,symplectic,2,changed_disclosed,10.0,True,0.019371764886710663
20260621,symplectic,2,changed_disclosed,1.0,True,0.0026050640805443948
20260621,symplectic,2,changed_disclosed,1.0,True,0.0020937780809511253
20260621,symplectic,2,changed_disclosed,1.0,True,0.0013375124877925693
20260621,symplectic,2,changed_disclosed,1.0,True,0.0021860240243567475
20260621,symplectic,2,changed_disclosed,1.0,True,0.0007062262574246692
20260621,symplectic,2,changed_hidden,10.0,True,0.02518988642326847
20260621,symplectic,2,changed_hidden,10.0,True,0.8524364490269865
20260621,symplectic,2,changed_hidden,10.0,True,0.009082366532916053
20260621,symplectic,2,changed_hidden,10.0,True,0.3347895149796767
20260621,symplectic,2,changed_hidden,10.0,True,0.22939791483665384
20260621,symplectic,2,changed_hidden,1.0,True,0.007205228669471708
20260621,symplectic,2,changed_hidden,1.0,True,0.0034341738999890126
20260621,symplectic,2,changed_hidden,1.0,True,0.0060248318552094116
20260621,symplectic,2,changed_hidden,1.0,True,0.01080803132275543
20260621,symplectic,2,changed_hidden,1.0,True,0.008688601256852113
20260621,symplectic,2,normal,10.0,True,0.5610926241730618
20260621,symplectic,2,normal,10.0,True,1.3995873248331145
20260621,symplectic,2,normal,10.0,True,0.8535922668862113
20260621,symplectic,2,normal,10.0,True,1.9640204263156762
20260621,symplectic,2,normal,10.0,True,1.517475985985913
20260621,symplectic,2,normal,1.0,True,0.04314928704835874
20260621,symplectic,2,normal,1.0,True,0.5809217739218147
20260621,symplectic,2,normal,1.0,True,0.04613898843605879
20260621,symplectic,2,normal,1.0,True,0.2585788357932213
20260621,symplectic,2,normal,1.0,True,0.03451895500152857
20260621,symplectic,3,changed_disclosed,10.0,True,0.050047053803569476
20260621,symplectic,3,changed_disclosed,10.0,True,0.06132078075240891
20260621,symplectic,3,changed_disclosed,10.0,True,0.4352868807349819
20260621,symplectic,3,changed_disclosed,10.0,True,0.08872729971652464
20260621,symplectic,3,changed_disclosed,10.0,True,1.805150965924783
20260621,symplectic,3,changed_disclosed,1.0,True,0.02938829570616323
20260621,symplectic,3,changed_disclosed,1.0,True,0.003542198739988104
20260621,symplectic,3,changed_disclosed,1.0,True,0.005799638970676035
20260621,symplectic,3,changed_disclosed,1.0,True,0.0014789981969755377
20260621,symplectic,3,changed_disclosed,1.0,True,0.0312792125182663
20260621,symplectic,3,changed_hidden,10.0,True,0.26027048795784086
20260621,symplectic,3,changed_hidden,10.0,True,0.006225948562553392
20260621,symplectic,3,changed_hidden,10.0,True,0.1411643444579728
20260621,symplectic,3,changed_hidden,10.0,True,0.18259757117759445
20260621,symplectic,3,changed_hidden,10.0,True,0.013457405696660096
20260621,symplectic,3,changed_hidden,1.0,True,0.0007040818260339125
20260621,symplectic,3,changed_hidden,1.0,True,0.0013640863430183596
20260621,symplectic,3,changed_hidden,1.0,True,0.04710285646286142
20260621,symplectic,3,changed_hidden,1.0,True,0.0037219103950739316
20260621,symplectic,3,changed_hidden,1.0,True,0.022464868175780712
20260621,symplectic,3,normal,10.0,True,0.7551851516342521
20260621,symplectic,3,normal,10.0,True,1.153960322556859
20260621,symplectic,3,normal,10.0,True,0.8018897378673367
20260621,symplectic,3,normal,10.0,True,0.31737602351363775
20260621,symplectic,3,normal,10.0,True,1.3231900824179352
20260621,symplectic,3,normal,1.0,True,0.09987879939897389
20260621,symplectic,3,normal,1.0,True,0.44712725219145266
20260621,symplectic,3,normal,1.0,True,0.04786012620241786
20260621,symplectic,3,normal,1.0,True,0.01946817755524736
20260621,symplectic,3,normal,1.0,True,0.13366910186244882
