model,k,regime,horizon,err
persistence,1,normal,0.01,0.03272588948058219
constant-velocity,1,normal,0.01,0.0004414231622451581
linearized,1,normal,0.01,0.000550267432114282
nearest-neighbor,1,normal,0.01,0.8400113309583213
persistence,1,normal,1.0,1.7464813812889801
constant-velocity,1,normal,1.0,1.3082572940568884
linearized,1,normal,1.0,0.46155797527252185
nearest-neighbor,1,normal,1.0,0.9087498088570065
persistence,1,normal,10.0,2.4612367045141834
constant-velocity,1,normal,10.0,2.953408820226162
linearized,1,normal,10.0,2.3726213029224184
nearest-neighbor,1,normal,10.0,1.4920624923072374
persistence,1,normal,60.0,0.44915924860087
constant-velocity,1,normal,60.0,0.6227873639432424
linearized,1,normal,60.0,0.21430720305476747
nearest-neighbor,1,normal,60.0,0.8618955800656232
persistence,1,normal,0.01,0.0264716883920717
constant-velocity,1,normal,0.01,0.00042504168194845704
linearized,1,normal,0.01,8.913110514541245e-05
nearest-neighbor,1,normal,0.01,0.21404997961049776
persistence,1,normal,1.0,1.5932137480536284
constant-velocity,1,normal,1.0,2.000298551723949
linearized,1,normal,1.0,0.47734555765995257
nearest-neighbor,1,normal,1.0,0.03869313042503553
persistence,1,normal,10.0,0.8169475812800444
constant-velocity,1,normal,10.0,2.5809364265817862
linearized,1,normal,10.0,0.7307959498401084
nearest-neighbor,1,normal,10.0,1.391122366743513
persistence,1,normal,60.0,0.383992744688348
constant-velocity,1,normal,60.0,2.366430287237076
linearized,1,normal,60.0,1.0117792147300007
nearest-neighbor,1,normal,60.0,1.0405420460196
persistence,1,normal,0.01,0.048090429747968955
constant-velocity,1,normal,0.01,0.00028909679674882227
linearized,1,normal,0.01,2.0089851683113835e-05
nearest-neighbor,1,normal,0.01,0.27713148553726796
persistence,1,normal,1.0,0.33122326776939026
constant-velocity,1,normal,1.0,1.776455920477173
linearized,1,normal,1.0,1.5450694950340114
nearest-neighbor,1,normal,1.0,0.36593605013283304
persistence,1,normal,10.0,2.2437565781029543
constant-velocity,1,normal,10.0,0.35780066538429267
linearized,1,normal,10.0,2.094455441867084
nearest-neighbor,1,normal,10.0,3.1408376770201754
persistence,1,normal,60.0,2.0586842811700468
constant-velocity,1,normal,60.0,2.9738658879622797
linearized,1,normal,60.0,1.1279625333397991
nearest-neighbor,1,normal,60.0,0.7446445050596906
persistence,1,normal,0.01,0.024876293753642642
constant-velocity,1,normal,0.01,7.214829820512136e-05
linearized,1,normal,0.01,2.6397575680903174e-07
nearest-neighbor,1,normal,0.01,1.0943293690472125
persistence,1,normal,1.0,0.15706459986748644
constant-velocity,1,normal,1.0,2.651908805052279
linearized,1,normal,1.0,0.11401183163153039
nearest-neighbor,1,normal,1.0,0.46314031832054603
persistence,1,normal,10.0,0.9380883710061556
constant-velocity,1,normal,10.0,0.753789194135738
linearized,1,normal,10.0,0.8618967266300253
nearest-neighbor,1,normal,10.0,2.418183121999893
persistence,1,normal,60.0,0.7995697645067241
constant-velocity,1,normal,60.0,0.3062252967157697
linearized,1,normal,60.0,0.34767139318693596
nearest-neighbor,1,normal,60.0,1.0110423948639822
persistence,1,normal,0.01,0.011333488385125712
constant-velocity,1,normal,0.01,0.0004867727162842783
linearized,1,normal,0.01,0.0003441678707396534
nearest-neighbor,1,normal,0.01,0.11191544815487742
persistence,1,normal,1.0,2.906168394144384
constant-velocity,1,normal,1.0,2.2923453461510572
linearized,1,normal,1.0,0.021841914705464927
nearest-neighbor,1,normal,1.0,0.07901643949381265
persistence,1,normal,10.0,0.1130620755996774
constant-velocity,1,normal,10.0,1.832717021117391
linearized,1,normal,10.0,0.1382575878931771
nearest-neighbor,1,normal,10.0,1.0025351373348315
persistence,1,normal,60.0,1.4859181313498144
constant-velocity,1,normal,60.0,0.7625228099030572
linearized,1,normal,60.0,1.4043471773230403
nearest-neighbor,1,normal,60.0,1.3600440191709948
persistence,1,normal,0.01,0.01874365695816138
constant-velocity,1,normal,0.01,0.00043422042668606053
linearized,1,normal,0.01,0.0005734746208636565
nearest-neighbor,1,normal,0.01,0.5726977195576648
persistence,1,normal,1.0,2.155221046820706
constant-velocity,1,normal,1.0,2.210176521874156
linearized,1,normal,1.0,1.9352678530125758
nearest-neighbor,1,normal,1.0,0.8008159923187983
persistence,1,normal,10.0,2.8847350726694145
constant-velocity,1,normal,10.0,3.070128771201688
linearized,1,normal,10.0,2.8174126065902474
nearest-neighbor,1,normal,10.0,2.32714963678103
persistence,1,normal,60.0,1.5506940860744198
constant-velocity,1,normal,60.0,2.762562441254243
linearized,1,normal,60.0,0.8963895614576458
nearest-neighbor,1,normal,60.0,0.3099547452234699
persistence,1,normal,0.01,0.0356531509431135
constant-velocity,1,normal,0.01,0.00048631957112288404
linearized,1,normal,0.01,0.00034808072955350156
nearest-neighbor,1,normal,0.01,0.6328560519230755
persistence,1,normal,1.0,2.1856622648204933
constant-velocity,1,normal,1.0,0.5808399051600381
linearized,1,normal,1.0,0.6609659116011279
nearest-neighbor,1,normal,1.0,0.8310816338794598
persistence,1,normal,10.0,1.7972872351828253
constant-velocity,1,normal,10.0,1.9536176009097908
linearized,1,normal,10.0,1.8960746328173483
nearest-neighbor,1,normal,10.0,0.37264808855296705
persistence,1,normal,60.0,0.6227612859278695
constant-velocity,1,normal,60.0,3.0331118090890605
linearized,1,normal,60.0,0.9578348640701977
nearest-neighbor,1,normal,60.0,0.49852604310233994
persistence,1,normal,0.01,0.00907641089999034
constant-velocity,1,normal,0.01,4.652351173506375e-05
linearized,1,normal,0.01,7.014132208382762e-08
nearest-neighbor,1,normal,0.01,1.486479883300821
persistence,1,normal,1.0,0.20403782661699355
constant-velocity,1,normal,1.0,0.6989509122085522
linearized,1,normal,1.0,0.005283250998856737
nearest-neighbor,1,normal,1.0,1.4934770182698984
persistence,1,normal,10.0,0.07573705194925218
constant-velocity,1,normal,10.0,2.8224391330251244
linearized,1,normal,10.0,0.048829520522186254
nearest-neighbor,1,normal,10.0,0.4111400566821706
persistence,1,normal,60.0,0.1809444578244288
constant-velocity,1,normal,60.0,2.1883989772590944
linearized,1,normal,60.0,0.040854695771953775
nearest-neighbor,1,normal,60.0,1.2853909189895187
persistence,1,normal,0.01,0.029568616052025654
constant-velocity,1,normal,0.01,0.00039936352900582506
linearized,1,normal,0.01,6.728228904950839e-05
nearest-neighbor,1,normal,0.01,0.21185411519943065
persistence,1,normal,1.0,1.353165580545273
constant-velocity,1,normal,1.0,1.9332217685311406
linearized,1,normal,1.0,0.5206132505587502
nearest-neighbor,1,normal,1.0,0.04727054401576103
persistence,1,normal,10.0,0.5139969218893246
constant-velocity,1,normal,10.0,0.9339500329768846
linearized,1,normal,10.0,0.4189847810206495
nearest-neighbor,1,normal,10.0,1.2070876566334956
persistence,1,normal,60.0,0.36249348617805577
constant-velocity,1,normal,60.0,2.7669899081956864
linearized,1,normal,60.0,1.0277140409468082
nearest-neighbor,1,normal,60.0,1.0698200739660946
persistence,1,normal,0.01,0.01221124778027427
constant-velocity,1,normal,0.01,0.00015006997011379752
linearized,1,normal,0.01,2.446226990748812e-06
nearest-neighbor,1,normal,0.01,1.237072891023491
persistence,1,normal,1.0,0.5893899043326609
constant-velocity,1,normal,1.0,1.8255216793714633
linearized,1,normal,1.0,0.020536906859270232
nearest-neighbor,1,normal,1.0,0.7686845464579406
persistence,1,normal,10.0,0.2771532583080738
constant-velocity,1,normal,10.0,0.07210039433692117
linearized,1,normal,10.0,0.23832975605071427
nearest-neighbor,1,normal,10.0,1.3817281228551188
persistence,1,normal,60.0,0.42592227691340145
constant-velocity,1,normal,60.0,0.8043949069135117
linearized,1,normal,60.0,0.16441473457496114
nearest-neighbor,1,normal,60.0,1.0678259569234818
persistence,1,normal,0.01,0.0017426261222013295
constant-velocity,1,normal,0.01,2.1801516991715175e-05
linearized,1,normal,0.01,0.00774773281392882
nearest-neighbor,1,normal,0.01,1.4545484414517027
persistence,1,normal,1.0,1.059918918393949
constant-velocity,1,normal,1.0,0.8878364578729627
linearized,1,normal,1.0,1.1464559719963567
nearest-neighbor,1,normal,1.0,2.7769032978059087
persistence,1,normal,10.0,0.061684733313292384
constant-velocity,1,normal,10.0,1.782509338523159
linearized,1,normal,10.0,0.014564510572050438
nearest-neighbor,1,normal,10.0,2.2072004760572916
persistence,1,normal,60.0,0.13857805447745974
constant-velocity,1,normal,60.0,2.3800010375774114
linearized,1,normal,60.0,2.658937635593201
nearest-neighbor,1,normal,60.0,1.5499555298789396
persistence,1,normal,0.01,0.024009463137127263
constant-velocity,1,normal,0.01,0.00015339216884768803
linearized,1,normal,0.01,2.6195226672243166e-06
nearest-neighbor,1,normal,0.01,0.9629106747411669
persistence,1,normal,1.0,0.4931959329324531
constant-velocity,1,normal,1.0,2.9094814635299553
linearized,1,normal,1.0,0.11953697670328589
nearest-neighbor,1,normal,1.0,0.35979486791553494
persistence,1,normal,10.0,1.098550837653586
constant-velocity,1,normal,10.0,0.12866491491026366
linearized,1,normal,10.0,1.023968685502684
nearest-neighbor,1,normal,10.0,2.3968131909459807
persistence,1,normal,60.0,0.8165545204073634
constant-velocity,1,normal,60.0,1.2804242911269945
linearized,1,normal,60.0,0.3511985851097794
nearest-neighbor,1,normal,60.0,0.9100722710251805
persistence,1,normal,0.01,0.053731568804857854
constant-velocity,1,normal,0.01,0.0003894250384974818
linearized,1,normal,0.01,6.053466695554732e-05
nearest-neighbor,1,normal,0.01,0.6067327357337042
persistence,1,normal,1.0,1.5507545728206165
constant-velocity,1,normal,1.0,2.4218404956646538
linearized,1,normal,1.0,2.950121580284425
nearest-neighbor,1,normal,1.0,1.8338525974825393
persistence,1,normal,10.0,3.1215195698921034
constant-velocity,1,normal,10.0,0.7339918160266983
linearized,1,normal,10.0,2.993689189781776
nearest-neighbor,1,normal,10.0,2.5240398750526243
persistence,1,normal,60.0,2.573991281016154
constant-velocity,1,normal,60.0,0.5743183678106512
linearized,1,normal,60.0,1.4992607090764913
nearest-neighbor,1,normal,60.0,0.937118579511079
persistence,1,normal,0.01,0.012047195466894589
constant-velocity,1,normal,0.01,9.178935840292723e-05
linearized,1,normal,0.01,5.44690418102789e-07
nearest-neighbor,1,normal,0.01,1.360696389851574
persistence,1,normal,1.0,0.3501724169140581
constant-velocity,1,normal,1.0,1.5640708994438288
linearized,1,normal,1.0,0.014564511459065788
nearest-neighbor,1,normal,1.0,0.8873778481630299
persistence,1,normal,10.0,0.19375922880224294
constant-velocity,1,normal,10.0,0.23362656025922135
linearized,1,normal,10.0,0.1561621636604409
nearest-neighbor,1,normal,10.0,1.4196173217963297
persistence,1,normal,60.0,0.4999040358026581
constant-velocity,1,normal,60.0,2.0644106985661317
linearized,1,normal,60.0,0.26161803904439473
nearest-neighbor,1,normal,60.0,1.2667003049317174
persistence,1,normal,0.01,0.007872368469596491
constant-velocity,1,normal,0.01,0.000463241542283388
linearized,1,normal,0.01,0.0001429324155219902
nearest-neighbor,1,normal,0.01,0.3756182500991083
persistence,1,normal,1.0,2.5005800163117815
constant-velocity,1,normal,1.0,1.7596673235804738
linearized,1,normal,1.0,0.021589532673192746
nearest-neighbor,1,normal,1.0,0.3044087270384117
persistence,1,normal,10.0,2.4937846730903592
constant-velocity,1,normal,10.0,1.367843052956868
linearized,1,normal,10.0,2.5106403823267716
nearest-neighbor,1,normal,10.0,1.9653613319330852
persistence,1,normal,60.0,0.006046135951280895
constant-velocity,1,normal,60.0,0.46641827767008337
linearized,1,normal,60.0,0.06211056825815353
nearest-neighbor,1,normal,60.0,0.2932968310091453
persistence,1,normal,0.01,0.005273349442287412
constant-velocity,1,normal,0.01,0.0004693399276538557
linearized,1,normal,0.01,0.00015652466622828598
nearest-neighbor,1,normal,0.01,0.3524184918434772
persistence,1,normal,1.0,2.414518505656167
constant-velocity,1,normal,1.0,2.9887874426503087
linearized,1,normal,1.0,0.13200744668588493
nearest-neighbor,1,normal,1.0,0.15917070036968406
persistence,1,normal,10.0,2.4854070169662545
constant-velocity,1,normal,10.0,1.944911079728083
linearized,1,normal,10.0,2.4622674960638022
nearest-neighbor,1,normal,10.0,2.4110472327507515
persistence,1,normal,60.0,0.9788975258923975
constant-velocity,1,normal,60.0,2.264078097536629
linearized,1,normal,60.0,0.678476723060264
nearest-neighbor,1,normal,60.0,0.9234085290255742
persistence,1,normal,0.01,0.0062165389331307885
constant-velocity,1,normal,0.01,0.00017850750824255357
linearized,1,normal,0.01,0.0011796439839835138
nearest-neighbor,1,normal,0.01,1.140273621677908
persistence,1,normal,1.0,1.404221740467328
constant-velocity,1,normal,1.0,2.0437263846046516
linearized,1,normal,1.0,2.155457859714792
nearest-neighbor,1,normal,1.0,2.6681161797447324
persistence,1,normal,10.0,1.411334769841595
constant-velocity,1,normal,10.0,1.2994736356479475
linearized,1,normal,10.0,1.4431825235832019
nearest-neighbor,1,normal,10.0,2.984886292992228
persistence,1,normal,60.0,1.2922997026567167
constant-velocity,1,normal,60.0,0.6211328974948351
linearized,1,normal,60.0,1.8400118840201092
nearest-neighbor,1,normal,60.0,2.8290912030615356
persistence,1,normal,0.01,0.0007627822592986
constant-velocity,1,normal,0.01,1.2772279456729763e-05
linearized,1,normal,0.01,1.4438907847136306e-09
nearest-neighbor,1,normal,0.01,1.6171214376459986
persistence,1,normal,1.0,0.05282097813707276
constant-velocity,1,normal,1.0,0.022180019847125365
linearized,1,normal,1.0,5.884716310244897e-06
nearest-neighbor,1,normal,1.0,1.4312711148967219
persistence,1,normal,10.0,0.002205973965341723
constant-velocity,1,normal,10.0,0.7522159538073208
linearized,1,normal,10.0,5.294112721987432e-05
nearest-neighbor,1,normal,10.0,0.9438834761354835
persistence,1,normal,60.0,0.008850989645648788
constant-velocity,1,normal,60.0,1.7742744384820615
linearized,1,normal,60.0,8.584003002720664e-05
nearest-neighbor,1,normal,60.0,1.3549125096407177
persistence,1,normal,0.01,0.0252897169774009
constant-velocity,1,normal,0.01,0.00010436437340111127
linearized,1,normal,0.01,8.057944689277008e-07
nearest-neighbor,1,normal,0.01,1.0196029773148299
persistence,1,normal,1.0,0.2782391412287408
constant-velocity,1,normal,1.0,2.8176472763089535
linearized,1,normal,1.0,0.12598231848479768
nearest-neighbor,1,normal,1.0,0.39646665308785023
persistence,1,normal,10.0,1.0407022589793993
constant-velocity,1,normal,10.0,1.3020423810631847
linearized,1,normal,10.0,0.9628603331555388
nearest-neighbor,1,normal,10.0,2.4560745960327974
persistence,1,normal,60.0,0.5277856533251954
constant-velocity,1,normal,60.0,2.0958263858278663
linearized,1,normal,60.0,0.05767131760074484
nearest-neighbor,1,normal,60.0,0.6601534409958187
persistence,1,normal,0.01,0.054330477334102234
constant-velocity,1,normal,0.01,0.0002816397196720999
linearized,1,normal,0.01,1.83835061968729e-05
nearest-neighbor,1,normal,0.01,0.40229415831899784
persistence,1,normal,1.0,1.2883036509329338
constant-velocity,1,normal,1.0,2.110277252735128
linearized,1,normal,1.0,2.458738437309869
nearest-neighbor,1,normal,1.0,1.1732948015906155
persistence,1,normal,10.0,1.52097288960204
constant-velocity,1,normal,10.0,2.825661706735179
linearized,1,normal,10.0,1.689057538619065
nearest-neighbor,1,normal,10.0,0.6584164444010181
persistence,1,normal,60.0,2.8024902251953048
constant-velocity,1,normal,60.0,2.5336287326792934
linearized,1,normal,60.0,1.76766210190483
nearest-neighbor,1,normal,60.0,1.3904959989163217
persistence,1,changed_disclosed,0.01,0.002399973866633598
constant-velocity,1,changed_disclosed,0.01,4.726728407167258e-05
linearized,1,changed_disclosed,0.01,1.07539576976734e-06
nearest-neighbor,1,changed_disclosed,0.01,0.8430422304596923
persistence,1,changed_disclosed,1.0,0.526461765986828
constant-velocity,1,changed_disclosed,1.0,0.2911911077306333
linearized,1,changed_disclosed,1.0,0.0030670204261209477
nearest-neighbor,1,changed_disclosed,1.0,0.02608228733479301
persistence,1,changed_disclosed,10.0,0.6249363237297083
constant-velocity,1,changed_disclosed,10.0,1.727770258832238
linearized,1,changed_disclosed,10.0,0.04108730114484649
nearest-neighbor,1,changed_disclosed,10.0,0.5018068185142974
persistence,1,changed_disclosed,60.0,0.6351687046765973
constant-velocity,1,changed_disclosed,60.0,0.9147001763359075
linearized,1,changed_disclosed,60.0,0.05537947213264216
nearest-neighbor,1,changed_disclosed,60.0,1.2365882990585062
persistence,1,changed_disclosed,0.01,0.004656144354545422
constant-velocity,1,changed_disclosed,0.01,9.577350122746964e-05
linearized,1,changed_disclosed,0.01,0.00021416136352181425
nearest-neighbor,1,changed_disclosed,0.01,0.24112710790338499
persistence,1,changed_disclosed,1.0,0.472716765816791
constant-velocity,1,changed_disclosed,1.0,0.9479085513940735
linearized,1,changed_disclosed,1.0,1.6964056612486473
nearest-neighbor,1,changed_disclosed,1.0,0.510406723643372
persistence,1,changed_disclosed,10.0,3.0722223293040463
constant-velocity,1,changed_disclosed,10.0,1.5409548778972857
linearized,1,changed_disclosed,10.0,1.259625359973933
nearest-neighbor,1,changed_disclosed,10.0,2.2484207610576536
persistence,1,changed_disclosed,60.0,0.964771129257735
constant-velocity,1,changed_disclosed,60.0,1.939648272003243
linearized,1,changed_disclosed,60.0,2.9575317606337945
nearest-neighbor,1,changed_disclosed,60.0,1.870098316634894
persistence,1,changed_disclosed,0.01,0.021026705174631566
constant-velocity,1,changed_disclosed,0.01,0.0001337636709304313
linearized,1,changed_disclosed,0.01,7.11439856804219e-05
nearest-neighbor,1,changed_disclosed,0.01,0.17105351991605477
persistence,1,changed_disclosed,1.0,0.9638617549500657
constant-velocity,1,changed_disclosed,1.0,1.1521851296061416
linearized,1,changed_disclosed,1.0,1.2844137558620057
nearest-neighbor,1,changed_disclosed,1.0,0.40101367816038636
persistence,1,changed_disclosed,10.0,2.4800074301177037
constant-velocity,1,changed_disclosed,10.0,0.16909450609439247
linearized,1,changed_disclosed,10.0,0.40450347258726094
nearest-neighbor,1,changed_disclosed,10.0,2.403878299141542
persistence,1,changed_disclosed,60.0,2.3377045492424333
constant-velocity,1,changed_disclosed,60.0,2.6463738281564666
linearized,1,changed_disclosed,60.0,0.44181724113472765
nearest-neighbor,1,changed_disclosed,60.0,0.48265072310509893
persistence,1,changed_disclosed,0.01,0.005430844916774369
constant-velocity,1,changed_disclosed,0.01,7.176564444222322e-05
linearized,1,changed_disclosed,0.01,4.007911555525823e-06
nearest-neighbor,1,changed_disclosed,0.01,0.5631754053310853
persistence,1,changed_disclosed,1.0,0.22027850276280203
constant-velocity,1,changed_disclosed,1.0,0.7705395588844719
linearized,1,changed_disclosed,1.0,0.041778497169327355
nearest-neighbor,1,changed_disclosed,1.0,0.3247256530233229
persistence,1,changed_disclosed,10.0,1.1411499896518986
constant-velocity,1,changed_disclosed,10.0,0.36057524368901106
linearized,1,changed_disclosed,10.0,0.046735336608695555
nearest-neighbor,1,changed_disclosed,10.0,0.5935241201451795
persistence,1,changed_disclosed,60.0,0.3147167780827109
constant-velocity,1,changed_disclosed,60.0,1.9144536094849762
linearized,1,changed_disclosed,60.0,0.6891128166972713
nearest-neighbor,1,changed_disclosed,60.0,0.9809413456275653
persistence,1,changed_disclosed,0.01,0.007691580579234802
constant-velocity,1,changed_disclosed,0.01,0.00011088134052439358
linearized,1,changed_disclosed,0.01,2.0086730540214148e-05
nearest-neighbor,1,changed_disclosed,0.01,0.11638235875219571
persistence,1,changed_disclosed,1.0,0.36552074884330876
constant-velocity,1,changed_disclosed,1.0,1.145766940819251
linearized,1,changed_disclosed,1.0,0.19299297386024516
nearest-neighbor,1,changed_disclosed,1.0,0.11806796627872362
persistence,1,changed_disclosed,10.0,1.4477502666445297
constant-velocity,1,changed_disclosed,10.0,2.9670268792243686
linearized,1,changed_disclosed,10.0,0.5547083950384097
nearest-neighbor,1,changed_disclosed,10.0,0.5622008288094298
persistence,1,changed_disclosed,60.0,1.4755560948440527
constant-velocity,1,changed_disclosed,60.0,1.97515484403608
linearized,1,changed_disclosed,60.0,0.24180816555805285
nearest-neighbor,1,changed_disclosed,60.0,1.7177374957587723
persistence,1,changed_disclosed,0.01,0.021835274661562654
constant-velocity,1,changed_disclosed,0.01,7.546999247765029e-07
linearized,1,changed_disclosed,0.01,1.2072787214378877e-10
nearest-neighbor,1,changed_disclosed,0.01,0.004127036244626847
persistence,1,changed_disclosed,1.0,1.4631663380018702
constant-velocity,1,changed_disclosed,1.0,0.7202856581618899
linearized,1,changed_disclosed,1.0,0.10784437907554434
nearest-neighbor,1,changed_disclosed,1.0,0.0038430108395122176
persistence,1,changed_disclosed,10.0,1.3861195875287757
constant-velocity,1,changed_disclosed,10.0,1.59884445257007
linearized,1,changed_disclosed,10.0,2.0239075669112108
nearest-neighbor,1,changed_disclosed,10.0,0.0061939815207487925
persistence,1,changed_disclosed,60.0,0.7536030009612027
constant-velocity,1,changed_disclosed,60.0,1.6933746819069277
linearized,1,changed_disclosed,60.0,0.9699994159849474
nearest-neighbor,1,changed_disclosed,60.0,0.04457547136145523
persistence,1,changed_disclosed,0.01,0.02035582107466727
constant-velocity,1,changed_disclosed,0.01,0.0001288103237291338
linearized,1,changed_disclosed,0.01,4.4142195098295645e-05
nearest-neighbor,1,changed_disclosed,0.01,0.00545741376194897
persistence,1,changed_disclosed,1.0,0.7784956092984983
constant-velocity,1,changed_disclosed,1.0,1.269967530541165
linearized,1,changed_disclosed,1.0,0.8868934180598016
nearest-neighbor,1,changed_disclosed,1.0,0.023891442720704426
persistence,1,changed_disclosed,10.0,0.9686849701583116
constant-velocity,1,changed_disclosed,10.0,2.6037604470161853
linearized,1,changed_disclosed,10.0,1.977846913015767
nearest-neighbor,1,changed_disclosed,10.0,0.16210216680067724
persistence,1,changed_disclosed,60.0,2.304406934330717
constant-velocity,1,changed_disclosed,60.0,0.45151081888120004
linearized,1,changed_disclosed,60.0,0.06879189461827728
nearest-neighbor,1,changed_disclosed,60.0,0.29809554515173753
persistence,1,changed_disclosed,0.01,0.023530304375020794
constant-velocity,1,changed_disclosed,0.01,0.00010326028965756961
linearized,1,changed_disclosed,0.01,1.427199537218371e-05
nearest-neighbor,1,changed_disclosed,0.01,0.014910208407813208
persistence,1,changed_disclosed,1.0,1.108553065949108
constant-velocity,1,changed_disclosed,1.0,1.2548034005187585
linearized,1,changed_disclosed,1.0,0.5819779692609828
nearest-neighbor,1,changed_disclosed,1.0,0.01288383572992391
persistence,1,changed_disclosed,10.0,0.06147653008737475
constant-velocity,1,changed_disclosed,10.0,1.4377000339523036
linearized,1,changed_disclosed,10.0,2.2291363429580193
nearest-neighbor,1,changed_disclosed,10.0,0.070844034231345
persistence,1,changed_disclosed,60.0,0.0037441632538404157
constant-velocity,1,changed_disclosed,60.0,2.708129913804658
linearized,1,changed_disclosed,60.0,1.7094547291043325
nearest-neighbor,1,changed_disclosed,60.0,0.17894078057043927
persistence,1,changed_disclosed,0.01,0.0283380425058124
constant-velocity,1,changed_disclosed,0.01,2.1264212429539242e-05
linearized,1,changed_disclosed,0.01,1.1870915095357759e-07
nearest-neighbor,1,changed_disclosed,0.01,0.0007612112968620188
persistence,1,changed_disclosed,1.0,2.109730270480138
constant-velocity,1,changed_disclosed,1.0,0.7219475588581261
linearized,1,changed_disclosed,1.0,0.18990596920865288
nearest-neighbor,1,changed_disclosed,1.0,0.011175701186306952
persistence,1,changed_disclosed,10.0,0.9137799459332294
constant-velocity,1,changed_disclosed,10.0,2.185368296582059
linearized,1,changed_disclosed,10.0,0.36254003671094504
nearest-neighbor,1,changed_disclosed,10.0,0.12317683185653072
persistence,1,changed_disclosed,60.0,1.1522340889878118
constant-velocity,1,changed_disclosed,60.0,1.4069005554348841
linearized,1,changed_disclosed,60.0,1.1265758943824435
nearest-neighbor,1,changed_disclosed,60.0,0.028665524534256193
persistence,1,changed_disclosed,0.01,0.0031244265653711523
constant-velocity,1,changed_disclosed,0.01,7.534176928780667e-05
linearized,1,changed_disclosed,0.01,4.8398706735675034e-06
nearest-neighbor,1,changed_disclosed,0.01,0.6111344616947356
persistence,1,changed_disclosed,1.0,0.8101849668191328
constant-velocity,1,changed_disclosed,1.0,0.5052764872107982
linearized,1,changed_disclosed,1.0,0.015374681165239323
nearest-neighbor,1,changed_disclosed,1.0,0.03007738683206318
persistence,1,changed_disclosed,10.0,1.1347621285512193
constant-velocity,1,changed_disclosed,10.0,1.914322667532124
linearized,1,changed_disclosed,10.0,0.14106545156839623
nearest-neighbor,1,changed_disclosed,10.0,0.2960802168993717
persistence,1,changed_disclosed,60.0,0.7931408972053782
constant-velocity,1,changed_disclosed,60.0,1.3481880422440753
linearized,1,changed_disclosed,60.0,0.17732696747472598
nearest-neighbor,1,changed_disclosed,60.0,0.5201508340076861
persistence,1,changed_disclosed,0.01,0.02940164448304916
constant-velocity,1,changed_disclosed,0.01,2.053599250917415e-05
linearized,1,changed_disclosed,0.01,1.087855383552494e-07
nearest-neighbor,1,changed_disclosed,0.01,0.016709489513089704
persistence,1,changed_disclosed,1.0,2.1943405597728365
constant-velocity,1,changed_disclosed,1.0,0.7437702892811622
linearized,1,changed_disclosed,1.0,0.21460843259495554
nearest-neighbor,1,changed_disclosed,1.0,0.060292350648458726
persistence,1,changed_disclosed,10.0,1.709152839020985
constant-velocity,1,changed_disclosed,10.0,0.3256652063369643
linearized,1,changed_disclosed,10.0,1.1163453512432309
nearest-neighbor,1,changed_disclosed,10.0,0.5799146610479529
persistence,1,changed_disclosed,60.0,0.9644444882082723
constant-velocity,1,changed_disclosed,60.0,0.6069821459967848
linearized,1,changed_disclosed,60.0,1.0103351318567872
nearest-neighbor,1,changed_disclosed,60.0,1.9588572157742146
persistence,1,changed_disclosed,0.01,0.007554007719342337
constant-velocity,1,changed_disclosed,0.01,9.736684235983617e-05
linearized,1,changed_disclosed,0.01,0.00021070510884380056
nearest-neighbor,1,changed_disclosed,0.01,0.33410400774137905
persistence,1,changed_disclosed,1.0,0.10358224038184671
constant-velocity,1,changed_disclosed,1.0,0.8687196965520769
linearized,1,changed_disclosed,1.0,1.871557366969277
nearest-neighbor,1,changed_disclosed,1.0,0.7338142400827712
persistence,1,changed_disclosed,10.0,2.1393218393584794
constant-velocity,1,changed_disclosed,10.0,0.7711325848357617
linearized,1,changed_disclosed,10.0,0.24884328720357196
nearest-neighbor,1,changed_disclosed,10.0,2.918135180836824
persistence,1,changed_disclosed,60.0,1.663184529060711
constant-velocity,1,changed_disclosed,60.0,2.694050558162157
linearized,1,changed_disclosed,60.0,2.265826517569824
nearest-neighbor,1,changed_disclosed,60.0,0.382188148485783
persistence,1,changed_disclosed,0.01,0.010130197782569184
constant-velocity,1,changed_disclosed,0.01,0.0001029652290753802
linearized,1,changed_disclosed,0.01,1.4587569737933848e-05
nearest-neighbor,1,changed_disclosed,0.01,0.1274190699653004
persistence,1,changed_disclosed,1.0,0.1133448891828821
constant-velocity,1,changed_disclosed,1.0,1.1366611903473172
linearized,1,changed_disclosed,1.0,0.18835760204076024
nearest-neighbor,1,changed_disclosed,1.0,0.11317539925234499
persistence,1,changed_disclosed,10.0,1.1752767920639575
constant-velocity,1,changed_disclosed,10.0,1.1579308106508641
linearized,1,changed_disclosed,10.0,0.717922786546346
nearest-neighbor,1,changed_disclosed,10.0,0.5389649820294955
persistence,1,changed_disclosed,60.0,1.4622141749208084
constant-velocity,1,changed_disclosed,60.0,0.029339172991054596
linearized,1,changed_disclosed,60.0,0.11264395604154087
nearest-neighbor,1,changed_disclosed,60.0,1.8232614247100396
persistence,1,changed_disclosed,0.01,0.018212297313482395
constant-velocity,1,changed_disclosed,0.01,0.0001262620711086626
linearized,1,changed_disclosed,0.01,0.0007149648999398295
nearest-neighbor,1,changed_disclosed,0.01,0.2209527228939443
persistence,1,changed_disclosed,1.0,2.7479899359768165
constant-velocity,1,changed_disclosed,1.0,0.9393864117394566
linearized,1,changed_disclosed,1.0,0.02503292540692925
nearest-neighbor,1,changed_disclosed,1.0,0.007141000720682911
persistence,1,changed_disclosed,10.0,2.3980202125045462
constant-velocity,1,changed_disclosed,10.0,3.121644415509877
linearized,1,changed_disclosed,10.0,1.671383731154787
nearest-neighbor,1,changed_disclosed,10.0,2.5194527436450294
persistence,1,changed_disclosed,60.0,2.6051303012194715
constant-velocity,1,changed_disclosed,60.0,0.9030690690308596
linearized,1,changed_disclosed,60.0,2.41735351372777
nearest-neighbor,1,changed_disclosed,60.0,0.9410947667462786
persistence,1,changed_disclosed,0.01,0.028142813886920415
constant-velocity,1,changed_disclosed,0.01,6.984231845397204e-05
linearized,1,changed_disclosed,0.01,4.050660387555638e-06
nearest-neighbor,1,changed_disclosed,0.01,0.0360271641188743
persistence,1,changed_disclosed,1.0,2.432038733608983
constant-velocity,1,changed_disclosed,1.0,0.3752584232376166
linearized,1,changed_disclosed,1.0,0.11002981991905436
nearest-neighbor,1,changed_disclosed,1.0,0.07680513374078934
persistence,1,changed_disclosed,10.0,1.4193007502401507
constant-velocity,1,changed_disclosed,10.0,1.9236542171917854
linearized,1,changed_disclosed,10.0,1.5853176450481552
nearest-neighbor,1,changed_disclosed,10.0,0.7561656038057327
persistence,1,changed_disclosed,60.0,1.590396984743968
constant-velocity,1,changed_disclosed,60.0,2.798570867796844
linearized,1,changed_disclosed,60.0,0.957332480372052
nearest-neighbor,1,changed_disclosed,60.0,2.3413236547596794
persistence,1,changed_disclosed,0.01,0.028622506889095956
constant-velocity,1,changed_disclosed,0.01,4.510279039182663e-05
linearized,1,changed_disclosed,0.01,1.042021670283333e-06
nearest-neighbor,1,changed_disclosed,0.01,0.009954046498350078
persistence,1,changed_disclosed,1.0,2.2867310355191206
constant-velocity,1,changed_disclosed,1.0,0.5710093743512892
linearized,1,changed_disclosed,1.0,0.15403964648202262
nearest-neighbor,1,changed_disclosed,1.0,0.03151072223248086
persistence,1,changed_disclosed,10.0,1.3787697399273389
constant-velocity,1,changed_disclosed,10.0,1.4597526972664951
linearized,1,changed_disclosed,10.0,1.1546160641758614
nearest-neighbor,1,changed_disclosed,10.0,0.3161809184683735
persistence,1,changed_disclosed,60.0,0.2882492474105649
constant-velocity,1,changed_disclosed,60.0,1.5301720509652093
linearized,1,changed_disclosed,60.0,0.007161759872019502
nearest-neighbor,1,changed_disclosed,60.0,1.0184462576905835
persistence,1,changed_disclosed,0.01,0.003342632911608412
constant-velocity,1,changed_disclosed,0.01,7.192085036811235e-05
linearized,1,changed_disclosed,0.01,4.1434227648906585e-06
nearest-neighbor,1,changed_disclosed,0.01,0.6377851074249894
persistence,1,changed_disclosed,1.0,0.7939867217372423
constant-velocity,1,changed_disclosed,1.0,0.4669155156132061
linearized,1,changed_disclosed,1.0,0.01255189224033959
nearest-neighbor,1,changed_disclosed,1.0,0.026059625317791824
persistence,1,changed_disclosed,10.0,1.0643828186018798
constant-velocity,1,changed_disclosed,10.0,2.206329242638482
linearized,1,changed_disclosed,10.0,0.13293697312918296
nearest-neighbor,1,changed_disclosed,10.0,0.34912561081573346
persistence,1,changed_disclosed,60.0,0.8151922814099803
constant-velocity,1,changed_disclosed,60.0,0.04047583550657308
linearized,1,changed_disclosed,60.0,0.10152995522835484
nearest-neighbor,1,changed_disclosed,60.0,0.5364887861189436
persistence,1,changed_disclosed,0.01,0.02296769893758377
constant-velocity,1,changed_disclosed,0.01,0.00011334074790969595
linearized,1,changed_disclosed,0.01,2.1331868765628315e-05
nearest-neighbor,1,changed_disclosed,0.01,0.013910176925974405
persistence,1,changed_disclosed,1.0,1.0375670365604206
constant-velocity,1,changed_disclosed,1.0,1.2705369319889614
linearized,1,changed_disclosed,1.0,0.6813359020337275
nearest-neighbor,1,changed_disclosed,1.0,0.004856532398946456
persistence,1,changed_disclosed,10.0,0.5090897730660835
constant-velocity,1,changed_disclosed,10.0,1.542611770158441
linearized,1,changed_disclosed,10.0,1.9968906409633362
nearest-neighbor,1,changed_disclosed,10.0,0.02741991678184519
persistence,1,changed_disclosed,60.0,1.1590026977889576
constant-velocity,1,changed_disclosed,60.0,1.4151640528009999
linearized,1,changed_disclosed,60.0,0.762678698306571
nearest-neighbor,1,changed_disclosed,60.0,0.09795276168654077
persistence,1,changed_disclosed,0.01,0.0021344042872271096
constant-velocity,1,changed_disclosed,0.01,8.264392448298352e-05
linearized,1,changed_disclosed,0.01,0.00024467634772440405
nearest-neighbor,1,changed_disclosed,0.01,0.29078298924482393
persistence,1,changed_disclosed,1.0,0.6608566561044746
constant-velocity,1,changed_disclosed,1.0,0.8825614772754662
linearized,1,changed_disclosed,1.0,1.8030615623567328
nearest-neighbor,1,changed_disclosed,1.0,0.5799093494806549
persistence,1,changed_disclosed,10.0,2.533885630489765
constant-velocity,1,changed_disclosed,10.0,0.31683741877984417
linearized,1,changed_disclosed,10.0,0.7423983050763145
nearest-neighbor,1,changed_disclosed,10.0,2.716028430718458
persistence,1,changed_disclosed,60.0,1.3281616484560335
constant-velocity,1,changed_disclosed,60.0,2.0640803043563913
linearized,1,changed_disclosed,60.0,2.7851834659587436
nearest-neighbor,1,changed_disclosed,60.0,2.309105677954919
persistence,1,changed_disclosed,0.01,0.01724660822302493
constant-velocity,1,changed_disclosed,0.01,0.00013147171309935146
linearized,1,changed_disclosed,0.01,5.3968417000227475e-05
nearest-neighbor,1,changed_disclosed,0.01,0.00370445032120692
persistence,1,changed_disclosed,1.0,0.4486501952342916
constant-velocity,1,changed_disclosed,1.0,1.2891577983781823
linearized,1,changed_disclosed,1.0,0.848253955992087
nearest-neighbor,1,changed_disclosed,1.0,0.01622618931030484
persistence,1,changed_disclosed,10.0,0.0061576067977036075
constant-velocity,1,changed_disclosed,10.0,1.4653183786163098
linearized,1,changed_disclosed,10.0,3.0170323147583247
nearest-neighbor,1,changed_disclosed,10.0,0.04236754192515413
persistence,1,changed_disclosed,60.0,0.15115019346762182
constant-velocity,1,changed_disclosed,60.0,2.3945204118368757
linearized,1,changed_disclosed,60.0,2.3459719310973473
nearest-neighbor,1,changed_disclosed,60.0,0.018147529935507833
persistence,1,changed_hidden,0.01,0.001863819800209221
constant-velocity,1,changed_hidden,0.01,6.987244602907339e-06
linearized,1,changed_hidden,0.01,1.097233859326252e-09
nearest-neighbor,1,changed_hidden,0.01,0.007707217874975747
persistence,1,changed_hidden,1.0,0.08124019087227552
constant-velocity,1,changed_hidden,1.0,0.10584051360892222
linearized,1,changed_hidden,1.0,0.00011529360912865272
nearest-neighbor,1,changed_hidden,1.0,0.008648724412841702
persistence,1,changed_hidden,10.0,0.010957855738111366
constant-velocity,1,changed_hidden,10.0,1.8817649005500883
linearized,1,changed_hidden,10.0,5.923439295196786e-05
nearest-neighbor,1,changed_hidden,10.0,0.0018931511593449635
persistence,1,changed_hidden,60.0,0.03960326986382379
constant-velocity,1,changed_hidden,60.0,1.3019250756234868
linearized,1,changed_hidden,60.0,6.83666665501903e-08
nearest-neighbor,1,changed_hidden,60.0,9.487782749229012e-06
persistence,1,changed_hidden,0.01,0.0006787441750648604
constant-velocity,1,changed_hidden,0.01,1.118596982241371e-05
linearized,1,changed_hidden,0.01,2.998406012366672e-08
nearest-neighbor,1,changed_hidden,0.01,0.031118092154707178
persistence,1,changed_hidden,1.0,0.133690748297143
constant-velocity,1,changed_hidden,1.0,0.06693492777288856
linearized,1,changed_hidden,1.0,9.602696820731893e-05
nearest-neighbor,1,changed_hidden,1.0,0.0020985647664231166
persistence,1,changed_hidden,10.0,0.12857314649847762
constant-velocity,1,changed_hidden,10.0,0.5389850587440681
linearized,1,changed_hidden,10.0,0.00010386355025726601
nearest-neighbor,1,changed_hidden,10.0,0.0004814939363617654
persistence,1,changed_hidden,60.0,0.12142672594856796
constant-velocity,1,changed_hidden,60.0,2.399262801672881
linearized,1,changed_hidden,60.0,1.0230417402112835e-08
nearest-neighbor,1,changed_hidden,60.0,1.6713128921264087e-05
persistence,1,changed_hidden,0.01,0.0008981035916884039
constant-velocity,1,changed_hidden,0.01,6.609187639394776e-06
linearized,1,changed_hidden,0.01,8.367090131855548e-09
nearest-neighbor,1,changed_hidden,0.01,0.010468451027142223
persistence,1,changed_hidden,1.0,0.11471143601592892
constant-velocity,1,changed_hidden,1.0,0.02556199561104222
linearized,1,changed_hidden,1.0,1.8337825705927457e-05
nearest-neighbor,1,changed_hidden,1.0,0.0012721313471621976
persistence,1,changed_hidden,10.0,0.09093450911067347
constant-velocity,1,changed_hidden,10.0,0.8005598949381949
linearized,1,changed_hidden,10.0,3.6257111740045644e-05
nearest-neighbor,1,changed_hidden,10.0,0.0006667957438248884
persistence,1,changed_hidden,60.0,0.07948919449365999
constant-velocity,1,changed_hidden,60.0,1.0137080773800342
linearized,1,changed_hidden,60.0,1.0710383691048264e-08
nearest-neighbor,1,changed_hidden,60.0,1.0798072737738806e-05
persistence,1,changed_hidden,0.01,0.0065159439519457685
constant-velocity,1,changed_hidden,0.01,2.5801193835661707e-05
linearized,1,changed_hidden,0.01,6.242215366825121e-08
nearest-neighbor,1,changed_hidden,0.01,0.0184960451681202
persistence,1,changed_hidden,1.0,0.2781450404074963
constant-velocity,1,changed_hidden,1.0,0.3760294741706449
linearized,1,changed_hidden,1.0,0.005384972226506246
nearest-neighbor,1,changed_hidden,1.0,0.017631879612146406
persistence,1,changed_hidden,10.0,0.049714863736419534
constant-velocity,1,changed_hidden,10.0,0.30827470233824616
linearized,1,changed_hidden,10.0,0.002613282701198205
nearest-neighbor,1,changed_hidden,10.0,0.004027331827590519
persistence,1,changed_hidden,60.0,0.1525911196296157
constant-velocity,1,changed_hidden,60.0,1.703950151240587
linearized,1,changed_hidden,60.0,3.0969052620122284e-06
nearest-neighbor,1,changed_hidden,60.0,1.1963693680172582e-06
persistence,1,changed_hidden,0.01,0.0014702126261805226
constant-velocity,1,changed_hidden,0.01,4.393416730863464e-05
linearized,1,changed_hidden,0.01,1.2694521083211896e-06
nearest-neighbor,1,changed_hidden,0.01,0.11008703534684594
persistence,1,changed_hidden,1.0,0.22830128437385255
constant-velocity,1,changed_hidden,1.0,0.37971596372274075
linearized,1,changed_hidden,1.0,0.008465270858076579
nearest-neighbor,1,changed_hidden,1.0,0.04273102874155965
persistence,1,changed_hidden,10.0,0.3860297952533327
constant-velocity,1,changed_hidden,10.0,1.9001765887422168
linearized,1,changed_hidden,10.0,0.005417025541077258
nearest-neighbor,1,changed_hidden,10.0,0.008729453786284758
persistence,1,changed_hidden,60.0,0.42309237106589537
constant-velocity,1,changed_hidden,60.0,3.0583974823599718
linearized,1,changed_hidden,60.0,9.370077949100164e-07
nearest-neighbor,1,changed_hidden,60.0,8.885674149805567e-06
persistence,1,changed_hidden,0.01,0.0021757672659532545
constant-velocity,1,changed_hidden,0.01,1.970287167196716e-06
linearized,1,changed_hidden,0.01,2.517248631761504e-09
nearest-neighbor,1,changed_hidden,0.01,0.006693280864311202
persistence,1,changed_hidden,1.0,0.17146657110332653
constant-velocity,1,changed_hidden,1.0,0.04591312677527748
linearized,1,changed_hidden,1.0,2.0807323952265477e-05
nearest-neighbor,1,changed_hidden,1.0,0.03345858509298694
persistence,1,changed_hidden,10.0,0.08476726826102654
constant-velocity,1,changed_hidden,10.0,2.089029710525015
linearized,1,changed_hidden,10.0,5.7047359204087655e-05
nearest-neighbor,1,changed_hidden,10.0,0.008500117926128148
persistence,1,changed_hidden,60.0,0.05378027244701489
constant-velocity,1,changed_hidden,60.0,0.42263098591005743
linearized,1,changed_hidden,60.0,8.352894376173481e-08
nearest-neighbor,1,changed_hidden,60.0,2.1998032511127974e-06
persistence,1,changed_hidden,0.01,0.001888914009402054
constant-velocity,1,changed_hidden,0.01,3.32315831306218e-05
linearized,1,changed_hidden,0.01,8.160095776865717e-07
nearest-neighbor,1,changed_hidden,0.01,0.06312181161202979
persistence,1,changed_hidden,1.0,0.3911335774145104
constant-velocity,1,changed_hidden,1.0,0.20556533478737382
linearized,1,changed_hidden,1.0,0.002710513160463446
nearest-neighbor,1,changed_hidden,1.0,0.0038385120649730986
persistence,1,changed_hidden,10.0,0.3826335927266902
constant-velocity,1,changed_hidden,10.0,1.473048833544678
linearized,1,changed_hidden,10.0,0.0028184199105711905
nearest-neighbor,1,changed_hidden,10.0,0.0003244145743210858
persistence,1,changed_hidden,60.0,0.36591527441530314
constant-velocity,1,changed_hidden,60.0,1.798191331146267
linearized,1,changed_hidden,60.0,2.1802067973197836e-07
nearest-neighbor,1,changed_hidden,60.0,5.4100650737076705e-06
persistence,1,changed_hidden,0.01,0.002663883926346422
constant-velocity,1,changed_hidden,0.01,3.1246165482556876e-05
linearized,1,changed_hidden,0.01,7.627208855609524e-07
nearest-neighbor,1,changed_hidden,0.01,0.05374646823436757
persistence,1,changed_hidden,1.0,0.431985573525298
constant-velocity,1,changed_hidden,1.0,0.16872179743888882
linearized,1,changed_hidden,1.0,0.002154040331768581
nearest-neighbor,1,changed_hidden,1.0,0.0013784418770028672
persistence,1,changed_hidden,10.0,0.38643640257790235
constant-velocity,1,changed_hidden,10.0,2.24620135828619
linearized,1,changed_hidden,10.0,0.0027933322833040286
nearest-neighbor,1,changed_hidden,10.0,0.0010916246131169594
persistence,1,changed_hidden,60.0,0.3580070246259406
constant-velocity,1,changed_hidden,60.0,2.871448926199445
linearized,1,changed_hidden,60.0,4.23606286048539e-07
nearest-neighbor,1,changed_hidden,60.0,4.68693639987805e-06
persistence,1,changed_hidden,0.01,0.007373232302567256
constant-velocity,1,changed_hidden,0.01,1.774067708026905e-05
linearized,1,changed_hidden,0.01,4.2262918542590455e-07
nearest-neighbor,1,changed_hidden,0.01,0.09185836487690135
persistence,1,changed_hidden,1.0,0.6678944297956342
constant-velocity,1,changed_hidden,1.0,0.06765473275304545
linearized,1,changed_hidden,1.0,7.733466911030717e-05
nearest-neighbor,1,changed_hidden,1.0,0.10089051365423218
persistence,1,changed_hidden,10.0,0.39340899867978285
constant-velocity,1,changed_hidden,10.0,0.6788973196274295
linearized,1,changed_hidden,10.0,0.004730271173115419
nearest-neighbor,1,changed_hidden,10.0,0.025137995041318195
persistence,1,changed_hidden,60.0,0.2955705999721334
constant-velocity,1,changed_hidden,60.0,0.14491799730844335
linearized,1,changed_hidden,60.0,3.5189424414383552e-06
nearest-neighbor,1,changed_hidden,60.0,9.689722006545054e-06
persistence,1,changed_hidden,0.01,0.003301998138301787
constant-velocity,1,changed_hidden,0.01,3.3239850032895646e-05
linearized,1,changed_hidden,0.01,9.833182259555429e-07
nearest-neighbor,1,changed_hidden,0.01,0.12490568588776485
persistence,1,changed_hidden,1.0,0.49423439254688795
constant-velocity,1,changed_hidden,1.0,0.16735856371999347
linearized,1,changed_hidden,1.0,0.0025937605126111762
nearest-neighbor,1,changed_hidden,1.0,0.011809200137909759
persistence,1,changed_hidden,10.0,0.4261278936682924
constant-velocity,1,changed_hidden,10.0,2.8426303946006546
linearized,1,changed_hidden,10.0,0.0037579979746409364
nearest-neighbor,1,changed_hidden,10.0,0.0052064524440673665
persistence,1,changed_hidden,60.0,0.38993122821070836
constant-velocity,1,changed_hidden,60.0,0.3730625798642144
linearized,1,changed_hidden,60.0,6.921872679477303e-07
nearest-neighbor,1,changed_hidden,60.0,1.0916880267775042e-05
persistence,1,changed_hidden,0.01,0.0010585199577639592
constant-velocity,1,changed_hidden,0.01,8.210225419524875e-06
linearized,1,changed_hidden,0.01,1.5634482597448596e-08
nearest-neighbor,1,changed_hidden,0.01,0.00974187968906648
persistence,1,changed_hidden,1.0,0.13841683412143757
constant-velocity,1,changed_hidden,1.0,0.03338586088701634
linearized,1,changed_hidden,1.0,3.531643804111084e-05
nearest-neighbor,1,changed_hidden,1.0,0.0017967496008397532
persistence,1,changed_hidden,10.0,0.11126439076489092
constant-velocity,1,changed_hidden,10.0,0.9390453415793205
linearized,1,changed_hidden,10.0,6.600524455668833e-05
nearest-neighbor,1,changed_hidden,10.0,0.0007701509663893269
persistence,1,changed_hidden,60.0,0.09789584975119014
constant-velocity,1,changed_hidden,60.0,0.07922276286550911
linearized,1,changed_hidden,60.0,1.8324690209681194e-08
nearest-neighbor,1,changed_hidden,60.0,8.882878600680044e-06
persistence,1,changed_hidden,0.01,0.0014261859794237886
constant-velocity,1,changed_hidden,0.01,6.476153166179444e-06
linearized,1,changed_hidden,0.01,1.2429839379990426e-09
nearest-neighbor,1,changed_hidden,0.01,0.013937917308004533
persistence,1,changed_hidden,1.0,0.05358720454635346
constant-velocity,1,changed_hidden,1.0,0.08967900871263534
linearized,1,changed_hidden,1.0,7.045175243458601e-05
nearest-neighbor,1,changed_hidden,1.0,0.010680878720538356
persistence,1,changed_hidden,10.0,0.019287262169265684
constant-velocity,1,changed_hidden,10.0,1.4519493947591515
linearized,1,changed_hidden,10.0,3.842473823034709e-05
nearest-neighbor,1,changed_hidden,10.0,0.0021878831144515054
persistence,1,changed_hidden,60.0,0.04145921360874061
constant-velocity,1,changed_hidden,60.0,2.3542467019684707
linearized,1,changed_hidden,60.0,3.415338678536273e-08
nearest-neighbor,1,changed_hidden,60.0,1.1761096836870877e-05
persistence,1,changed_hidden,0.01,0.0017359391990607875
constant-velocity,1,changed_hidden,0.01,1.0353989114531004e-05
linearized,1,changed_hidden,0.01,3.645978763344715e-08
nearest-neighbor,1,changed_hidden,0.01,0.018916150509134422
persistence,1,changed_hidden,1.0,0.2035066830000427
constant-velocity,1,changed_hidden,1.0,0.030948162005409063
linearized,1,changed_hidden,1.0,7.038297355022038e-05
nearest-neighbor,1,changed_hidden,1.0,0.004958801290313453
persistence,1,changed_hidden,10.0,0.15251117667862868
constant-velocity,1,changed_hidden,10.0,1.5730740332677065
linearized,1,changed_hidden,10.0,0.0001788754287179728
nearest-neighbor,1,changed_hidden,10.0,0.0018342156499029372
persistence,1,changed_hidden,60.0,0.12994581776714087
constant-velocity,1,changed_hidden,60.0,2.342805172448301
linearized,1,changed_hidden,60.0,6.597762913784777e-08
nearest-neighbor,1,changed_hidden,60.0,1.1889493375161209e-05
persistence,1,changed_hidden,0.01,0.0008408927380547659
constant-velocity,1,changed_hidden,0.01,4.139183868545615e-06
linearized,1,changed_hidden,0.01,3.656048797040512e-10
nearest-neighbor,1,changed_hidden,0.01,0.01974742051252809
persistence,1,changed_hidden,1.0,0.02914344883108555
constant-velocity,1,changed_hidden,1.0,0.0553597433612274
linearized,1,changed_hidden,1.0,1.6650167454557163e-05
nearest-neighbor,1,changed_hidden,1.0,0.014226838778076623
persistence,1,changed_hidden,10.0,0.014474928602312698
constant-velocity,1,changed_hidden,10.0,0.8595068505254426
linearized,1,changed_hidden,10.0,9.246512280736141e-06
nearest-neighbor,1,changed_hidden,10.0,0.002863212574731211
persistence,1,changed_hidden,60.0,0.0276079170289667
constant-velocity,1,changed_hidden,60.0,1.1853858586118378
linearized,1,changed_hidden,60.0,7.397283674492883e-09
nearest-neighbor,1,changed_hidden,60.0,8.868133012818191e-06
persistence,1,changed_hidden,0.01,0.001275592133687109
constant-velocity,1,changed_hidden,0.01,3.871361913265758e-06
linearized,1,changed_hidden,0.01,1.0736700417623979e-10
nearest-neighbor,1,changed_hidden,0.01,0.0008941788313574506
persistence,1,changed_hidden,1.0,0.062452657889315866
constant-velocity,1,changed_hidden,1.0,0.06549369167072472
linearized,1,changed_hidden,1.0,2.75006357091101e-05
nearest-neighbor,1,changed_hidden,1.0,0.0004900136696575075
persistence,1,changed_hidden,10.0,0.001260136936087175
constant-velocity,1,changed_hidden,10.0,1.2782033586643191
linearized,1,changed_hidden,10.0,1.2767561971660513e-05
nearest-neighbor,1,changed_hidden,10.0,9.125452132341394e-05
persistence,1,changed_hidden,60.0,0.018107656384271476
constant-velocity,1,changed_hidden,60.0,1.4117033228071172
linearized,1,changed_hidden,60.0,2.0051013738253687e-08
nearest-neighbor,1,changed_hidden,60.0,8.15671501985804e-06
persistence,1,changed_hidden,0.01,0.004038712310508341
constant-velocity,1,changed_hidden,0.01,1.4372673220908183e-05
linearized,1,changed_hidden,0.01,1.4631367628581415e-07
nearest-neighbor,1,changed_hidden,0.01,0.06525413800410584
persistence,1,changed_hidden,1.0,0.4003236881457739
constant-velocity,1,changed_hidden,1.0,0.002110275582980936
linearized,1,changed_hidden,1.0,0.00017240396226103627
nearest-neighbor,1,changed_hidden,1.0,0.03488920661361128
persistence,1,changed_hidden,10.0,0.2610546157806737
constant-velocity,1,changed_hidden,10.0,2.51990028567271
linearized,1,changed_hidden,10.0,0.0010905063887252098
nearest-neighbor,1,changed_hidden,10.0,0.0098283169590756
persistence,1,changed_hidden,60.0,0.20701228996289522
constant-velocity,1,changed_hidden,60.0,1.1937156949559373
linearized,1,changed_hidden,60.0,6.397257203971662e-07
nearest-neighbor,1,changed_hidden,60.0,5.955008673286244e-06
persistence,1,changed_hidden,0.01,0.004353903513097279
constant-velocity,1,changed_hidden,0.01,1.7745127613544298e-05
linearized,1,changed_hidden,0.01,2.465603192725041e-07
nearest-neighbor,1,changed_hidden,0.01,0.060948542725705934
persistence,1,changed_hidden,1.0,0.4491309329597395
constant-velocity,1,changed_hidden,1.0,0.015515094411377106
linearized,1,changed_hidden,1.0,0.00035022528458661384
nearest-neighbor,1,changed_hidden,1.0,0.035988238787406424
persistence,1,changed_hidden,10.0,0.3035310208385287
constant-velocity,1,changed_hidden,10.0,2.2505579425344893
linearized,1,changed_hidden,10.0,0.0016346689829793704
nearest-neighbor,1,changed_hidden,10.0,0.01022511104014967
persistence,1,changed_hidden,60.0,0.24626633919261876
constant-velocity,1,changed_hidden,60.0,0.637942744990788
linearized,1,changed_hidden,60.0,8.433396558871209e-07
nearest-neighbor,1,changed_hidden,60.0,5.4660981678722464e-06
persistence,1,changed_hidden,0.01,0.00378967242944217
constant-velocity,1,changed_hidden,0.01,4.016825548713854e-05
linearized,1,changed_hidden,0.01,6.87095253137926e-07
nearest-neighbor,1,changed_hidden,0.01,0.03464802752396068
persistence,1,changed_hidden,1.0,0.028479551275846227
constant-velocity,1,changed_hidden,1.0,0.41146361976878953
linearized,1,changed_hidden,1.0,0.008469226832191534
nearest-neighbor,1,changed_hidden,1.0,0.01753307701790341
persistence,1,changed_hidden,10.0,0.2744633297022028
constant-velocity,1,changed_hidden,10.0,2.1788812925479535
linearized,1,changed_hidden,10.0,0.004890741995402514
nearest-neighbor,1,changed_hidden,10.0,0.00389388272740554
persistence,1,changed_hidden,60.0,0.3435858632343689
constant-velocity,1,changed_hidden,60.0,1.8101112559073975
linearized,1,changed_hidden,60.0,1.8060868054448065e-06
nearest-neighbor,1,changed_hidden,60.0,2.580731231827116e-06
persistence,1,changed_hidden,0.01,0.005131751118517602
constant-velocity,1,changed_hidden,0.01,3.721604038142701e-05
linearized,1,changed_hidden,0.01,4.1933017280726403e-07
nearest-neighbor,1,changed_hidden,0.01,0.11346551607745958
persistence,1,changed_hidden,1.0,0.09247957614599
constant-velocity,1,changed_hidden,1.0,0.4244171397439125
linearized,1,changed_hidden,1.0,0.008482456235970215
nearest-neighbor,1,changed_hidden,1.0,0.08950400391762514
persistence,1,changed_hidden,10.0,0.20298115069700273
constant-velocity,1,changed_hidden,10.0,0.9112369975835595
linearized,1,changed_hidden,10.0,0.00472800883871205
nearest-neighbor,1,changed_hidden,10.0,0.020054416906074124
persistence,1,changed_hidden,60.0,0.2906329462414048
constant-velocity,1,changed_hidden,60.0,0.11149063626238487
linearized,1,changed_hidden,60.0,2.581006719459822e-06
nearest-neighbor,1,changed_hidden,60.0,8.318749708191575e-06
persistence,1,changed_hidden,0.01,0.002438083861103557
constant-velocity,1,changed_hidden,0.01,5.708659740921718e-06
linearized,1,changed_hidden,0.01,1.4048575192049384e-08
nearest-neighbor,1,changed_hidden,0.01,0.02346006818315516
persistence,1,changed_hidden,1.0,0.2187211638039055
constant-velocity,1,changed_hidden,1.0,0.02451635633237359
linearized,1,changed_hidden,1.0,7.607117114005746e-08
nearest-neighbor,1,changed_hidden,1.0,0.028136097111533864
persistence,1,changed_hidden,10.0,0.12876426503011462
constant-velocity,1,changed_hidden,10.0,2.3036109363326758
linearized,1,changed_hidden,10.0,0.00015175535119649197
nearest-neighbor,1,changed_hidden,10.0,0.007723719895532
persistence,1,changed_hidden,60.0,0.0949356770582872
constant-velocity,1,changed_hidden,60.0,1.932944916759281
linearized,1,changed_hidden,60.0,1.268668383680449e-07
nearest-neighbor,1,changed_hidden,60.0,6.432146021140284e-06
persistence,2,normal,0.01,0.017820882121270643
constant-velocity,2,normal,0.01,0.0005706164522099044
linearized,2,normal,0.01,0.0005671040658754567
nearest-neighbor,2,normal,0.01,0.5709628036140175
persistence,2,normal,1.0,1.097415455050698
constant-velocity,2,normal,1.0,0.6909822572270052
linearized,2,normal,1.0,0.6646973667723488
nearest-neighbor,2,normal,1.0,0.5677574435363297
persistence,2,normal,10.0,1.3304904643897442
constant-velocity,2,normal,10.0,0.7083543459823751
linearized,2,normal,10.0,0.5431148762578069
nearest-neighbor,2,normal,10.0,0.6612231707064202
persistence,2,normal,60.0,0.9414329824082548
constant-velocity,2,normal,60.0,2.0256943977300637
linearized,2,normal,60.0,0.07043146906742881
nearest-neighbor,2,normal,60.0,1.5556712107655783
persistence,2,normal,0.01,0.02650834546950298
constant-velocity,2,normal,0.01,0.000720885959498041
linearized,2,normal,0.01,0.002020427919563028
nearest-neighbor,2,normal,0.01,0.6288650128468054
persistence,2,normal,1.0,1.547682068836195
constant-velocity,2,normal,1.0,2.0125800954432806
linearized,2,normal,1.0,1.4449084626413449
nearest-neighbor,2,normal,1.0,0.5008455874780369
persistence,2,normal,10.0,1.1118711826191845
constant-velocity,2,normal,10.0,1.643333548578683
linearized,2,normal,10.0,2.3560039986715218
nearest-neighbor,2,normal,10.0,1.9132213892213823
persistence,2,normal,60.0,2.1554859562303275
constant-velocity,2,normal,60.0,0.9735361100220778
linearized,2,normal,60.0,1.5712603754239378
nearest-neighbor,2,normal,60.0,1.5478080994315224
persistence,2,normal,0.01,0.011204337792649621
constant-velocity,2,normal,0.01,0.0002676518191506716
linearized,2,normal,0.01,0.0004191031495413
nearest-neighbor,2,normal,0.01,0.9544153126846178
persistence,2,normal,1.0,1.8566414344995203
constant-velocity,2,normal,1.0,0.7629728371496163
linearized,2,normal,1.0,0.14751086572859018
nearest-neighbor,2,normal,1.0,0.33285111713141347
persistence,2,normal,10.0,1.6369198193769625
constant-velocity,2,normal,10.0,1.4517800528635787
linearized,2,normal,10.0,1.3836318159023338
nearest-neighbor,2,normal,10.0,2.2768340469945425
persistence,2,normal,60.0,1.9171723325541
constant-velocity,2,normal,60.0,0.8710904366442911
linearized,2,normal,60.0,1.8928463422513886
nearest-neighbor,2,normal,60.0,0.4998100385291582
persistence,2,normal,0.01,0.004106044532102171
constant-velocity,2,normal,0.01,0.0002836671695487514
linearized,2,normal,0.01,0.0009930432803655354
nearest-neighbor,2,normal,0.01,0.5708945298265578
persistence,2,normal,1.0,1.4412993719654212
constant-velocity,2,normal,1.0,1.6278067632480804
linearized,2,normal,1.0,0.863247725966021
nearest-neighbor,2,normal,1.0,0.34108055223266254
persistence,2,normal,10.0,1.568122333888208
constant-velocity,2,normal,10.0,2.49190236827281
linearized,2,normal,10.0,0.9626265316473941
nearest-neighbor,2,normal,10.0,0.5091016597525753
persistence,2,normal,60.0,0.10716921009298197
constant-velocity,2,normal,60.0,1.339062192097849
linearized,2,normal,60.0,0.6244837929363212
nearest-neighbor,2,normal,60.0,1.4292866614389181
persistence,2,normal,0.01,0.056187631117614156
constant-velocity,2,normal,0.01,0.0012552343005780564
linearized,2,normal,0.01,0.01346585413815804
nearest-neighbor,2,normal,0.01,0.768379402575035
persistence,2,normal,1.0,1.715655094405958
constant-velocity,2,normal,1.0,1.546274322598336
linearized,2,normal,1.0,1.4987564514997471
nearest-neighbor,2,normal,1.0,1.6955746308404147
persistence,2,normal,10.0,0.9640525128960089
constant-velocity,2,normal,10.0,0.7939660228208556
linearized,2,normal,10.0,1.7298795399162081
nearest-neighbor,2,normal,10.0,0.4211989055839851
persistence,2,normal,60.0,1.1122258093636788
constant-velocity,2,normal,60.0,0.7391950131755785
linearized,2,normal,60.0,2.3383048038747383
nearest-neighbor,2,normal,60.0,1.2409223511469563
persistence,2,normal,0.01,0.014796878114907042
constant-velocity,2,normal,0.01,0.00048347109740531913
linearized,2,normal,0.01,9.778669158277964e-05
nearest-neighbor,2,normal,0.01,1.1430546248045883
persistence,2,normal,1.0,0.4269592774261064
constant-velocity,2,normal,1.0,1.5796370187069182
linearized,2,normal,1.0,0.3246435030841255
nearest-neighbor,2,normal,1.0,0.38025555152992463
persistence,2,normal,10.0,0.7186907159998526
constant-velocity,2,normal,10.0,2.288524251274163
linearized,2,normal,10.0,0.09150951817912967
nearest-neighbor,2,normal,10.0,1.181091037882204
persistence,2,normal,60.0,0.5382702529171226
constant-velocity,2,normal,60.0,1.890456130595764
linearized,2,normal,60.0,0.1491621543992112
nearest-neighbor,2,normal,60.0,0.8304110131377191
persistence,2,normal,0.01,0.02405210400008806
constant-velocity,2,normal,0.01,0.0004720382328327055
linearized,2,normal,0.01,0.0008236130561412036
nearest-neighbor,2,normal,0.01,0.5495514415148897
persistence,2,normal,1.0,1.0414759135764697
constant-velocity,2,normal,1.0,2.6129447565871433
linearized,2,normal,1.0,1.611222561158635
nearest-neighbor,2,normal,1.0,1.4391294238195287
persistence,2,normal,10.0,0.3115288123271356
constant-velocity,2,normal,10.0,1.4664339537685205
linearized,2,normal,10.0,0.6242307502070381
nearest-neighbor,2,normal,10.0,1.0219308488316217
persistence,2,normal,60.0,1.5175824799080337
constant-velocity,2,normal,60.0,1.4915318354709193
linearized,2,normal,60.0,1.4168769231554552
nearest-neighbor,2,normal,60.0,1.3850221036074513
persistence,2,normal,0.01,0.021897193736598375
constant-velocity,2,normal,0.01,0.0007874896389750141
linearized,2,normal,0.01,0.028518600161060448
nearest-neighbor,2,normal,0.01,0.431120459290798
persistence,2,normal,1.0,2.6284508588790616
constant-velocity,2,normal,1.0,1.6949070509348942
linearized,2,normal,1.0,1.8747671957613719
nearest-neighbor,2,normal,1.0,1.1205665307838164
persistence,2,normal,10.0,2.4928678202900496
constant-velocity,2,normal,10.0,2.2854392495369673
linearized,2,normal,10.0,2.008936014088002
nearest-neighbor,2,normal,10.0,0.38872377839271444
persistence,2,normal,60.0,1.916812552458472
constant-velocity,2,normal,60.0,0.6887408131651149
linearized,2,normal,60.0,2.4592703740658965
nearest-neighbor,2,normal,60.0,0.7611590868060345
persistence,2,normal,0.01,0.023125736278276632
constant-velocity,2,normal,0.01,0.0005561845535981824
linearized,2,normal,0.01,0.005540824912090514
nearest-neighbor,2,normal,0.01,0.24640857048291043
persistence,2,normal,1.0,1.8476641920991428
constant-velocity,2,normal,1.0,0.4656227732200344
linearized,2,normal,1.0,1.7461637949016526
nearest-neighbor,2,normal,1.0,0.26624484723847885
persistence,2,normal,10.0,0.40761701251542437
constant-velocity,2,normal,10.0,2.4074885880420043
linearized,2,normal,10.0,0.16861350959769705
nearest-neighbor,2,normal,10.0,0.8629779913526416
persistence,2,normal,60.0,0.41969731598385573
constant-velocity,2,normal,60.0,2.1547541764062146
linearized,2,normal,60.0,1.7659120577708844
nearest-neighbor,2,normal,60.0,2.288445952765076
persistence,2,normal,0.01,0.05287919379551265
constant-velocity,2,normal,0.01,0.0021033236347611783
linearized,2,normal,0.01,0.012601947434034644
nearest-neighbor,2,normal,0.01,0.2465602835882128
persistence,2,normal,1.0,1.6747488769580432
constant-velocity,2,normal,1.0,0.35901164535155417
linearized,2,normal,1.0,2.557556568062039
nearest-neighbor,2,normal,1.0,0.9559409135706423
persistence,2,normal,10.0,0.8270075468551572
constant-velocity,2,normal,10.0,2.144758898182541
linearized,2,normal,10.0,2.2442701276738424
nearest-neighbor,2,normal,10.0,1.034833299521623
persistence,2,normal,60.0,0.3674737571650688
constant-velocity,2,normal,60.0,0.7718913138096184
linearized,2,normal,60.0,0.9024861947971061
nearest-neighbor,2,normal,60.0,1.2280345617792348
persistence,2,normal,0.01,0.08459997677818576
constant-velocity,2,normal,0.01,0.002237774954239491
linearized,2,normal,0.01,0.014975384085595067
nearest-neighbor,2,normal,0.01,0.16174677322312814
persistence,2,normal,1.0,1.1881946374614616
constant-velocity,2,normal,1.0,0.8653471644940449
linearized,2,normal,1.0,0.7753115943823818
nearest-neighbor,2,normal,1.0,1.5208581422565262
persistence,2,normal,10.0,2.0512187671925677
constant-velocity,2,normal,10.0,0.4095810557857895
linearized,2,normal,10.0,1.466941434951762
nearest-neighbor,2,normal,10.0,1.97942851205579
persistence,2,normal,60.0,1.2451376165052537
constant-velocity,2,normal,60.0,2.3177856423881487
linearized,2,normal,60.0,2.5053213378925534
nearest-neighbor,2,normal,60.0,1.5369968745450038
persistence,2,normal,0.01,0.05381042281487569
constant-velocity,2,normal,0.01,0.0014648761900462048
linearized,2,normal,0.01,0.013082764025261984
nearest-neighbor,2,normal,0.01,0.10037923799738047
persistence,2,normal,1.0,2.323903633167294
constant-velocity,2,normal,1.0,2.9106510293156833
linearized,2,normal,1.0,1.4739435317910292
nearest-neighbor,2,normal,1.0,0.12385318235234677
persistence,2,normal,10.0,0.9184016067225724
constant-velocity,2,normal,10.0,1.506003341069892
linearized,2,normal,10.0,0.8898528126244261
nearest-neighbor,2,normal,10.0,1.7390069022881347
persistence,2,normal,60.0,2.514737456916622
constant-velocity,2,normal,60.0,0.7128408066738317
linearized,2,normal,60.0,2.702236050831119
nearest-neighbor,2,normal,60.0,2.070643832250819
persistence,2,normal,0.01,0.008994399905080108
constant-velocity,2,normal,0.01,0.00042858319326133376
linearized,2,normal,0.01,0.0001891273477334643
nearest-neighbor,2,normal,0.01,1.2408079405782062
persistence,2,normal,1.0,0.12547070094838975
constant-velocity,2,normal,1.0,0.8249610188970591
linearized,2,normal,1.0,0.09167801466221448
nearest-neighbor,2,normal,1.0,1.9581611457615598
persistence,2,normal,10.0,0.38661515915748845
constant-velocity,2,normal,10.0,1.5636350527837881
linearized,2,normal,10.0,0.09683866566119304
nearest-neighbor,2,normal,10.0,1.4154471701462765
persistence,2,normal,60.0,0.6962616045961936
constant-velocity,2,normal,60.0,1.5122552363121091
linearized,2,normal,60.0,0.21076909752138473
nearest-neighbor,2,normal,60.0,0.4641666496189827
persistence,2,normal,0.01,0.05894675783587022
constant-velocity,2,normal,0.01,0.001122978344872294
linearized,2,normal,0.01,0.023395513173692706
nearest-neighbor,2,normal,0.01,0.10864028334542919
persistence,2,normal,1.0,2.508152576535693
constant-velocity,2,normal,1.0,0.21410128852050558
linearized,2,normal,1.0,1.8118998760476295
nearest-neighbor,2,normal,1.0,1.7796273048047606
persistence,2,normal,10.0,1.9082222520813028
constant-velocity,2,normal,10.0,0.06775784207422575
linearized,2,normal,10.0,1.5638375119551684
nearest-neighbor,2,normal,10.0,1.598124705139135
persistence,2,normal,60.0,1.4486992852330758
constant-velocity,2,normal,60.0,2.172508060832481
linearized,2,normal,60.0,1.8998074864539607
nearest-neighbor,2,normal,60.0,1.3695814285899104
persistence,2,normal,0.01,0.032599462796171874
constant-velocity,2,normal,0.01,0.0014609513595438273
linearized,2,normal,0.01,0.0035965332749583467
nearest-neighbor,2,normal,0.01,0.297309755634807
persistence,2,normal,1.0,0.9967677602761431
constant-velocity,2,normal,1.0,1.6061212680878425
linearized,2,normal,1.0,1.5602345070041537
nearest-neighbor,2,normal,1.0,0.5608332881070428
persistence,2,normal,10.0,1.0742149928037374
constant-velocity,2,normal,10.0,2.5644826945584898
linearized,2,normal,10.0,1.9197911034275887
nearest-neighbor,2,normal,10.0,0.7717904644235616
persistence,2,normal,60.0,1.4204801487377825
constant-velocity,2,normal,60.0,1.2615176977826046
linearized,2,normal,60.0,2.265755518499612
nearest-neighbor,2,normal,60.0,1.1119654110265595
persistence,2,normal,0.01,0.017330324510433037
constant-velocity,2,normal,0.01,0.00025586095769858375
linearized,2,normal,0.01,6.181233300139866e-05
nearest-neighbor,2,normal,0.01,0.2841717556762875
persistence,2,normal,1.0,1.0418973705604677
constant-velocity,2,normal,1.0,2.8005159173736436
linearized,2,normal,1.0,0.5523223819512728
nearest-neighbor,2,normal,1.0,0.092963563445845
persistence,2,normal,10.0,2.2368167915314725
constant-velocity,2,normal,10.0,2.1681463154653198
linearized,2,normal,10.0,0.7774512722159859
nearest-neighbor,2,normal,10.0,1.1039651718166523
persistence,2,normal,60.0,1.6734534162772974
constant-velocity,2,normal,60.0,2.0153327327030723
linearized,2,normal,60.0,0.9109468998973427
nearest-neighbor,2,normal,60.0,1.8550373429504958
persistence,2,normal,0.01,0.03221452075241471
constant-velocity,2,normal,0.01,0.0007538043559438545
linearized,2,normal,0.01,0.004140012912472901
nearest-neighbor,2,normal,0.01,0.507987778557228
persistence,2,normal,1.0,1.478898216011813
constant-velocity,2,normal,1.0,0.2476993830121348
linearized,2,normal,1.0,2.1212014991892367
nearest-neighbor,2,normal,1.0,1.598980473695818
persistence,2,normal,10.0,1.5163871935252753
constant-velocity,2,normal,10.0,1.4785264262393367
linearized,2,normal,10.0,2.82664003801604
nearest-neighbor,2,normal,10.0,0.8147865884547052
persistence,2,normal,60.0,1.7848619459234158
constant-velocity,2,normal,60.0,1.8242618493000755
linearized,2,normal,60.0,1.5898183306277187
nearest-neighbor,2,normal,60.0,1.8456509052848848
persistence,2,normal,0.01,0.025044606338991304
constant-velocity,2,normal,0.01,0.00020866284813680913
linearized,2,normal,0.01,0.0281590750752283
nearest-neighbor,2,normal,0.01,0.4114255193927432
persistence,2,normal,1.0,1.6909456371198828
constant-velocity,2,normal,1.0,2.0669127513467562
linearized,2,normal,1.0,2.0284461905104028
nearest-neighbor,2,normal,1.0,1.0244834806279113
persistence,2,normal,10.0,2.715941078302004
constant-velocity,2,normal,10.0,2.6607068038581243
linearized,2,normal,10.0,1.6173192086943202
nearest-neighbor,2,normal,10.0,1.4464490517397353
persistence,2,normal,60.0,1.207690768683356
constant-velocity,2,normal,60.0,1.0664464814321093
linearized,2,normal,60.0,1.074766111656373
nearest-neighbor,2,normal,60.0,1.5292339643039217
persistence,2,normal,0.01,0.03885913798436791
constant-velocity,2,normal,0.01,0.0010285657105861823
linearized,2,normal,0.01,0.004265054334763985
nearest-neighbor,2,normal,0.01,0.4497020635207716
persistence,2,normal,1.0,2.4262075737898448
constant-velocity,2,normal,1.0,1.356849653588311
linearized,2,normal,1.0,1.1027528399217763
nearest-neighbor,2,normal,1.0,0.6824113126747942
persistence,2,normal,10.0,2.0384892746085903
constant-velocity,2,normal,10.0,0.7508245272844789
linearized,2,normal,10.0,0.8847532045583222
nearest-neighbor,2,normal,10.0,0.7740735260751657
persistence,2,normal,60.0,1.5181589123441595
constant-velocity,2,normal,60.0,1.7095229590683871
linearized,2,normal,60.0,1.757343947449745
nearest-neighbor,2,normal,60.0,0.3036128068532291
persistence,2,normal,0.01,0.029852401258670724
constant-velocity,2,normal,0.01,0.0009121157607738795
linearized,2,normal,0.01,0.00014125327955571976
nearest-neighbor,2,normal,0.01,0.4309264924189027
persistence,2,normal,1.0,1.1298875639443982
constant-velocity,2,normal,1.0,2.0768460412907235
linearized,2,normal,1.0,1.0190760707670086
nearest-neighbor,2,normal,1.0,1.6188072676067518
persistence,2,normal,10.0,0.24122900627997956
constant-velocity,2,normal,10.0,0.6118234335365331
linearized,2,normal,10.0,0.12044551451677576
nearest-neighbor,2,normal,10.0,1.3504891318294212
persistence,2,normal,60.0,0.8124302227090692
constant-velocity,2,normal,60.0,1.9145822103427292
linearized,2,normal,60.0,1.0766466888934905
nearest-neighbor,2,normal,60.0,1.2985045723823538
persistence,2,changed_disclosed,0.01,0.018165061566853158
constant-velocity,2,changed_disclosed,0.01,0.00022176357207270847
linearized,2,changed_disclosed,0.01,0.0036387968245534807
nearest-neighbor,2,changed_disclosed,0.01,0.23581976059340737
persistence,2,changed_disclosed,1.0,0.8484772427162364
constant-velocity,2,changed_disclosed,1.0,1.831913867931746
linearized,2,changed_disclosed,1.0,1.546769396535947
nearest-neighbor,2,changed_disclosed,1.0,0.589575578338424
persistence,2,changed_disclosed,10.0,1.1483370851557808
constant-velocity,2,changed_disclosed,10.0,1.7564192947910078
linearized,2,changed_disclosed,10.0,1.2932714148166315
nearest-neighbor,2,changed_disclosed,10.0,0.758424197456655
persistence,2,changed_disclosed,60.0,0.5002115248742696
constant-velocity,2,changed_disclosed,60.0,2.4727155263562715
linearized,2,changed_disclosed,60.0,0.326848911842049
nearest-neighbor,2,changed_disclosed,60.0,0.3208193886613584
persistence,2,changed_disclosed,0.01,0.011173025186530072
constant-velocity,2,changed_disclosed,0.01,0.00015702760318681008
linearized,2,changed_disclosed,0.01,0.0037151278798297493
nearest-neighbor,2,changed_disclosed,0.01,0.14282394280256172
persistence,2,changed_disclosed,1.0,0.33286378300573416
constant-velocity,2,changed_disclosed,1.0,1.4658690619773327
linearized,2,changed_disclosed,1.0,1.5893350916575761
nearest-neighbor,2,changed_disclosed,1.0,0.31574543207624917
persistence,2,changed_disclosed,10.0,0.868034274639486
constant-velocity,2,changed_disclosed,10.0,0.425445143774418
linearized,2,changed_disclosed,10.0,1.6065852515495012
nearest-neighbor,2,changed_disclosed,10.0,0.17518572607308425
persistence,2,changed_disclosed,60.0,0.6374828316798937
constant-velocity,2,changed_disclosed,60.0,0.4972388089996205
linearized,2,changed_disclosed,60.0,1.415660512287877
nearest-neighbor,2,changed_disclosed,60.0,0.3788808809946067
persistence,2,changed_disclosed,0.01,0.009795821291399998
constant-velocity,2,changed_disclosed,0.01,7.408571139988496e-05
linearized,2,changed_disclosed,0.01,0.0017297016685013933
nearest-neighbor,2,changed_disclosed,0.01,0.6818451309262967
persistence,2,changed_disclosed,1.0,0.8961932293917663
constant-velocity,2,changed_disclosed,1.0,0.5918043309701426
linearized,2,changed_disclosed,1.0,1.721980295123107
nearest-neighbor,2,changed_disclosed,1.0,1.4734231438865417
persistence,2,changed_disclosed,10.0,1.6909484342368084
constant-velocity,2,changed_disclosed,10.0,1.8445407562130427
linearized,2,changed_disclosed,10.0,1.4516056331483347
nearest-neighbor,2,changed_disclosed,10.0,0.44808954163973036
persistence,2,changed_disclosed,60.0,1.5252199303528506
constant-velocity,2,changed_disclosed,60.0,2.0871911246424553
linearized,2,changed_disclosed,60.0,0.01975670269842089
nearest-neighbor,2,changed_disclosed,60.0,0.4276232540488203
persistence,2,changed_disclosed,0.01,0.03129356902399194
constant-velocity,2,changed_disclosed,0.01,0.00013434865452355282
linearized,2,changed_disclosed,0.01,0.00233147278583834
nearest-neighbor,2,changed_disclosed,0.01,0.16610143602667837
persistence,2,changed_disclosed,1.0,1.6469564222605473
constant-velocity,2,changed_disclosed,1.0,1.5329822466885654
linearized,2,changed_disclosed,1.0,1.7604177779419756
nearest-neighbor,2,changed_disclosed,1.0,0.25449316353495566
persistence,2,changed_disclosed,10.0,0.49820736600500926
constant-velocity,2,changed_disclosed,10.0,1.372478698070604
linearized,2,changed_disclosed,10.0,0.5546411950896135
nearest-neighbor,2,changed_disclosed,10.0,1.1587185114184402
persistence,2,changed_disclosed,60.0,0.4406585849925424
constant-velocity,2,changed_disclosed,60.0,0.47211131140774043
linearized,2,changed_disclosed,60.0,0.4968423810368554
nearest-neighbor,2,changed_disclosed,60.0,0.24285471404719305
persistence,2,changed_disclosed,0.01,0.0022942906999521284
constant-velocity,2,changed_disclosed,0.01,3.98487353550081e-05
linearized,2,changed_disclosed,0.01,1.342782600000092e-06
nearest-neighbor,2,changed_disclosed,0.01,0.0658134561012127
persistence,2,changed_disclosed,1.0,0.14959413414830292
constant-velocity,2,changed_disclosed,1.0,0.3830080776790288
linearized,2,changed_disclosed,1.0,0.008533475751808961
nearest-neighbor,2,changed_disclosed,1.0,0.08885729148769816
persistence,2,changed_disclosed,10.0,0.4895959478362042
constant-velocity,2,changed_disclosed,10.0,2.0158122140395394
linearized,2,changed_disclosed,10.0,0.05798727924427616
nearest-neighbor,2,changed_disclosed,10.0,0.025405868137998056
persistence,2,changed_disclosed,60.0,0.3059172855751575
constant-velocity,2,changed_disclosed,60.0,1.6505047247611184
linearized,2,changed_disclosed,60.0,0.14012092100694828
nearest-neighbor,2,changed_disclosed,60.0,0.02970304717345451
persistence,2,changed_disclosed,0.01,0.001289425059107785
constant-velocity,2,changed_disclosed,0.01,6.84272470190539e-05
linearized,2,changed_disclosed,0.01,5.868299769229424e-06
nearest-neighbor,2,changed_disclosed,0.01,0.02760472177121054
persistence,2,changed_disclosed,1.0,0.5162363141073663
constant-velocity,2,changed_disclosed,1.0,0.5066021515509467
linearized,2,changed_disclosed,1.0,0.004134707470752286
nearest-neighbor,2,changed_disclosed,1.0,0.11723673387202416
persistence,2,changed_disclosed,10.0,0.6980031124602073
constant-velocity,2,changed_disclosed,10.0,1.6199990812457852
linearized,2,changed_disclosed,10.0,0.008940867074581416
nearest-neighbor,2,changed_disclosed,10.0,0.0828200672715167
persistence,2,changed_disclosed,60.0,0.517455555723209
constant-velocity,2,changed_disclosed,60.0,1.9716322533624622
linearized,2,changed_disclosed,60.0,0.03019952739876408
nearest-neighbor,2,changed_disclosed,60.0,0.18766704206748708
persistence,2,changed_disclosed,0.01,0.021247352914583573
constant-velocity,2,changed_disclosed,0.01,7.254416135538122e-05
linearized,2,changed_disclosed,0.01,0.0018936796966944058
nearest-neighbor,2,changed_disclosed,0.01,1.1480401163117886
persistence,2,changed_disclosed,1.0,1.8135288103022866
constant-velocity,2,changed_disclosed,1.0,0.8039258643064267
linearized,2,changed_disclosed,1.0,0.8416791216735517
nearest-neighbor,2,changed_disclosed,1.0,0.4383584770705671
persistence,2,changed_disclosed,10.0,2.281726183715954
constant-velocity,2,changed_disclosed,10.0,1.3184764868133518
linearized,2,changed_disclosed,10.0,1.267327448444608
nearest-neighbor,2,changed_disclosed,10.0,0.7097995768791465
persistence,2,changed_disclosed,60.0,1.7350225710655884
constant-velocity,2,changed_disclosed,60.0,1.9905424059137928
linearized,2,changed_disclosed,60.0,0.34410930605078005
nearest-neighbor,2,changed_disclosed,60.0,0.24271137350977567
persistence,2,changed_disclosed,0.01,0.008336946445365534
constant-velocity,2,changed_disclosed,0.01,0.00010689735048918791
linearized,2,changed_disclosed,0.01,2.157558536275417e-06
nearest-neighbor,2,changed_disclosed,0.01,0.3785979675426039
persistence,2,changed_disclosed,1.0,0.6050040565197761
constant-velocity,2,changed_disclosed,1.0,0.21800085296785432
linearized,2,changed_disclosed,1.0,0.04089985659886941
nearest-neighbor,2,changed_disclosed,1.0,0.37895978101347705
persistence,2,changed_disclosed,10.0,0.4043759881852611
constant-velocity,2,changed_disclosed,10.0,1.5991048540783392
linearized,2,changed_disclosed,10.0,0.06776166845391973
nearest-neighbor,2,changed_disclosed,10.0,0.6608838570008069
persistence,2,changed_disclosed,60.0,0.25742517796490283
constant-velocity,2,changed_disclosed,60.0,1.998979587446005
linearized,2,changed_disclosed,60.0,0.009167570825207694
nearest-neighbor,2,changed_disclosed,60.0,0.07727129876922945
persistence,2,changed_disclosed,0.01,0.009988684812663129
constant-velocity,2,changed_disclosed,0.01,0.00013399405218383897
linearized,2,changed_disclosed,0.01,1.5257244021515959e-05
nearest-neighbor,2,changed_disclosed,0.01,0.19941841324843312
persistence,2,changed_disclosed,1.0,1.4328944694828787
constant-velocity,2,changed_disclosed,1.0,0.7332331137110352
linearized,2,changed_disclosed,1.0,0.05147909101797543
nearest-neighbor,2,changed_disclosed,1.0,0.20916181050364524
persistence,2,changed_disclosed,10.0,1.351152500808602
constant-velocity,2,changed_disclosed,10.0,2.2226751698775944
linearized,2,changed_disclosed,10.0,0.06538721604155451
nearest-neighbor,2,changed_disclosed,10.0,0.41307654287184814
persistence,2,changed_disclosed,60.0,0.685962427308161
constant-velocity,2,changed_disclosed,60.0,1.9074476752702516
linearized,2,changed_disclosed,60.0,0.2845659860579084
nearest-neighbor,2,changed_disclosed,60.0,0.03482146658814833
persistence,2,changed_disclosed,0.01,0.007927606776326535
constant-velocity,2,changed_disclosed,0.01,6.80759367561734e-05
linearized,2,changed_disclosed,0.01,8.395711495801095e-06
nearest-neighbor,2,changed_disclosed,0.01,0.3664634159307816
persistence,2,changed_disclosed,1.0,0.33001341053567357
constant-velocity,2,changed_disclosed,1.0,0.457283763645272
linearized,2,changed_disclosed,1.0,0.03896441690525054
nearest-neighbor,2,changed_disclosed,1.0,0.3179732631735872
persistence,2,changed_disclosed,10.0,0.418720110157061
constant-velocity,2,changed_disclosed,10.0,1.3428429366080703
linearized,2,changed_disclosed,10.0,0.04695659138282071
nearest-neighbor,2,changed_disclosed,10.0,0.22761413912092765
persistence,2,changed_disclosed,60.0,0.24953937899574585
constant-velocity,2,changed_disclosed,60.0,2.162572801013006
linearized,2,changed_disclosed,60.0,0.10415055312956012
nearest-neighbor,2,changed_disclosed,60.0,0.09930339005133249
persistence,2,changed_disclosed,0.01,0.010509758781734657
constant-velocity,2,changed_disclosed,0.01,0.00010556902215541619
linearized,2,changed_disclosed,0.01,0.002285986839583476
nearest-neighbor,2,changed_disclosed,0.01,0.8270638544980846
persistence,2,changed_disclosed,1.0,0.7138382634654747
constant-velocity,2,changed_disclosed,1.0,1.1906372088148485
linearized,2,changed_disclosed,1.0,1.0133582523214741
nearest-neighbor,2,changed_disclosed,1.0,0.34934432046805775
persistence,2,changed_disclosed,10.0,0.7119997933700694
constant-velocity,2,changed_disclosed,10.0,1.736684756989594
linearized,2,changed_disclosed,10.0,1.0442313580567437
nearest-neighbor,2,changed_disclosed,10.0,0.6489039577245801
persistence,2,changed_disclosed,60.0,1.446621444941138
constant-velocity,2,changed_disclosed,60.0,2.040390332650059
linearized,2,changed_disclosed,60.0,0.878931792607853
nearest-neighbor,2,changed_disclosed,60.0,0.42564346323959823
persistence,2,changed_disclosed,0.01,0.012849912427692844
constant-velocity,2,changed_disclosed,0.01,0.00045533292458954655
linearized,2,changed_disclosed,0.01,0.0023031747469299813
nearest-neighbor,2,changed_disclosed,0.01,0.9937905054726441
persistence,2,changed_disclosed,1.0,1.2756776805035277
constant-velocity,2,changed_disclosed,1.0,0.691800819844717
linearized,2,changed_disclosed,1.0,1.236048573136517
nearest-neighbor,2,changed_disclosed,1.0,1.551861569750013
persistence,2,changed_disclosed,10.0,2.424587061372661
constant-velocity,2,changed_disclosed,10.0,1.7687992352338817
linearized,2,changed_disclosed,10.0,0.3546017319179433
nearest-neighbor,2,changed_disclosed,10.0,0.8627069509460343
persistence,2,changed_disclosed,60.0,1.6993177267435768
constant-velocity,2,changed_disclosed,60.0,1.6977844990533448
linearized,2,changed_disclosed,60.0,1.285703332427445
nearest-neighbor,2,changed_disclosed,60.0,0.11173500749834275
persistence,2,changed_disclosed,0.01,0.030462124876974084
constant-velocity,2,changed_disclosed,0.01,4.3535226442736885e-05
linearized,2,changed_disclosed,0.01,0.0018697743683624424
nearest-neighbor,2,changed_disclosed,0.01,1.41231665909344
persistence,2,changed_disclosed,1.0,1.300632161203527
constant-velocity,2,changed_disclosed,1.0,1.208048099750338
linearized,2,changed_disclosed,1.0,0.5393163664477374
nearest-neighbor,2,changed_disclosed,1.0,0.37925774787763755
persistence,2,changed_disclosed,10.0,1.8480420598381266
constant-velocity,2,changed_disclosed,10.0,2.3678830563793536
linearized,2,changed_disclosed,10.0,1.4862630972444437
nearest-neighbor,2,changed_disclosed,10.0,0.8084817728642828
persistence,2,changed_disclosed,60.0,1.7088891232564252
constant-velocity,2,changed_disclosed,60.0,0.4160926992877414
linearized,2,changed_disclosed,60.0,0.6696336352070669
nearest-neighbor,2,changed_disclosed,60.0,0.4188006265901101
persistence,2,changed_disclosed,0.01,0.006773970902984594
constant-velocity,2,changed_disclosed,0.01,8.204011273926781e-05
linearized,2,changed_disclosed,0.01,0.0008847541175827089
nearest-neighbor,2,changed_disclosed,0.01,0.5430200503283202
persistence,2,changed_disclosed,1.0,1.6340245992355233
constant-velocity,2,changed_disclosed,1.0,0.9994741541523806
linearized,2,changed_disclosed,1.0,1.6872127222235709
nearest-neighbor,2,changed_disclosed,1.0,0.8533658709362246
persistence,2,changed_disclosed,10.0,1.0299071653288505
constant-velocity,2,changed_disclosed,10.0,1.6027328738728785
linearized,2,changed_disclosed,10.0,1.8664891075016508
nearest-neighbor,2,changed_disclosed,10.0,0.7913385937440562
persistence,2,changed_disclosed,60.0,2.126281454600683
constant-velocity,2,changed_disclosed,60.0,0.7199496013147346
linearized,2,changed_disclosed,60.0,0.1436028024773599
nearest-neighbor,2,changed_disclosed,60.0,0.05410869538955865
persistence,2,changed_disclosed,0.01,0.006431723310961868
constant-velocity,2,changed_disclosed,0.01,0.00013211472355845189
linearized,2,changed_disclosed,0.01,5.8766119846342946e-05
nearest-neighbor,2,changed_disclosed,0.01,0.3987162331654124
persistence,2,changed_disclosed,1.0,0.9947485510231282
constant-velocity,2,changed_disclosed,1.0,0.3647876922828017
linearized,2,changed_disclosed,1.0,0.01070481341007179
nearest-neighbor,2,changed_disclosed,1.0,0.4262722757316324
persistence,2,changed_disclosed,10.0,0.6518628942774203
constant-velocity,2,changed_disclosed,10.0,1.7815280077837596
linearized,2,changed_disclosed,10.0,0.06625948482203325
nearest-neighbor,2,changed_disclosed,10.0,0.08233316096936916
persistence,2,changed_disclosed,60.0,0.5303128438236602
constant-velocity,2,changed_disclosed,60.0,1.025118217682111
linearized,2,changed_disclosed,60.0,0.013907813294187887
nearest-neighbor,2,changed_disclosed,60.0,0.09710928224115745
persistence,2,changed_disclosed,0.01,0.023431348691946186
constant-velocity,2,changed_disclosed,0.01,0.00023466457376075667
linearized,2,changed_disclosed,0.01,0.002403322231563587
nearest-neighbor,2,changed_disclosed,0.01,0.5229959573752181
persistence,2,changed_disclosed,1.0,1.8486672910535829
constant-velocity,2,changed_disclosed,1.0,0.5786665878448474
linearized,2,changed_disclosed,1.0,1.6371753222674092
nearest-neighbor,2,changed_disclosed,1.0,0.3097963708191409
persistence,2,changed_disclosed,10.0,2.196076700408211
constant-velocity,2,changed_disclosed,10.0,2.015237610924281
linearized,2,changed_disclosed,10.0,1.1403376664681122
nearest-neighbor,2,changed_disclosed,10.0,1.3964168525393403
persistence,2,changed_disclosed,60.0,1.1618002927831625
constant-velocity,2,changed_disclosed,60.0,1.7864717494511986
linearized,2,changed_disclosed,60.0,0.5586796808717656
nearest-neighbor,2,changed_disclosed,60.0,0.2622554263289725
persistence,2,changed_disclosed,0.01,0.007962187048651037
constant-velocity,2,changed_disclosed,0.01,0.0001927008005118136
linearized,2,changed_disclosed,0.01,0.0012175015523498978
nearest-neighbor,2,changed_disclosed,0.01,0.4153498420655879
persistence,2,changed_disclosed,1.0,2.212731369618553
constant-velocity,2,changed_disclosed,1.0,1.4063107753111355
linearized,2,changed_disclosed,1.0,1.7131940951204463
nearest-neighbor,2,changed_disclosed,1.0,0.8052255220117446
persistence,2,changed_disclosed,10.0,1.5545403608834496
constant-velocity,2,changed_disclosed,10.0,1.085954150016724
linearized,2,changed_disclosed,10.0,1.741587258542817
nearest-neighbor,2,changed_disclosed,10.0,0.20932139843702724
persistence,2,changed_disclosed,60.0,2.1352898375924267
constant-velocity,2,changed_disclosed,60.0,1.3023229899727653
linearized,2,changed_disclosed,60.0,0.46414682819537556
nearest-neighbor,2,changed_disclosed,60.0,0.589525197130863
persistence,2,changed_disclosed,0.01,0.025974322215710277
constant-velocity,2,changed_disclosed,0.01,6.9589470642617e-05
linearized,2,changed_disclosed,0.01,0.0011987733570570924
nearest-neighbor,2,changed_disclosed,0.01,0.5424756430555164
persistence,2,changed_disclosed,1.0,1.5902242994391655
constant-velocity,2,changed_disclosed,1.0,1.0141668691960999
linearized,2,changed_disclosed,1.0,0.4995057177705937
nearest-neighbor,2,changed_disclosed,1.0,1.8380049024829628
persistence,2,changed_disclosed,10.0,0.3577617906620616
constant-velocity,2,changed_disclosed,10.0,0.8841476801442507
linearized,2,changed_disclosed,10.0,2.4834335293329324
nearest-neighbor,2,changed_disclosed,10.0,0.9868072080031078
persistence,2,changed_disclosed,60.0,1.109916108419303
constant-velocity,2,changed_disclosed,60.0,1.8749025188560644
linearized,2,changed_disclosed,60.0,0.15322980533317176
nearest-neighbor,2,changed_disclosed,60.0,0.17417090234067278
persistence,2,changed_disclosed,0.01,0.014411814011285662
constant-velocity,2,changed_disclosed,0.01,0.00013903165322770583
linearized,2,changed_disclosed,0.01,0.0035536798773918576
nearest-neighbor,2,changed_disclosed,0.01,0.40245552167345267
persistence,2,changed_disclosed,1.0,0.5661593262638738
constant-velocity,2,changed_disclosed,1.0,0.8889252401874277
linearized,2,changed_disclosed,1.0,1.429028385392927
nearest-neighbor,2,changed_disclosed,1.0,0.785914388433691
persistence,2,changed_disclosed,10.0,0.5269302165698115
constant-velocity,2,changed_disclosed,10.0,1.4575448335840235
linearized,2,changed_disclosed,10.0,1.77050181997428
nearest-neighbor,2,changed_disclosed,10.0,0.8359805685700725
persistence,2,changed_disclosed,60.0,1.0754005040269632
constant-velocity,2,changed_disclosed,60.0,1.1247805899748897
linearized,2,changed_disclosed,60.0,0.06123803609712741
nearest-neighbor,2,changed_disclosed,60.0,0.7618712162879793
persistence,2,changed_disclosed,0.01,0.014336186762206715
constant-velocity,2,changed_disclosed,0.01,0.00013847435010738707
linearized,2,changed_disclosed,0.01,0.00012868374167562813
nearest-neighbor,2,changed_disclosed,0.01,0.7232247533164369
persistence,2,changed_disclosed,1.0,0.6983891037926164
constant-velocity,2,changed_disclosed,1.0,1.0142226882469814
linearized,2,changed_disclosed,1.0,1.4571306676815303
nearest-neighbor,2,changed_disclosed,1.0,2.0272549307557957
persistence,2,changed_disclosed,10.0,1.3768603771469463
constant-velocity,2,changed_disclosed,10.0,2.0680524726500504
linearized,2,changed_disclosed,10.0,1.2613223755201126
nearest-neighbor,2,changed_disclosed,10.0,1.0012671673009799
persistence,2,changed_disclosed,60.0,1.9542547983748597
constant-velocity,2,changed_disclosed,60.0,0.8376271717449804
linearized,2,changed_disclosed,60.0,0.1457577723352661
nearest-neighbor,2,changed_disclosed,60.0,0.16139764173763904
persistence,2,changed_hidden,0.01,0.0135658753234289
constant-velocity,2,changed_hidden,0.01,0.00031573592773015413
linearized,2,changed_hidden,0.01,0.0002162728468839692
nearest-neighbor,2,changed_hidden,0.01,0.6089784599308088
persistence,2,changed_hidden,1.0,0.8871822477805315
constant-velocity,2,changed_hidden,1.0,1.658073050913242
linearized,2,changed_hidden,1.0,0.06483328232805663
nearest-neighbor,2,changed_hidden,1.0,0.7376083724828482
persistence,2,changed_hidden,10.0,0.47891819462198604
constant-velocity,2,changed_hidden,10.0,1.9135774796806309
linearized,2,changed_hidden,10.0,1.0906323326241916
nearest-neighbor,2,changed_hidden,10.0,0.41274102457102857
persistence,2,changed_hidden,60.0,0.0954621200140986
constant-velocity,2,changed_hidden,60.0,1.437872019955563
linearized,2,changed_hidden,60.0,0.7696187914994652
nearest-neighbor,2,changed_hidden,60.0,0.668448386565764
persistence,2,changed_hidden,0.01,0.010776076934716272
constant-velocity,2,changed_hidden,0.01,0.00022724939862661664
linearized,2,changed_hidden,0.01,2.7476090516564966e-05
nearest-neighbor,2,changed_hidden,0.01,0.21091007472692613
persistence,2,changed_hidden,1.0,0.18023371050013148
constant-velocity,2,changed_hidden,1.0,1.253550551251517
linearized,2,changed_hidden,1.0,0.3929923568046356
nearest-neighbor,2,changed_hidden,1.0,0.2860112335232059
persistence,2,changed_hidden,10.0,0.15781091578943673
constant-velocity,2,changed_hidden,10.0,1.7363592883628103
linearized,2,changed_hidden,10.0,0.03443243407287433
nearest-neighbor,2,changed_hidden,10.0,0.33797206654976186
persistence,2,changed_hidden,60.0,0.22200653949883065
constant-velocity,2,changed_hidden,60.0,1.8828823851970498
linearized,2,changed_hidden,60.0,0.0002040273301378015
nearest-neighbor,2,changed_hidden,60.0,0.2088196831818676
persistence,2,changed_hidden,0.01,0.008523800133194204
constant-velocity,2,changed_hidden,0.01,0.00021625018513660166
linearized,2,changed_hidden,0.01,4.3008200503846794e-05
nearest-neighbor,2,changed_hidden,0.01,0.04629236059569708
persistence,2,changed_hidden,1.0,0.8696632635087916
constant-velocity,2,changed_hidden,1.0,1.022219233017269
linearized,2,changed_hidden,1.0,0.05793941349815812
nearest-neighbor,2,changed_hidden,1.0,0.1681865664345925
persistence,2,changed_hidden,10.0,0.6315285000382809
constant-velocity,2,changed_hidden,10.0,1.5649262591109818
linearized,2,changed_hidden,10.0,0.4164422717205285
nearest-neighbor,2,changed_hidden,10.0,0.1740912016559777
persistence,2,changed_hidden,60.0,0.22853483069085034
constant-velocity,2,changed_hidden,60.0,1.7752287673730915
linearized,2,changed_hidden,60.0,0.22104660806516763
nearest-neighbor,2,changed_hidden,60.0,0.11854287832840593
persistence,2,changed_hidden,0.01,0.006247329871087004
constant-velocity,2,changed_hidden,0.01,6.647413304561312e-05
linearized,2,changed_hidden,0.01,0.0030091852599283264
nearest-neighbor,2,changed_hidden,0.01,0.5487135147092488
persistence,2,changed_hidden,1.0,0.4878848712520034
constant-velocity,2,changed_hidden,1.0,0.7714253991827196
linearized,2,changed_hidden,1.0,1.8722627882595702
nearest-neighbor,2,changed_hidden,1.0,0.6669167609149347
persistence,2,changed_hidden,10.0,0.8408414201862183
constant-velocity,2,changed_hidden,10.0,2.606938607686209
linearized,2,changed_hidden,10.0,2.0593296449561995
nearest-neighbor,2,changed_hidden,10.0,0.44428503856504253
persistence,2,changed_hidden,60.0,0.8731585691004322
constant-velocity,2,changed_hidden,60.0,0.9639656765953681
linearized,2,changed_hidden,60.0,0.49572411912221037
nearest-neighbor,2,changed_hidden,60.0,0.12461746784154126
persistence,2,changed_hidden,0.01,0.002133313514090185
constant-velocity,2,changed_hidden,0.01,6.271851846806342e-05
linearized,2,changed_hidden,0.01,1.1838428177313176e-05
nearest-neighbor,2,changed_hidden,0.01,0.12134670787701274
persistence,2,changed_hidden,1.0,0.199835450692482
constant-velocity,2,changed_hidden,1.0,0.3937970156969366
linearized,2,changed_hidden,1.0,0.025659691006891583
nearest-neighbor,2,changed_hidden,1.0,0.09614592077136508
persistence,2,changed_hidden,10.0,1.2931703619778467
constant-velocity,2,changed_hidden,10.0,0.9560440805300856
linearized,2,changed_hidden,10.0,0.10275680136048781
nearest-neighbor,2,changed_hidden,10.0,0.04247547610514979
persistence,2,changed_hidden,60.0,0.9763901402100825
constant-velocity,2,changed_hidden,60.0,2.400202189816497
linearized,2,changed_hidden,60.0,0.34204677330598887
nearest-neighbor,2,changed_hidden,60.0,0.14282755886401355
persistence,2,changed_hidden,0.01,0.008130569575871327
constant-velocity,2,changed_hidden,0.01,5.630591374283789e-05
linearized,2,changed_hidden,0.01,3.5645507018955414e-05
nearest-neighbor,2,changed_hidden,0.01,0.12556610291611636
persistence,2,changed_hidden,1.0,0.6038557081232052
constant-velocity,2,changed_hidden,1.0,0.5496252283497625
linearized,2,changed_hidden,1.0,0.03443640381691537
nearest-neighbor,2,changed_hidden,1.0,0.440127925797263
persistence,2,changed_hidden,10.0,0.1029525750695488
constant-velocity,2,changed_hidden,10.0,1.9616485139275626
linearized,2,changed_hidden,10.0,0.6743544999047284
nearest-neighbor,2,changed_hidden,10.0,0.4926831127583855
persistence,2,changed_hidden,60.0,0.6691648358593163
constant-velocity,2,changed_hidden,60.0,0.7450301453517678
linearized,2,changed_hidden,60.0,0.06798945707097093
nearest-neighbor,2,changed_hidden,60.0,0.1573437410785452
persistence,2,changed_hidden,0.01,0.0036996061963132654
constant-velocity,2,changed_hidden,0.01,9.728890807947366e-05
linearized,2,changed_hidden,0.01,0.0001927823443867993
nearest-neighbor,2,changed_hidden,0.01,0.4114923595789475
persistence,2,changed_hidden,1.0,0.7544521967509821
constant-velocity,2,changed_hidden,1.0,0.3942204679275867
linearized,2,changed_hidden,1.0,0.1485585840612238
nearest-neighbor,2,changed_hidden,1.0,0.3680988321813874
persistence,2,changed_hidden,10.0,0.7795978272709334
constant-velocity,2,changed_hidden,10.0,1.736753300850546
linearized,2,changed_hidden,10.0,0.08314528336244109
nearest-neighbor,2,changed_hidden,10.0,0.057561514828532445
persistence,2,changed_hidden,60.0,0.39234111033981556
constant-velocity,2,changed_hidden,60.0,2.3720066975251575
linearized,2,changed_hidden,60.0,0.03751056455839308
nearest-neighbor,2,changed_hidden,60.0,0.1204125783798824
persistence,2,changed_hidden,0.01,0.00601378037433431
constant-velocity,2,changed_hidden,0.01,9.07459545520517e-05
linearized,2,changed_hidden,0.01,2.6743505872284246e-05
nearest-neighbor,2,changed_hidden,0.01,0.20601096146510045
persistence,2,changed_hidden,1.0,0.27041436994542134
constant-velocity,2,changed_hidden,1.0,0.46285375237000603
linearized,2,changed_hidden,1.0,0.05084184291330551
nearest-neighbor,2,changed_hidden,1.0,0.3687767543658955
persistence,2,changed_hidden,10.0,0.42349657285833353
constant-velocity,2,changed_hidden,10.0,0.5405390715989538
linearized,2,changed_hidden,10.0,0.07889751201911754
nearest-neighbor,2,changed_hidden,10.0,0.09260591491571213
persistence,2,changed_hidden,60.0,0.5137709733294424
constant-velocity,2,changed_hidden,60.0,2.12885023982449
linearized,2,changed_hidden,60.0,0.11065227649295539
nearest-neighbor,2,changed_hidden,60.0,0.16230396992447016
persistence,2,changed_hidden,0.01,0.01109864615073497
constant-velocity,2,changed_hidden,0.01,0.00010474163031526373
linearized,2,changed_hidden,0.01,0.0005703726544290522
nearest-neighbor,2,changed_hidden,0.01,0.6283307096364963
persistence,2,changed_hidden,1.0,0.6117254019417555
constant-velocity,2,changed_hidden,1.0,0.6979043826721674
linearized,2,changed_hidden,1.0,1.6108538818536418
nearest-neighbor,2,changed_hidden,1.0,0.8434808368291578
persistence,2,changed_hidden,10.0,0.7171781503433878
constant-velocity,2,changed_hidden,10.0,1.2690850131621745
linearized,2,changed_hidden,10.0,0.0943541908929284
nearest-neighbor,2,changed_hidden,10.0,0.25345079929486003
persistence,2,changed_hidden,60.0,0.9836778156239424
constant-velocity,2,changed_hidden,60.0,1.5500680052566445
linearized,2,changed_hidden,60.0,0.10675590806268587
nearest-neighbor,2,changed_hidden,60.0,0.06208586627801216
persistence,2,changed_hidden,0.01,0.00303521601793455
constant-velocity,2,changed_hidden,0.01,8.703234004570071e-05
linearized,2,changed_hidden,0.01,0.00025458424574731353
nearest-neighbor,2,changed_hidden,0.01,0.2577815599280886
persistence,2,changed_hidden,1.0,0.8200054363967269
constant-velocity,2,changed_hidden,1.0,0.7309113144795272
linearized,2,changed_hidden,1.0,0.0870494179461252
nearest-neighbor,2,changed_hidden,1.0,0.3380430347951433
persistence,2,changed_hidden,10.0,0.8322140555999966
constant-velocity,2,changed_hidden,10.0,2.1698259674736304
linearized,2,changed_hidden,10.0,0.031203012053271362
nearest-neighbor,2,changed_hidden,10.0,0.15430022321577286
persistence,2,changed_hidden,60.0,0.45566481279452
constant-velocity,2,changed_hidden,60.0,1.3932028049421241
linearized,2,changed_hidden,60.0,0.05295820653984107
nearest-neighbor,2,changed_hidden,60.0,0.060098508343253254
persistence,2,changed_hidden,0.01,0.004008764799046105
constant-velocity,2,changed_hidden,0.01,5.562871510988998e-05
linearized,2,changed_hidden,0.01,0.00041486473918039835
nearest-neighbor,2,changed_hidden,0.01,0.4016459152440244
persistence,2,changed_hidden,1.0,1.139875123631625
constant-velocity,2,changed_hidden,1.0,0.7445615152380023
linearized,2,changed_hidden,1.0,0.10304314668868075
nearest-neighbor,2,changed_hidden,1.0,0.33858171276279037
persistence,2,changed_hidden,10.0,0.9772654352189947
constant-velocity,2,changed_hidden,10.0,0.42185700893254907
linearized,2,changed_hidden,10.0,0.22972632225939016
nearest-neighbor,2,changed_hidden,10.0,0.2449799320214534
persistence,2,changed_hidden,60.0,0.7013723023373222
constant-velocity,2,changed_hidden,60.0,1.5771531951397622
linearized,2,changed_hidden,60.0,0.12238761655477948
nearest-neighbor,2,changed_hidden,60.0,0.010610712522561183
persistence,2,changed_hidden,0.01,0.00655354899783922
constant-velocity,2,changed_hidden,0.01,8.907699825844162e-05
linearized,2,changed_hidden,0.01,0.0003387190088561809
nearest-neighbor,2,changed_hidden,0.01,0.43333253332740607
persistence,2,changed_hidden,1.0,0.1826095764012179
constant-velocity,2,changed_hidden,1.0,0.49308237398539445
linearized,2,changed_hidden,1.0,1.1663356325323866
nearest-neighbor,2,changed_hidden,1.0,0.6519805586439853
persistence,2,changed_hidden,10.0,0.9408826773650898
constant-velocity,2,changed_hidden,10.0,1.2095416823685425
linearized,2,changed_hidden,10.0,0.3797024748136655
nearest-neighbor,2,changed_hidden,10.0,0.3190827734520578
persistence,2,changed_hidden,60.0,1.0443259160206149
constant-velocity,2,changed_hidden,60.0,2.4334422816118026
linearized,2,changed_hidden,60.0,0.3183185386574321
nearest-neighbor,2,changed_hidden,60.0,0.10401641653440019
persistence,2,changed_hidden,0.01,0.0036546373599144477
constant-velocity,2,changed_hidden,0.01,6.366775134014624e-05
linearized,2,changed_hidden,0.01,0.00041391546541635904
nearest-neighbor,2,changed_hidden,0.01,0.29843072091110345
persistence,2,changed_hidden,1.0,1.1179793877014017
constant-velocity,2,changed_hidden,1.0,0.8135763387416071
linearized,2,changed_hidden,1.0,0.07660925127652596
nearest-neighbor,2,changed_hidden,1.0,0.35850725142909234
persistence,2,changed_hidden,10.0,0.8797721605993826
constant-velocity,2,changed_hidden,10.0,1.2136993534149136
linearized,2,changed_hidden,10.0,0.21030998072911067
nearest-neighbor,2,changed_hidden,10.0,0.3768384315528779
persistence,2,changed_hidden,60.0,0.6992091877841935
constant-velocity,2,changed_hidden,60.0,1.8570104818545183
linearized,2,changed_hidden,60.0,0.027229790722837155
nearest-neighbor,2,changed_hidden,60.0,0.32458357569783125
persistence,2,changed_hidden,0.01,0.003941789209458202
constant-velocity,2,changed_hidden,0.01,7.773040170255818e-05
linearized,2,changed_hidden,0.01,0.0003424093347590418
nearest-neighbor,2,changed_hidden,0.01,0.37518851967445555
persistence,2,changed_hidden,1.0,1.0587389615156872
constant-velocity,2,changed_hidden,1.0,0.6723330807401191
linearized,2,changed_hidden,1.0,0.15296739316899632
nearest-neighbor,2,changed_hidden,1.0,0.2907138063125927
persistence,2,changed_hidden,10.0,0.9392339531360695
constant-velocity,2,changed_hidden,10.0,2.699757118570511
linearized,2,changed_hidden,10.0,0.061862818463384706
nearest-neighbor,2,changed_hidden,10.0,0.2571693304045102
persistence,2,changed_hidden,60.0,0.5592217888040782
constant-velocity,2,changed_hidden,60.0,0.6557699682555516
linearized,2,changed_hidden,60.0,0.046440825787867235
nearest-neighbor,2,changed_hidden,60.0,0.29292137193720125
persistence,2,changed_hidden,0.01,0.0018333642009027429
constant-velocity,2,changed_hidden,0.01,6.73249366109907e-05
linearized,2,changed_hidden,0.01,0.00036583687824864874
nearest-neighbor,2,changed_hidden,0.01,0.33737235226238793
persistence,2,changed_hidden,1.0,0.8878665498112828
constant-velocity,2,changed_hidden,1.0,0.9354609351420295
linearized,2,changed_hidden,1.0,0.0618028034805691
nearest-neighbor,2,changed_hidden,1.0,0.4738579040384625
persistence,2,changed_hidden,10.0,1.2545151948148736
constant-velocity,2,changed_hidden,10.0,0.8728636458644756
linearized,2,changed_hidden,10.0,0.05461124955079044
nearest-neighbor,2,changed_hidden,10.0,0.05673064337853151
persistence,2,changed_hidden,60.0,0.660848875046185
constant-velocity,2,changed_hidden,60.0,0.6500032599456542
linearized,2,changed_hidden,60.0,0.16522117869262032
nearest-neighbor,2,changed_hidden,60.0,0.36296473500868287
persistence,2,changed_hidden,0.01,0.010093988313212288
constant-velocity,2,changed_hidden,0.01,0.0001684016774146091
linearized,2,changed_hidden,0.01,0.00020409873929927436
nearest-neighbor,2,changed_hidden,0.01,0.3403830372364369
persistence,2,changed_hidden,1.0,1.0969720806111656
constant-velocity,2,changed_hidden,1.0,0.8084108818263317
linearized,2,changed_hidden,1.0,0.2160785693844045
nearest-neighbor,2,changed_hidden,1.0,0.42035838961124483
persistence,2,changed_hidden,10.0,0.6241191918080555
constant-velocity,2,changed_hidden,10.0,0.88009985754951
linearized,2,changed_hidden,10.0,0.6405198121703841
nearest-neighbor,2,changed_hidden,10.0,0.4558841689418458
persistence,2,changed_hidden,60.0,0.48797088315961124
constant-velocity,2,changed_hidden,60.0,1.7311110103947556
linearized,2,changed_hidden,60.0,0.2555495415682245
nearest-neighbor,2,changed_hidden,60.0,0.23337576984123465
persistence,2,changed_hidden,0.01,0.0012051718597503314
constant-velocity,2,changed_hidden,0.01,2.1434610429249545e-05
linearized,2,changed_hidden,0.01,3.4807588167318215e-06
nearest-neighbor,2,changed_hidden,0.01,0.022906777171626258
persistence,2,changed_hidden,1.0,0.09836715147486297
constant-velocity,2,changed_hidden,1.0,0.22102779849280974
linearized,2,changed_hidden,1.0,0.009590422291359202
nearest-neighbor,2,changed_hidden,1.0,0.020027013592097465
persistence,2,changed_hidden,10.0,0.9342878103078278
constant-velocity,2,changed_hidden,10.0,2.1608942804872955
linearized,2,changed_hidden,10.0,0.037770069933589
nearest-neighbor,2,changed_hidden,10.0,0.012494733023403759
persistence,2,changed_hidden,60.0,0.5859106734848893
constant-velocity,2,changed_hidden,60.0,1.6623641873821127
linearized,2,changed_hidden,60.0,0.13481974497956228
nearest-neighbor,2,changed_hidden,60.0,0.22184209375889052
persistence,2,changed_hidden,0.01,0.00016939788536163292
constant-velocity,2,changed_hidden,0.01,1.1250845691979094e-05
linearized,2,changed_hidden,0.01,5.144049310956689e-07
nearest-neighbor,2,changed_hidden,0.01,0.16615569762242677
persistence,2,changed_hidden,1.0,0.060068896919746484
constant-velocity,2,changed_hidden,1.0,0.0776850582284272
linearized,2,changed_hidden,1.0,0.00046864143535829683
nearest-neighbor,2,changed_hidden,1.0,0.11631625122032241
persistence,2,changed_hidden,10.0,0.3603467710979342
constant-velocity,2,changed_hidden,10.0,0.5365083841847411
linearized,2,changed_hidden,10.0,0.00104538198563775
nearest-neighbor,2,changed_hidden,10.0,0.15747636858896663
persistence,2,changed_hidden,60.0,0.15885290303753208
constant-velocity,2,changed_hidden,60.0,1.2158225815583732
linearized,2,changed_hidden,60.0,0.005729175310209111
nearest-neighbor,2,changed_hidden,60.0,0.32476227525932266
persistence,2,changed_hidden,0.01,0.01838072746717967
constant-velocity,2,changed_hidden,0.01,0.00048749623003718767
linearized,2,changed_hidden,0.01,0.00027414232515043935
nearest-neighbor,2,changed_hidden,0.01,0.5988580396637189
persistence,2,changed_hidden,1.0,0.8005669759351202
constant-velocity,2,changed_hidden,1.0,2.116822971362261
linearized,2,changed_hidden,1.0,0.44542255813768783
nearest-neighbor,2,changed_hidden,1.0,0.671679187579163
persistence,2,changed_hidden,10.0,0.8648908600557217
constant-velocity,2,changed_hidden,10.0,2.9490844174182733
linearized,2,changed_hidden,10.0,0.26201927356522603
nearest-neighbor,2,changed_hidden,10.0,0.16111480535906075
persistence,2,changed_hidden,60.0,0.22918298809573523
constant-velocity,2,changed_hidden,60.0,0.3411896421650198
linearized,2,changed_hidden,60.0,0.19466911445826418
nearest-neighbor,2,changed_hidden,60.0,0.24859962296035065
persistence,2,changed_hidden,0.01,0.0005706657755204514
constant-velocity,2,changed_hidden,0.01,1.2315644340121779e-05
linearized,2,changed_hidden,0.01,5.551254265157013e-07
nearest-neighbor,2,changed_hidden,0.01,0.03823421788045822
persistence,2,changed_hidden,1.0,0.15867593851865625
constant-velocity,2,changed_hidden,1.0,0.10284092540061884
linearized,2,changed_hidden,1.0,0.0013788150731075532
nearest-neighbor,2,changed_hidden,1.0,0.014304086229290025
persistence,2,changed_hidden,10.0,0.569814959276411
constant-velocity,2,changed_hidden,10.0,0.42422673582505666
linearized,2,changed_hidden,10.0,0.0007386794672132879
nearest-neighbor,2,changed_hidden,10.0,0.09334796262790523
persistence,2,changed_hidden,60.0,0.2267639604636631
constant-velocity,2,changed_hidden,60.0,0.8454343211078617
linearized,2,changed_hidden,60.0,0.018519543368859637
nearest-neighbor,2,changed_hidden,60.0,0.17239408993064242
persistence,3,normal,0.01,0.01300781280739649
constant-velocity,3,normal,0.01,0.00016418205679347153
linearized,3,normal,0.01,0.006305017899053134
nearest-neighbor,3,normal,0.01,0.6283936763361405
persistence,3,normal,1.0,0.46524265398622006
constant-velocity,3,normal,1.0,0.831874594631996
linearized,3,normal,1.0,1.0272443174692263
nearest-neighbor,3,normal,1.0,2.0404608668052133
persistence,3,normal,10.0,1.727023109533594
constant-velocity,3,normal,10.0,1.3392469272490486
linearized,3,normal,10.0,1.6791495666384808
nearest-neighbor,3,normal,10.0,1.0428088163858251
persistence,3,normal,60.0,1.7022363627050006
constant-velocity,3,normal,60.0,0.6626234573086194
linearized,3,normal,60.0,1.5242477968591939
nearest-neighbor,3,normal,60.0,1.2785153064111174
persistence,3,normal,0.01,0.031968670861275715
constant-velocity,3,normal,0.01,0.0006856661262624186
linearized,3,normal,0.01,0.00033483768108100165
nearest-neighbor,3,normal,0.01,0.9112777735983002
persistence,3,normal,1.0,0.9853512496098316
constant-velocity,3,normal,1.0,2.0496403107800805
linearized,3,normal,1.0,0.1385438625204983
nearest-neighbor,3,normal,1.0,0.5788597526425238
persistence,3,normal,10.0,0.7684230011046025
constant-velocity,3,normal,10.0,0.9709302136991257
linearized,3,normal,10.0,0.21993151831901736
nearest-neighbor,3,normal,10.0,1.040186764396744
persistence,3,normal,60.0,0.7343380544259192
constant-velocity,3,normal,60.0,0.8127231118507332
linearized,3,normal,60.0,0.589847317535941
nearest-neighbor,3,normal,60.0,1.7946772583430748
persistence,3,normal,0.01,0.03604479228990165
constant-velocity,3,normal,0.01,0.0008404532216396513
linearized,3,normal,0.01,0.0003089023361906307
nearest-neighbor,3,normal,0.01,0.5625369501239822
persistence,3,normal,1.0,1.3449022342214725
constant-velocity,3,normal,1.0,0.9682505932897634
linearized,3,normal,1.0,0.15361383599850478
nearest-neighbor,3,normal,1.0,0.5786916321927505
persistence,3,normal,10.0,0.4675410328503138
constant-velocity,3,normal,10.0,1.2434814192748849
linearized,3,normal,10.0,1.2573583685482097
nearest-neighbor,3,normal,10.0,1.5899138966327566
persistence,3,normal,60.0,1.8229255977931622
constant-velocity,3,normal,60.0,1.3221657222932954
linearized,3,normal,60.0,1.1649767356229515
nearest-neighbor,3,normal,60.0,1.2488541838547234
persistence,3,normal,0.01,0.03699175819524303
constant-velocity,3,normal,0.01,0.000847492705584744
linearized,3,normal,0.01,0.01288695692435926
nearest-neighbor,3,normal,0.01,0.35324542262668324
persistence,3,normal,1.0,0.9701290545280618
constant-velocity,3,normal,1.0,1.6324437008596597
linearized,3,normal,1.0,1.3466981954545574
nearest-neighbor,3,normal,1.0,1.3860384648119435
persistence,3,normal,10.0,1.0635040800879347
constant-velocity,3,normal,10.0,1.659781035655487
linearized,3,normal,10.0,2.267569159154681
nearest-neighbor,3,normal,10.0,1.3977595292476768
persistence,3,normal,60.0,0.43662815887722434
constant-velocity,3,normal,60.0,1.7342282581811628
linearized,3,normal,60.0,2.0216050233652023
nearest-neighbor,3,normal,60.0,0.6312927651218517
persistence,3,normal,0.01,0.0341849478942596
constant-velocity,3,normal,0.01,0.0012914382954483845
linearized,3,normal,0.01,0.0008626654442525824
nearest-neighbor,3,normal,0.01,0.8096693204463047
persistence,3,normal,1.0,0.7119471846976294
constant-velocity,3,normal,1.0,1.5072795412485942
linearized,3,normal,1.0,1.3591456146757095
nearest-neighbor,3,normal,1.0,0.4502515766402941
persistence,3,normal,10.0,0.6394614702925714
constant-velocity,3,normal,10.0,1.0778209368629792
linearized,3,normal,10.0,0.6062174645050447
nearest-neighbor,3,normal,10.0,0.8924010498860389
persistence,3,normal,60.0,0.5472279213761483
constant-velocity,3,normal,60.0,2.534139689959678
linearized,3,normal,60.0,1.2996043580265877
nearest-neighbor,3,normal,60.0,0.60147445664443
persistence,3,normal,0.01,0.025939701416620792
constant-velocity,3,normal,0.01,0.00033742332621929566
linearized,3,normal,0.01,0.0001190030492610461
nearest-neighbor,3,normal,0.01,1.1423052952234707
persistence,3,normal,1.0,1.4323882534529364
constant-velocity,3,normal,1.0,0.7539302511167213
linearized,3,normal,1.0,0.12577816456228655
nearest-neighbor,3,normal,1.0,1.4223374110906153
persistence,3,normal,10.0,0.507011723474495
constant-velocity,3,normal,10.0,1.60763669889717
linearized,3,normal,10.0,0.3231246759828437
nearest-neighbor,3,normal,10.0,1.0777205132281564
persistence,3,normal,60.0,0.8306160557972161
constant-velocity,3,normal,60.0,2.4512803631255182
linearized,3,normal,60.0,1.3198939360216342
nearest-neighbor,3,normal,60.0,1.2684723677030136
persistence,3,normal,0.01,0.034970027647743596
constant-velocity,3,normal,0.01,0.0008787354309675403
linearized,3,normal,0.01,0.013320133258975778
nearest-neighbor,3,normal,0.01,0.9724851835075903
persistence,3,normal,1.0,1.6066670502651696
constant-velocity,3,normal,1.0,2.364794045794506
linearized,3,normal,1.0,2.213154023904026
nearest-neighbor,3,normal,1.0,1.2427543056911805
persistence,3,normal,10.0,0.23404813431201532
constant-velocity,3,normal,10.0,0.4976009408461728
linearized,3,normal,10.0,1.5194466146830692
nearest-neighbor,3,normal,10.0,2.262611659674852
persistence,3,normal,60.0,1.9976897101612312
constant-velocity,3,normal,60.0,1.2644691282950598
linearized,3,normal,60.0,0.4304172618072985
nearest-neighbor,3,normal,60.0,1.4511951936672214
persistence,3,normal,0.01,0.016097859699902777
constant-velocity,3,normal,0.01,0.0002751885197381417
linearized,3,normal,0.01,0.0007388266218981698
nearest-neighbor,3,normal,0.01,1.391902008470585
persistence,3,normal,1.0,1.7822711861011775
constant-velocity,3,normal,1.0,0.9796094602443765
linearized,3,normal,1.0,1.3167692599102925
nearest-neighbor,3,normal,1.0,0.44988379587039323
persistence,3,normal,10.0,0.20490223375958058
constant-velocity,3,normal,10.0,1.7967898273417948
linearized,3,normal,10.0,1.2756537814739624
nearest-neighbor,3,normal,10.0,1.3181239084312695
persistence,3,normal,60.0,0.7438110301318033
constant-velocity,3,normal,60.0,1.641133149108769
linearized,3,normal,60.0,1.0081943969176679
nearest-neighbor,3,normal,60.0,2.2362733816990232
persistence,3,normal,0.01,0.03131022795984769
constant-velocity,3,normal,0.01,0.0007992083946635198
linearized,3,normal,0.01,0.0007283182349257326
nearest-neighbor,3,normal,0.01,0.3865150627441383
persistence,3,normal,1.0,1.2719015868217676
constant-velocity,3,normal,1.0,1.7960531119381156
linearized,3,normal,1.0,0.9212716131283973
nearest-neighbor,3,normal,1.0,1.3614362003720437
persistence,3,normal,10.0,0.3378120280444943
constant-velocity,3,normal,10.0,1.8355556351443383
linearized,3,normal,10.0,1.0607912478438248
nearest-neighbor,3,normal,10.0,0.35946491959079685
persistence,3,normal,60.0,1.2240646516816798
constant-velocity,3,normal,60.0,1.4962780673002278
linearized,3,normal,60.0,1.2613562063976536
nearest-neighbor,3,normal,60.0,0.8549646443139182
persistence,3,normal,0.01,0.01640863741722483
constant-velocity,3,normal,0.01,0.0003916424322606045
linearized,3,normal,0.01,0.0015256763291221869
nearest-neighbor,3,normal,0.01,0.3113937933778006
persistence,3,normal,1.0,1.238675324390861
constant-velocity,3,normal,1.0,1.3424476293341492
linearized,3,normal,1.0,1.1763387534511864
nearest-neighbor,3,normal,1.0,1.4483702449296667
persistence,3,normal,10.0,1.0517804996835929
constant-velocity,3,normal,10.0,1.5621578607914752
linearized,3,normal,10.0,1.804874534351156
nearest-neighbor,3,normal,10.0,2.12524133874044
persistence,3,normal,60.0,1.3803801275685654
constant-velocity,3,normal,60.0,1.6463431258805556
linearized,3,normal,60.0,1.4682978578362018
nearest-neighbor,3,normal,60.0,0.9681829072644312
persistence,3,normal,0.01,0.017286027816980187
constant-velocity,3,normal,0.01,0.0005375373915958251
linearized,3,normal,0.01,0.0004299266105691757
nearest-neighbor,3,normal,0.01,0.7423943861547464
persistence,3,normal,1.0,1.1578687696647216
constant-velocity,3,normal,1.0,2.4403939559880867
linearized,3,normal,1.0,0.9755656446355186
nearest-neighbor,3,normal,1.0,1.4229387168036325
persistence,3,normal,10.0,0.6882394156854929
constant-velocity,3,normal,10.0,2.236608681846939
linearized,3,normal,10.0,0.7762155551000975
nearest-neighbor,3,normal,10.0,1.244163857320166
persistence,3,normal,60.0,1.1873773464720896
constant-velocity,3,normal,60.0,0.9991247897500498
linearized,3,normal,60.0,0.9292362203818638
nearest-neighbor,3,normal,60.0,1.2670990288097828
persistence,3,normal,0.01,0.045090284526011715
constant-velocity,3,normal,0.01,0.0003097943255988926
linearized,3,normal,0.01,0.0010097565680841452
nearest-neighbor,3,normal,0.01,0.38914059637767445
persistence,3,normal,1.0,1.7096149798174485
constant-velocity,3,normal,1.0,1.5095339785514659
linearized,3,normal,1.0,1.409475529502276
nearest-neighbor,3,normal,1.0,2.058895634453879
persistence,3,normal,10.0,1.3814826673750258
constant-velocity,3,normal,10.0,1.4988018744994978
linearized,3,normal,10.0,0.9176358213501979
nearest-neighbor,3,normal,10.0,1.747296484968732
persistence,3,normal,60.0,1.0079076671232825
constant-velocity,3,normal,60.0,1.3361475964679397
linearized,3,normal,60.0,0.662283124837301
nearest-neighbor,3,normal,60.0,1.1201097386405066
persistence,3,normal,0.01,0.01369652829872218
constant-velocity,3,normal,0.01,0.0001827153336148394
linearized,3,normal,0.01,0.0031142713735243057
nearest-neighbor,3,normal,0.01,1.0423739327301151
persistence,3,normal,1.0,2.0082713086112958
constant-velocity,3,normal,1.0,1.709939917486486
linearized,3,normal,1.0,2.386246304375075
nearest-neighbor,3,normal,1.0,0.9196959880713415
persistence,3,normal,10.0,1.326684103412396
constant-velocity,3,normal,10.0,2.4975548752647643
linearized,3,normal,10.0,2.0615439570261436
nearest-neighbor,3,normal,10.0,1.2046241788136667
persistence,3,normal,60.0,2.625701194236202
constant-velocity,3,normal,60.0,1.7591393233673323
linearized,3,normal,60.0,1.5681155372417113
nearest-neighbor,3,normal,60.0,2.471210929022575
persistence,3,normal,0.01,0.039971311957558577
constant-velocity,3,normal,0.01,0.0007992089647697043
linearized,3,normal,0.01,0.013664155495148952
nearest-neighbor,3,normal,0.01,0.5795706898320961
persistence,3,normal,1.0,0.7728604101232192
constant-velocity,3,normal,1.0,1.9669693098328924
linearized,3,normal,1.0,1.4000030247762407
nearest-neighbor,3,normal,1.0,1.274514957732329
persistence,3,normal,10.0,1.9291639390534148
constant-velocity,3,normal,10.0,1.9355580406845856
linearized,3,normal,10.0,1.9664103913143236
nearest-neighbor,3,normal,10.0,1.9368694212954285
persistence,3,normal,60.0,1.9097535260491565
constant-velocity,3,normal,60.0,1.1476256159675664
linearized,3,normal,60.0,1.6836585481024653
nearest-neighbor,3,normal,60.0,2.0060593975726118
persistence,3,normal,0.01,0.014972698825871156
constant-velocity,3,normal,0.01,0.00023238224908321095
linearized,3,normal,0.01,0.010168510938821354
nearest-neighbor,3,normal,0.01,0.5581295017114632
persistence,3,normal,1.0,1.8440155038981683
constant-velocity,3,normal,1.0,1.2975684444936926
linearized,3,normal,1.0,1.6413609354861203
nearest-neighbor,3,normal,1.0,0.4648444029900813
persistence,3,normal,10.0,1.5201269207776187
constant-velocity,3,normal,10.0,1.4401036660780386
linearized,3,normal,10.0,2.2671521595397532
nearest-neighbor,3,normal,10.0,0.8146324794621905
persistence,3,normal,60.0,1.8313338914760138
constant-velocity,3,normal,60.0,1.1696800319352623
linearized,3,normal,60.0,2.6682267026317397
nearest-neighbor,3,normal,60.0,1.2811935294957202
persistence,3,normal,0.01,0.038260143098816236
constant-velocity,3,normal,0.01,0.0010169492534319129
linearized,3,normal,0.01,0.014203723132329019
nearest-neighbor,3,normal,0.01,0.5777946394952215
persistence,3,normal,1.0,1.381673638048994
constant-velocity,3,normal,1.0,0.6168414645121478
linearized,3,normal,1.0,1.580613863958547
nearest-neighbor,3,normal,1.0,1.4560993968931086
persistence,3,normal,10.0,1.8046893473969685
constant-velocity,3,normal,10.0,1.6548421831850983
linearized,3,normal,10.0,2.0035600349649005
nearest-neighbor,3,normal,10.0,1.8602458412988738
persistence,3,normal,60.0,1.311843683874173
constant-velocity,3,normal,60.0,2.7665586513048126
linearized,3,normal,60.0,2.35855797300144
nearest-neighbor,3,normal,60.0,2.251177454045132
persistence,3,normal,0.01,0.06609312536389655
constant-velocity,3,normal,0.01,0.0007428565832735915
linearized,3,normal,0.01,0.0073988734377167615
nearest-neighbor,3,normal,0.01,0.7572351030914647
persistence,3,normal,1.0,1.190859553292018
constant-velocity,3,normal,1.0,2.8013567143721367
linearized,3,normal,1.0,2.349268871528596
nearest-neighbor,3,normal,1.0,0.8460539849218384
persistence,3,normal,10.0,1.0495952692792596
constant-velocity,3,normal,10.0,0.9423943195705355
linearized,3,normal,10.0,1.483627020015687
nearest-neighbor,3,normal,10.0,1.8334191243630364
persistence,3,normal,60.0,1.0040453936147837
constant-velocity,3,normal,60.0,1.549920647940213
linearized,3,normal,60.0,1.1240750945094138
nearest-neighbor,3,normal,60.0,0.6252141138695073
persistence,3,normal,0.01,0.031313247194563555
constant-velocity,3,normal,0.01,0.0005270424234692742
linearized,3,normal,0.01,0.00437111057720907
nearest-neighbor,3,normal,0.01,0.40539541731253487
persistence,3,normal,1.0,1.2121556982222603
constant-velocity,3,normal,1.0,2.2603760739508902
linearized,3,normal,1.0,0.5955721815032006
nearest-neighbor,3,normal,1.0,1.5823462980505838
persistence,3,normal,10.0,1.3274614909818678
constant-velocity,3,normal,10.0,1.2228586270763813
linearized,3,normal,10.0,1.8919854625734687
nearest-neighbor,3,normal,10.0,1.960434551941941
persistence,3,normal,60.0,1.4080548762546474
constant-velocity,3,normal,60.0,1.4718640112303625
linearized,3,normal,60.0,2.0826112000310837
nearest-neighbor,3,normal,60.0,1.4112851235333181
persistence,3,normal,0.01,0.020268634573963478
constant-velocity,3,normal,0.01,0.0005438529051602359
linearized,3,normal,0.01,0.00011948846679654679
nearest-neighbor,3,normal,0.01,0.9833762992324848
persistence,3,normal,1.0,0.8405365037977605
constant-velocity,3,normal,1.0,1.1588608648424084
linearized,3,normal,1.0,0.660755533396798
nearest-neighbor,3,normal,1.0,0.7942367574138798
persistence,3,normal,10.0,0.536216337575211
constant-velocity,3,normal,10.0,1.1053618766659188
linearized,3,normal,10.0,0.5700203109515662
nearest-neighbor,3,normal,10.0,0.5576620837204368
persistence,3,normal,60.0,0.7482901836667902
constant-velocity,3,normal,60.0,0.3495347175196943
linearized,3,normal,60.0,0.7755547524403482
nearest-neighbor,3,normal,60.0,0.40523618680416335
persistence,3,normal,0.01,0.036206225738435904
constant-velocity,3,normal,0.01,0.0016761284069310989
linearized,3,normal,0.01,0.0008536297577433535
nearest-neighbor,3,normal,0.01,0.6794423849888901
persistence,3,normal,1.0,0.9592805249943273
constant-velocity,3,normal,1.0,1.79806213136503
linearized,3,normal,1.0,0.2767388610934809
nearest-neighbor,3,normal,1.0,1.283697344283442
persistence,3,normal,10.0,0.7448189077575286
constant-velocity,3,normal,10.0,1.4821824114251096
linearized,3,normal,10.0,0.9949077258552839
nearest-neighbor,3,normal,10.0,1.0943457724152332
persistence,3,normal,60.0,0.8650868241307355
constant-velocity,3,normal,60.0,2.075766432683924
linearized,3,normal,60.0,0.2599720793696861
nearest-neighbor,3,normal,60.0,0.9121112335995273
persistence,3,changed_disclosed,0.01,0.004297843770216581
constant-velocity,3,changed_disclosed,0.01,0.00011781537133496538
linearized,3,changed_disclosed,0.01,0.003684524422998159
nearest-neighbor,3,changed_disclosed,0.01,0.46841584058909014
persistence,3,changed_disclosed,1.0,0.8852888673862879
constant-velocity,3,changed_disclosed,1.0,0.9082930248402792
linearized,3,changed_disclosed,1.0,2.149411269498277
nearest-neighbor,3,changed_disclosed,1.0,0.1790809054508656
persistence,3,changed_disclosed,10.0,0.47636547117499556
constant-velocity,3,changed_disclosed,10.0,0.837227593231941
linearized,3,changed_disclosed,10.0,1.071270757382815
nearest-neighbor,3,changed_disclosed,10.0,0.6324060056113338
persistence,3,changed_disclosed,60.0,0.9007828098222393
constant-velocity,3,changed_disclosed,60.0,1.5222269853719412
linearized,3,changed_disclosed,60.0,1.0401541601615694
nearest-neighbor,3,changed_disclosed,60.0,0.2907532620145341
persistence,3,changed_disclosed,0.01,0.011192917799670354
constant-velocity,3,changed_disclosed,0.01,0.0001993323677966785
linearized,3,changed_disclosed,0.01,0.006016615040628892
nearest-neighbor,3,changed_disclosed,0.01,0.9294448131190608
persistence,3,changed_disclosed,1.0,0.5381322950992945
constant-velocity,3,changed_disclosed,1.0,1.2702919985458305
linearized,3,changed_disclosed,1.0,1.7917944914494726
nearest-neighbor,3,changed_disclosed,1.0,1.1731974322226613
persistence,3,changed_disclosed,10.0,2.2700354686026403
constant-velocity,3,changed_disclosed,10.0,2.521879880940252
linearized,3,changed_disclosed,10.0,1.2791526463298
nearest-neighbor,3,changed_disclosed,10.0,1.171172773389806
persistence,3,changed_disclosed,60.0,2.2895703312511606
constant-velocity,3,changed_disclosed,60.0,1.5877803772561023
linearized,3,changed_disclosed,60.0,1.7816107275200739
nearest-neighbor,3,changed_disclosed,60.0,1.1450512223287888
persistence,3,changed_disclosed,0.01,0.02324772429354797
constant-velocity,3,changed_disclosed,0.01,0.00042363710595635
linearized,3,changed_disclosed,0.01,0.0029354217944386938
nearest-neighbor,3,changed_disclosed,0.01,0.08050297225589749
persistence,3,changed_disclosed,1.0,1.5542032936932868
constant-velocity,3,changed_disclosed,1.0,1.2826516386731663
linearized,3,changed_disclosed,1.0,1.3858699016528953
nearest-neighbor,3,changed_disclosed,1.0,0.8213742224143695
persistence,3,changed_disclosed,10.0,1.7962190684044785
constant-velocity,3,changed_disclosed,10.0,1.2644893996328814
linearized,3,changed_disclosed,10.0,1.6999282143409988
nearest-neighbor,3,changed_disclosed,10.0,1.6752101047307395
persistence,3,changed_disclosed,60.0,0.7479595000283261
constant-velocity,3,changed_disclosed,60.0,1.2749352851524651
linearized,3,changed_disclosed,60.0,1.4126845611390693
nearest-neighbor,3,changed_disclosed,60.0,0.6822081969169295
persistence,3,changed_disclosed,0.01,0.02378522717664744
constant-velocity,3,changed_disclosed,0.01,0.00060310026614759
linearized,3,changed_disclosed,0.01,0.0031063908192985323
nearest-neighbor,3,changed_disclosed,0.01,0.7757629198427948
persistence,3,changed_disclosed,1.0,1.376917438495269
constant-velocity,3,changed_disclosed,1.0,1.5018423168496486
linearized,3,changed_disclosed,1.0,1.637923885373547
nearest-neighbor,3,changed_disclosed,1.0,1.2715164162211536
persistence,3,changed_disclosed,10.0,2.3760047622265197
constant-velocity,3,changed_disclosed,10.0,0.6987240248141546
linearized,3,changed_disclosed,10.0,0.7175971715220797
nearest-neighbor,3,changed_disclosed,10.0,1.2165408206618575
persistence,3,changed_disclosed,60.0,1.5010950797486913
constant-velocity,3,changed_disclosed,60.0,2.343823410650433
linearized,3,changed_disclosed,60.0,0.8547909702502435
nearest-neighbor,3,changed_disclosed,60.0,0.4186937108337035
persistence,3,changed_disclosed,0.01,0.014906191264132396
constant-velocity,3,changed_disclosed,0.01,0.00017375248312578861
linearized,3,changed_disclosed,0.01,0.0032698091825517452
nearest-neighbor,3,changed_disclosed,0.01,0.41861318478557646
persistence,3,changed_disclosed,1.0,1.1707357583526974
constant-velocity,3,changed_disclosed,1.0,0.9115112434834926
linearized,3,changed_disclosed,1.0,0.9712746896858985
nearest-neighbor,3,changed_disclosed,1.0,0.2950853339398242
persistence,3,changed_disclosed,10.0,1.219815915054507
constant-velocity,3,changed_disclosed,10.0,2.1728859720989706
linearized,3,changed_disclosed,10.0,1.2746560491110097
nearest-neighbor,3,changed_disclosed,10.0,0.9631675119949478
persistence,3,changed_disclosed,60.0,0.8941147747214614
constant-velocity,3,changed_disclosed,60.0,0.47139429425141444
linearized,3,changed_disclosed,60.0,1.0396709549875072
nearest-neighbor,3,changed_disclosed,60.0,0.3664302344005404
persistence,3,changed_disclosed,0.01,0.030852955807248783
constant-velocity,3,changed_disclosed,0.01,0.0003811789897358864
linearized,3,changed_disclosed,0.01,0.002322546058151372
nearest-neighbor,3,changed_disclosed,0.01,1.0705970581410222
persistence,3,changed_disclosed,1.0,1.5605647875177882
constant-velocity,3,changed_disclosed,1.0,1.0746153122176834
linearized,3,changed_disclosed,1.0,1.2559506500833464
nearest-neighbor,3,changed_disclosed,1.0,1.1646970677968993
persistence,3,changed_disclosed,10.0,1.73621927943182
constant-velocity,3,changed_disclosed,10.0,2.227076591560467
linearized,3,changed_disclosed,10.0,1.4506455138603371
nearest-neighbor,3,changed_disclosed,10.0,0.49375394388549704
persistence,3,changed_disclosed,60.0,1.1642521935877708
constant-velocity,3,changed_disclosed,60.0,0.28973662680047
linearized,3,changed_disclosed,60.0,1.484476429762226
nearest-neighbor,3,changed_disclosed,60.0,0.6771382977378878
persistence,3,changed_disclosed,0.01,0.02022182179148831
constant-velocity,3,changed_disclosed,0.01,0.00011862118489040323
linearized,3,changed_disclosed,0.01,0.0025902570897162747
nearest-neighbor,3,changed_disclosed,0.01,0.39102380425642796
persistence,3,changed_disclosed,1.0,1.5817088058109647
constant-velocity,3,changed_disclosed,1.0,1.2432548333276008
linearized,3,changed_disclosed,1.0,1.4773230308541667
nearest-neighbor,3,changed_disclosed,1.0,0.9240078271569613
persistence,3,changed_disclosed,10.0,0.7753749164350241
constant-velocity,3,changed_disclosed,10.0,2.0832032198776393
linearized,3,changed_disclosed,10.0,0.487918096962552
nearest-neighbor,3,changed_disclosed,10.0,0.7871774951330544
persistence,3,changed_disclosed,60.0,0.8974816517123693
constant-velocity,3,changed_disclosed,60.0,2.047464726854711
linearized,3,changed_disclosed,60.0,0.41785656755572714
nearest-neighbor,3,changed_disclosed,60.0,0.287802408980943
persistence,3,changed_disclosed,0.01,0.014680895727268753
constant-velocity,3,changed_disclosed,0.01,0.00018200281852613168
linearized,3,changed_disclosed,0.01,0.008830384868149762
nearest-neighbor,3,changed_disclosed,0.01,1.0158317321662638
persistence,3,changed_disclosed,1.0,1.2137339577967672
constant-velocity,3,changed_disclosed,1.0,0.2862400885219423
linearized,3,changed_disclosed,1.0,0.8004695473665709
nearest-neighbor,3,changed_disclosed,1.0,0.8309724924799511
persistence,3,changed_disclosed,10.0,1.2168894831127037
constant-velocity,3,changed_disclosed,10.0,1.5467168875220227
linearized,3,changed_disclosed,10.0,1.4322925156319615
nearest-neighbor,3,changed_disclosed,10.0,0.6247313093510379
persistence,3,changed_disclosed,60.0,1.2651871523416045
constant-velocity,3,changed_disclosed,60.0,1.6749596610164161
linearized,3,changed_disclosed,60.0,1.8584851359457357
nearest-neighbor,3,changed_disclosed,60.0,0.06657955464070635
persistence,3,changed_disclosed,0.01,0.01848094223327686
constant-velocity,3,changed_disclosed,0.01,0.00020780401108770144
linearized,3,changed_disclosed,0.01,0.004245533686225193
nearest-neighbor,3,changed_disclosed,0.01,0.5506291880572148
persistence,3,changed_disclosed,1.0,1.266505473332873
constant-velocity,3,changed_disclosed,1.0,1.673530080698514
linearized,3,changed_disclosed,1.0,1.4639392857934712
nearest-neighbor,3,changed_disclosed,1.0,0.07194516827992858
persistence,3,changed_disclosed,10.0,0.9288160335325579
constant-velocity,3,changed_disclosed,10.0,1.7076762942062542
linearized,3,changed_disclosed,10.0,2.0850711707174354
nearest-neighbor,3,changed_disclosed,10.0,0.8942356303138949
persistence,3,changed_disclosed,60.0,0.760407056735993
constant-velocity,3,changed_disclosed,60.0,1.7994580583780138
linearized,3,changed_disclosed,60.0,1.39756813560004
nearest-neighbor,3,changed_disclosed,60.0,0.11894464101506719
persistence,3,changed_disclosed,0.01,0.01965810575185767
constant-velocity,3,changed_disclosed,0.01,0.00037466384313189494
linearized,3,changed_disclosed,0.01,0.005820942708262944
nearest-neighbor,3,changed_disclosed,0.01,0.4572594166133482
persistence,3,changed_disclosed,1.0,0.7808672675165135
constant-velocity,3,changed_disclosed,1.0,0.8861057831159843
linearized,3,changed_disclosed,1.0,2.43629326304805
nearest-neighbor,3,changed_disclosed,1.0,0.38823952416732926
persistence,3,changed_disclosed,10.0,1.4341391703041737
constant-velocity,3,changed_disclosed,10.0,1.6458512725837828
linearized,3,changed_disclosed,10.0,1.7516589322923537
nearest-neighbor,3,changed_disclosed,10.0,1.168723175687703
persistence,3,changed_disclosed,60.0,0.9185550401074867
constant-velocity,3,changed_disclosed,60.0,1.4446361042327165
linearized,3,changed_disclosed,60.0,1.7821632098094646
nearest-neighbor,3,changed_disclosed,60.0,0.39613399514198794
persistence,3,changed_disclosed,0.01,0.028478041604522275
constant-velocity,3,changed_disclosed,0.01,0.0004975543061277085
linearized,3,changed_disclosed,0.01,0.006623890474517058
nearest-neighbor,3,changed_disclosed,0.01,0.18094567847959864
persistence,3,changed_disclosed,1.0,1.1955177916555695
constant-velocity,3,changed_disclosed,1.0,1.0031496421149075
linearized,3,changed_disclosed,1.0,1.3533597276513507
nearest-neighbor,3,changed_disclosed,1.0,1.3924131918670708
persistence,3,changed_disclosed,10.0,0.5466118571029264
constant-velocity,3,changed_disclosed,10.0,2.6046958826204456
linearized,3,changed_disclosed,10.0,1.082091112042072
nearest-neighbor,3,changed_disclosed,10.0,0.7623755675674393
persistence,3,changed_disclosed,60.0,0.75279232905101
constant-velocity,3,changed_disclosed,60.0,0.6004279225066741
linearized,3,changed_disclosed,60.0,0.42810692709659204
nearest-neighbor,3,changed_disclosed,60.0,0.05453772746116522
persistence,3,changed_disclosed,0.01,0.026162042809111608
constant-velocity,3,changed_disclosed,0.01,0.0008273249659117946
linearized,3,changed_disclosed,0.01,0.0003858224485357257
nearest-neighbor,3,changed_disclosed,0.01,0.3288473458532695
persistence,3,changed_disclosed,1.0,1.1404903149537569
constant-velocity,3,changed_disclosed,1.0,1.4986709741308346
linearized,3,changed_disclosed,1.0,1.255472224077675
nearest-neighbor,3,changed_disclosed,1.0,0.8024382794529131
persistence,3,changed_disclosed,10.0,0.2996750753133483
constant-velocity,3,changed_disclosed,10.0,1.1780693836298397
linearized,3,changed_disclosed,10.0,0.5884014413849988
nearest-neighbor,3,changed_disclosed,10.0,0.26112346032258565
persistence,3,changed_disclosed,60.0,0.3484526437492999
constant-velocity,3,changed_disclosed,60.0,1.1629764342142568
linearized,3,changed_disclosed,60.0,0.1316543719047457
nearest-neighbor,3,changed_disclosed,60.0,0.14117900731873986
persistence,3,changed_disclosed,0.01,0.016997665060640117
constant-velocity,3,changed_disclosed,0.01,0.0001690284326887337
linearized,3,changed_disclosed,0.01,0.005147904936770272
nearest-neighbor,3,changed_disclosed,0.01,0.283656480094819
persistence,3,changed_disclosed,1.0,1.6067685466703663
constant-velocity,3,changed_disclosed,1.0,0.43272827846084444
linearized,3,changed_disclosed,1.0,1.4600647129102307
nearest-neighbor,3,changed_disclosed,1.0,1.055049457661932
persistence,3,changed_disclosed,10.0,1.269160988615586
constant-velocity,3,changed_disclosed,10.0,2.093661283906846
linearized,3,changed_disclosed,10.0,1.2433609130744279
nearest-neighbor,3,changed_disclosed,10.0,0.4644746060939558
persistence,3,changed_disclosed,60.0,0.7519226025471685
constant-velocity,3,changed_disclosed,60.0,2.2219257904862637
linearized,3,changed_disclosed,60.0,1.3088314769146352
nearest-neighbor,3,changed_disclosed,60.0,0.17043016826246773
persistence,3,changed_disclosed,0.01,0.0028921040839876198
constant-velocity,3,changed_disclosed,0.01,0.00010169666433634816
linearized,3,changed_disclosed,0.01,0.00883907090978342
nearest-neighbor,3,changed_disclosed,0.01,0.6432391752652783
persistence,3,changed_disclosed,1.0,1.0012607417241584
constant-velocity,3,changed_disclosed,1.0,1.2745498762057381
linearized,3,changed_disclosed,1.0,0.7283160294412346
nearest-neighbor,3,changed_disclosed,1.0,0.9708757195925847
persistence,3,changed_disclosed,10.0,0.9260790731712855
constant-velocity,3,changed_disclosed,10.0,1.133767510291013
linearized,3,changed_disclosed,10.0,1.1222882605656899
nearest-neighbor,3,changed_disclosed,10.0,0.6127579849674114
persistence,3,changed_disclosed,60.0,1.3825485237218949
constant-velocity,3,changed_disclosed,60.0,1.5108481490228673
linearized,3,changed_disclosed,60.0,0.6558608663282032
nearest-neighbor,3,changed_disclosed,60.0,0.33939757873295057
persistence,3,changed_disclosed,0.01,0.021813188093876928
constant-velocity,3,changed_disclosed,0.01,0.0003966139128883661
linearized,3,changed_disclosed,0.01,0.010338188281332705
nearest-neighbor,3,changed_disclosed,0.01,0.8754124945564009
persistence,3,changed_disclosed,1.0,1.319983491032711
constant-velocity,3,changed_disclosed,1.0,1.2671940138752997
linearized,3,changed_disclosed,1.0,1.6615656058873134
nearest-neighbor,3,changed_disclosed,1.0,0.8878200164162072
persistence,3,changed_disclosed,10.0,1.3027541546457353
constant-velocity,3,changed_disclosed,10.0,1.8131545241826774
linearized,3,changed_disclosed,10.0,1.2220070330271884
nearest-neighbor,3,changed_disclosed,10.0,0.38972509555329155
persistence,3,changed_disclosed,60.0,0.838815610003473
constant-velocity,3,changed_disclosed,60.0,2.1205316051189045
linearized,3,changed_disclosed,60.0,0.10142946865729814
nearest-neighbor,3,changed_disclosed,60.0,0.16181793376420783
persistence,3,changed_disclosed,0.01,0.011955961598275463
constant-velocity,3,changed_disclosed,0.01,0.00043132634176664314
linearized,3,changed_disclosed,0.01,0.00022007438838060148
nearest-neighbor,3,changed_disclosed,0.01,0.5005138059548924
persistence,3,changed_disclosed,1.0,0.7785531989318617
constant-velocity,3,changed_disclosed,1.0,1.5183084116090402
linearized,3,changed_disclosed,1.0,0.19208471406562108
nearest-neighbor,3,changed_disclosed,1.0,0.6259897634831103
persistence,3,changed_disclosed,10.0,0.7130500287043914
constant-velocity,3,changed_disclosed,10.0,2.1784003144423933
linearized,3,changed_disclosed,10.0,0.5793630386041689
nearest-neighbor,3,changed_disclosed,10.0,0.4056502817367849
persistence,3,changed_disclosed,60.0,0.5842669099420794
constant-velocity,3,changed_disclosed,60.0,1.8265543824513493
linearized,3,changed_disclosed,60.0,0.1997473823187225
nearest-neighbor,3,changed_disclosed,60.0,0.4326573286941395
persistence,3,changed_disclosed,0.01,0.03587944847055106
constant-velocity,3,changed_disclosed,0.01,0.0001370161755570957
linearized,3,changed_disclosed,0.01,0.004215388578512187
nearest-neighbor,3,changed_disclosed,0.01,0.6698456520735255
persistence,3,changed_disclosed,1.0,1.4643478449252392
constant-velocity,3,changed_disclosed,1.0,0.855526239371554
linearized,3,changed_disclosed,1.0,1.3175517160160144
nearest-neighbor,3,changed_disclosed,1.0,0.8569318073465015
persistence,3,changed_disclosed,10.0,1.3646527505431643
constant-velocity,3,changed_disclosed,10.0,2.122086090412378
linearized,3,changed_disclosed,10.0,1.0247095544874787
nearest-neighbor,3,changed_disclosed,10.0,0.5672947019592277
persistence,3,changed_disclosed,60.0,1.0061228568720553
constant-velocity,3,changed_disclosed,60.0,0.4742779690444377
linearized,3,changed_disclosed,60.0,1.846130283545525
nearest-neighbor,3,changed_disclosed,60.0,0.06907067258986392
persistence,3,changed_disclosed,0.01,0.013810554203948685
constant-velocity,3,changed_disclosed,0.01,0.00019502972297180676
linearized,3,changed_disclosed,0.01,0.00283608855737727
nearest-neighbor,3,changed_disclosed,0.01,0.7747768554792073
persistence,3,changed_disclosed,1.0,1.9179121724068438
constant-velocity,3,changed_disclosed,1.0,1.2170177541508596
linearized,3,changed_disclosed,1.0,0.9816405849249262
nearest-neighbor,3,changed_disclosed,1.0,0.5716697516065975
persistence,3,changed_disclosed,10.0,1.072757061543819
constant-velocity,3,changed_disclosed,10.0,1.534237098708645
linearized,3,changed_disclosed,10.0,1.0013435235683523
nearest-neighbor,3,changed_disclosed,10.0,0.7642132660206044
persistence,3,changed_disclosed,60.0,1.4833537562400292
constant-velocity,3,changed_disclosed,60.0,1.3753159107405857
linearized,3,changed_disclosed,60.0,1.684544591080888
nearest-neighbor,3,changed_disclosed,60.0,0.4562353783041921
persistence,3,changed_disclosed,0.01,0.01546069742709714
constant-velocity,3,changed_disclosed,0.01,0.00023048610685094673
linearized,3,changed_disclosed,0.01,0.0004819852304255671
nearest-neighbor,3,changed_disclosed,0.01,0.25212943895792
persistence,3,changed_disclosed,1.0,1.0370370943123681
constant-velocity,3,changed_disclosed,1.0,1.9950669420015565
linearized,3,changed_disclosed,1.0,0.6948627466743614
nearest-neighbor,3,changed_disclosed,1.0,0.3464210464792208
persistence,3,changed_disclosed,10.0,1.0955177411226682
constant-velocity,3,changed_disclosed,10.0,0.6743053745762712
linearized,3,changed_disclosed,10.0,0.25509336809119265
nearest-neighbor,3,changed_disclosed,10.0,0.8928393988905107
persistence,3,changed_disclosed,60.0,1.3752553440722324
constant-velocity,3,changed_disclosed,60.0,2.207962216533938
linearized,3,changed_disclosed,60.0,0.22750523902662798
nearest-neighbor,3,changed_disclosed,60.0,0.5310850766834312
persistence,3,changed_disclosed,0.01,0.017268564935293124
constant-velocity,3,changed_disclosed,0.01,0.00023675022689643535
linearized,3,changed_disclosed,0.01,0.006896012517184562
nearest-neighbor,3,changed_disclosed,0.01,0.7330957920402161
persistence,3,changed_disclosed,1.0,1.285315576320121
constant-velocity,3,changed_disclosed,1.0,1.9565129244524815
linearized,3,changed_disclosed,1.0,1.1804481470639223
nearest-neighbor,3,changed_disclosed,1.0,0.8066085460758471
persistence,3,changed_disclosed,10.0,0.8345171047265779
constant-velocity,3,changed_disclosed,10.0,1.9040973935668912
linearized,3,changed_disclosed,10.0,2.3666518504298444
nearest-neighbor,3,changed_disclosed,10.0,0.8401066947083892
persistence,3,changed_disclosed,60.0,1.0915079573972182
constant-velocity,3,changed_disclosed,60.0,2.0632934803498855
linearized,3,changed_disclosed,60.0,1.2585270869753566
nearest-neighbor,3,changed_disclosed,60.0,0.33801242501203027
persistence,3,changed_hidden,0.01,0.009139193774167017
constant-velocity,3,changed_hidden,0.01,0.0001252911126421452
linearized,3,changed_hidden,0.01,0.00035201179679589245
nearest-neighbor,3,changed_hidden,0.01,0.27026694700994164
persistence,3,changed_hidden,1.0,0.8553929506544743
constant-velocity,3,changed_hidden,1.0,0.9050108813920946
linearized,3,changed_hidden,1.0,0.7030702126740831
nearest-neighbor,3,changed_hidden,1.0,0.49263191189674477
persistence,3,changed_hidden,10.0,0.6300279343051098
constant-velocity,3,changed_hidden,10.0,1.252487162274649
linearized,3,changed_hidden,10.0,0.6720126051262288
nearest-neighbor,3,changed_hidden,10.0,0.32793464855966264
persistence,3,changed_hidden,60.0,0.3615446150906907
constant-velocity,3,changed_hidden,60.0,2.9724185485350447
linearized,3,changed_hidden,60.0,0.6694920946957598
nearest-neighbor,3,changed_hidden,60.0,0.23355538539833276
persistence,3,changed_hidden,0.01,0.005284216161366946
constant-velocity,3,changed_hidden,0.01,0.00014768739737143952
linearized,3,changed_hidden,0.01,4.2783603244907674e-05
nearest-neighbor,3,changed_hidden,0.01,0.5519899765496983
persistence,3,changed_hidden,1.0,0.7011958528246206
constant-velocity,3,changed_hidden,1.0,0.9356172034635611
linearized,3,changed_hidden,1.0,0.049205532142588826
nearest-neighbor,3,changed_hidden,1.0,0.19622465071627326
persistence,3,changed_hidden,10.0,1.315398859282415
constant-velocity,3,changed_hidden,10.0,1.6421427014077272
linearized,3,changed_hidden,10.0,0.10750441389127079
nearest-neighbor,3,changed_hidden,10.0,0.4547683908839993
persistence,3,changed_hidden,60.0,0.3198251788338638
constant-velocity,3,changed_hidden,60.0,1.5449784409032066
linearized,3,changed_hidden,60.0,0.08518645756350951
nearest-neighbor,3,changed_hidden,60.0,0.33752485776875885
persistence,3,changed_hidden,0.01,0.008395284745651507
constant-velocity,3,changed_hidden,0.01,6.609590224086286e-05
linearized,3,changed_hidden,0.01,7.175831171342868e-06
nearest-neighbor,3,changed_hidden,0.01,0.24745742670685633
persistence,3,changed_hidden,1.0,0.575757561007047
constant-velocity,3,changed_hidden,1.0,0.5537269655367392
linearized,3,changed_hidden,1.0,0.05972046658631284
nearest-neighbor,3,changed_hidden,1.0,0.5417516831543527
persistence,3,changed_hidden,10.0,0.6968137360991014
constant-velocity,3,changed_hidden,10.0,1.2716688174179491
linearized,3,changed_hidden,10.0,0.36542208251365976
nearest-neighbor,3,changed_hidden,10.0,0.686063207233916
persistence,3,changed_hidden,60.0,0.9210066808689548
constant-velocity,3,changed_hidden,60.0,2.046189732138398
linearized,3,changed_hidden,60.0,0.4212683326990498
nearest-neighbor,3,changed_hidden,60.0,0.39711812597902724
persistence,3,changed_hidden,0.01,0.02168669533291497
constant-velocity,3,changed_hidden,0.01,0.0002565779149533339
linearized,3,changed_hidden,0.01,0.0004316540888118503
nearest-neighbor,3,changed_hidden,0.01,0.891978247724111
persistence,3,changed_hidden,1.0,1.6929104740863856
constant-velocity,3,changed_hidden,1.0,1.3011457724775288
linearized,3,changed_hidden,1.0,0.8824791639513606
nearest-neighbor,3,changed_hidden,1.0,1.367276232213424
persistence,3,changed_hidden,10.0,0.41795114258649296
constant-velocity,3,changed_hidden,10.0,2.571108038961422
linearized,3,changed_hidden,10.0,0.7437238483958949
nearest-neighbor,3,changed_hidden,10.0,0.2642844268217643
persistence,3,changed_hidden,60.0,0.4967409732751393
constant-velocity,3,changed_hidden,60.0,1.280117171409137
linearized,3,changed_hidden,60.0,0.4965842851052722
nearest-neighbor,3,changed_hidden,60.0,0.011774788108087778
persistence,3,changed_hidden,0.01,0.027550216839547836
constant-velocity,3,changed_hidden,0.01,0.0009221361198473351
linearized,3,changed_hidden,0.01,0.003816800878564545
nearest-neighbor,3,changed_hidden,0.01,0.1235573725816459
persistence,3,changed_hidden,1.0,1.032244517532726
constant-velocity,3,changed_hidden,1.0,2.403872321558851
linearized,3,changed_hidden,1.0,2.6851027935364704
nearest-neighbor,3,changed_hidden,1.0,0.63961824108129
persistence,3,changed_hidden,10.0,0.7898153615125274
constant-velocity,3,changed_hidden,10.0,2.066130191733485
linearized,3,changed_hidden,10.0,1.3092816720177687
nearest-neighbor,3,changed_hidden,10.0,0.7657253083688715
persistence,3,changed_hidden,60.0,0.5879222754864606
constant-velocity,3,changed_hidden,60.0,0.6478328408912818
linearized,3,changed_hidden,60.0,2.306114836977717
nearest-neighbor,3,changed_hidden,60.0,0.33742091502781896
persistence,3,changed_hidden,0.01,0.023175840885316212
constant-velocity,3,changed_hidden,0.01,0.0004109062974776793
linearized,3,changed_hidden,0.01,0.0004005795147306775
nearest-neighbor,3,changed_hidden,0.01,0.4742057586941013
persistence,3,changed_hidden,1.0,0.6879935551285854
constant-velocity,3,changed_hidden,1.0,1.6051777167942276
linearized,3,changed_hidden,1.0,1.2839487712175464
nearest-neighbor,3,changed_hidden,1.0,1.5902616211982863
persistence,3,changed_hidden,10.0,1.037373383803956
constant-velocity,3,changed_hidden,10.0,1.8676183937040562
linearized,3,changed_hidden,10.0,0.9951651439038364
nearest-neighbor,3,changed_hidden,10.0,0.7481159830153605
persistence,3,changed_hidden,60.0,0.7746610891692317
constant-velocity,3,changed_hidden,60.0,1.4839767052390762
linearized,3,changed_hidden,60.0,0.6408457075457489
nearest-neighbor,3,changed_hidden,60.0,0.05111170031079763
persistence,3,changed_hidden,0.01,0.006132848617674232
constant-velocity,3,changed_hidden,0.01,6.173590311142618e-05
linearized,3,changed_hidden,0.01,0.000197614416625728
nearest-neighbor,3,changed_hidden,0.01,0.629290755308748
persistence,3,changed_hidden,1.0,0.7581743767647473
constant-velocity,3,changed_hidden,1.0,0.7541128101162701
linearized,3,changed_hidden,1.0,1.088492984649225
nearest-neighbor,3,changed_hidden,1.0,0.9279163984170875
persistence,3,changed_hidden,10.0,2.2073104666351973
constant-velocity,3,changed_hidden,10.0,2.23085797002807
linearized,3,changed_hidden,10.0,1.149137844252141
nearest-neighbor,3,changed_hidden,10.0,1.0063203488878638
persistence,3,changed_hidden,60.0,1.3673748723796153
constant-velocity,3,changed_hidden,60.0,0.834293369974675
linearized,3,changed_hidden,60.0,0.10133767463914085
nearest-neighbor,3,changed_hidden,60.0,0.18825584302122925
persistence,3,changed_hidden,0.01,0.008439501237427796
constant-velocity,3,changed_hidden,0.01,0.00012966195233543587
linearized,3,changed_hidden,0.01,0.0001774804040624763
nearest-neighbor,3,changed_hidden,0.01,0.4085650589162264
persistence,3,changed_hidden,1.0,0.2993141591208504
constant-velocity,3,changed_hidden,1.0,0.7489226262057445
linearized,3,changed_hidden,1.0,0.30206513665729373
nearest-neighbor,3,changed_hidden,1.0,0.5650476798121651
persistence,3,changed_hidden,10.0,0.2691055370582515
constant-velocity,3,changed_hidden,10.0,0.8106796142056686
linearized,3,changed_hidden,10.0,0.07213463312875874
nearest-neighbor,3,changed_hidden,10.0,0.2780158683116937
persistence,3,changed_hidden,60.0,0.3062107540513567
constant-velocity,3,changed_hidden,60.0,1.4392552265300675
linearized,3,changed_hidden,60.0,0.05216916942955644
nearest-neighbor,3,changed_hidden,60.0,0.013946812316396754
persistence,3,changed_hidden,0.01,0.004752656035649376
constant-velocity,3,changed_hidden,0.01,6.229157678072639e-05
linearized,3,changed_hidden,0.01,9.952633063618302e-06
nearest-neighbor,3,changed_hidden,0.01,0.16717559793955683
persistence,3,changed_hidden,1.0,0.6740286610829309
constant-velocity,3,changed_hidden,1.0,0.3358960520113417
linearized,3,changed_hidden,1.0,0.04401882472605919
nearest-neighbor,3,changed_hidden,1.0,0.4720800219671011
persistence,3,changed_hidden,10.0,0.32680328894747673
constant-velocity,3,changed_hidden,10.0,0.8630004204375319
linearized,3,changed_hidden,10.0,0.15258153297009333
nearest-neighbor,3,changed_hidden,10.0,0.47188097083355335
persistence,3,changed_hidden,60.0,0.7150695408657669
constant-velocity,3,changed_hidden,60.0,1.1263690255171968
linearized,3,changed_hidden,60.0,0.2688370412881091
nearest-neighbor,3,changed_hidden,60.0,0.1351687201710813
persistence,3,changed_hidden,0.01,0.02101674689976137
constant-velocity,3,changed_hidden,0.01,0.0003993704027953626
linearized,3,changed_hidden,0.01,0.002657818427067434
nearest-neighbor,3,changed_hidden,0.01,0.39935027080544055
persistence,3,changed_hidden,1.0,1.3741430128809855
constant-velocity,3,changed_hidden,1.0,0.7767725385511003
linearized,3,changed_hidden,1.0,1.4780226658800715
nearest-neighbor,3,changed_hidden,1.0,0.7047852693187342
persistence,3,changed_hidden,10.0,0.7918653300040601
constant-velocity,3,changed_hidden,10.0,1.9528197263899312
linearized,3,changed_hidden,10.0,0.9480845293420583
nearest-neighbor,3,changed_hidden,10.0,0.9759590869522268
persistence,3,changed_hidden,60.0,0.729156591435843
constant-velocity,3,changed_hidden,60.0,1.1111639195183127
linearized,3,changed_hidden,60.0,1.4668779455833592
nearest-neighbor,3,changed_hidden,60.0,0.3898368696722085
persistence,3,changed_hidden,0.01,0.0038985949624896024
constant-velocity,3,changed_hidden,0.01,4.636911854423905e-05
linearized,3,changed_hidden,0.01,0.0008764816627261732
nearest-neighbor,3,changed_hidden,0.01,0.5244485761960681
persistence,3,changed_hidden,1.0,1.0405323479513837
constant-velocity,3,changed_hidden,1.0,0.6551955509775217
linearized,3,changed_hidden,1.0,1.222051118144781
nearest-neighbor,3,changed_hidden,1.0,0.5928004050941557
persistence,3,changed_hidden,10.0,0.7917175784527734
constant-velocity,3,changed_hidden,10.0,1.2366743859392564
linearized,3,changed_hidden,10.0,1.5397784815957651
nearest-neighbor,3,changed_hidden,10.0,0.3003364361892529
persistence,3,changed_hidden,60.0,0.6717064810598788
constant-velocity,3,changed_hidden,60.0,1.5045503134398868
linearized,3,changed_hidden,60.0,1.1112918472642832
nearest-neighbor,3,changed_hidden,60.0,0.2076263644304571
persistence,3,changed_hidden,0.01,0.01231227836324337
constant-velocity,3,changed_hidden,0.01,0.00016939223267412964
linearized,3,changed_hidden,0.01,0.00010069171729358099
nearest-neighbor,3,changed_hidden,0.01,0.355887333989976
persistence,3,changed_hidden,1.0,0.20270897350462613
constant-velocity,3,changed_hidden,1.0,1.1400660216711074
linearized,3,changed_hidden,1.0,0.35120724002020554
nearest-neighbor,3,changed_hidden,1.0,0.3593414278358161
persistence,3,changed_hidden,10.0,0.5355102284404647
constant-velocity,3,changed_hidden,10.0,1.7425283466605552
linearized,3,changed_hidden,10.0,0.20560806166544573
nearest-neighbor,3,changed_hidden,10.0,0.20748676627212292
persistence,3,changed_hidden,60.0,0.368207920450166
constant-velocity,3,changed_hidden,60.0,1.3441963896267914
linearized,3,changed_hidden,60.0,0.014048461766750306
nearest-neighbor,3,changed_hidden,60.0,0.011266312911768347
persistence,3,changed_hidden,0.01,0.018766044884153715
constant-velocity,3,changed_hidden,0.01,0.00015841122102910887
linearized,3,changed_hidden,0.01,0.00010923976889095262
nearest-neighbor,3,changed_hidden,0.01,0.5864532419739534
persistence,3,changed_hidden,1.0,0.942707568751706
constant-velocity,3,changed_hidden,1.0,1.666660410756678
linearized,3,changed_hidden,1.0,0.25008769197339786
nearest-neighbor,3,changed_hidden,1.0,0.9181203733428239
persistence,3,changed_hidden,10.0,1.329341347314621
constant-velocity,3,changed_hidden,10.0,1.658486209101136
linearized,3,changed_hidden,10.0,0.14476991971401118
nearest-neighbor,3,changed_hidden,10.0,1.2103861106605966
persistence,3,changed_hidden,60.0,0.1850741684111085
constant-velocity,3,changed_hidden,60.0,1.4192344328219317
linearized,3,changed_hidden,60.0,0.21061003080588314
nearest-neighbor,3,changed_hidden,60.0,0.16692298749456894
persistence,3,changed_hidden,0.01,0.02049948717907905
constant-velocity,3,changed_hidden,0.01,0.0005864023262847814
linearized,3,changed_hidden,0.01,0.002494685436966441
nearest-neighbor,3,changed_hidden,0.01,0.5935079435997421
persistence,3,changed_hidden,1.0,1.5073663629458718
constant-velocity,3,changed_hidden,1.0,2.311690740845751
linearized,3,changed_hidden,1.0,1.5183484740256976
nearest-neighbor,3,changed_hidden,1.0,1.0229715365927305
persistence,3,changed_hidden,10.0,1.3099260625086913
constant-velocity,3,changed_hidden,10.0,1.3034470233940159
linearized,3,changed_hidden,10.0,0.8132362672441008
nearest-neighbor,3,changed_hidden,10.0,0.5144590476480814
persistence,3,changed_hidden,60.0,1.0340172094232687
constant-velocity,3,changed_hidden,60.0,1.3715526727613074
linearized,3,changed_hidden,60.0,1.2285908417432263
nearest-neighbor,3,changed_hidden,60.0,0.14910502151375246
persistence,3,changed_hidden,0.01,0.002434459352540941
constant-velocity,3,changed_hidden,0.01,4.928592799258169e-05
linearized,3,changed_hidden,0.01,0.0010170078647167753
nearest-neighbor,3,changed_hidden,0.01,0.4427368356290038
persistence,3,changed_hidden,1.0,0.5486407481229851
constant-velocity,3,changed_hidden,1.0,0.4428144297047509
linearized,3,changed_hidden,1.0,2.023203917485605
nearest-neighbor,3,changed_hidden,1.0,0.444256448164188
persistence,3,changed_hidden,10.0,0.77949526854688
constant-velocity,3,changed_hidden,10.0,1.6993735452651233
linearized,3,changed_hidden,10.0,2.439718145480797
nearest-neighbor,3,changed_hidden,10.0,0.22423865393073875
persistence,3,changed_hidden,60.0,0.925807397664847
constant-velocity,3,changed_hidden,60.0,1.6842458937490274
linearized,3,changed_hidden,60.0,1.6573784523302901
nearest-neighbor,3,changed_hidden,60.0,0.2065036235091693
persistence,3,changed_hidden,0.01,0.005692856891874894
constant-velocity,3,changed_hidden,0.01,4.876534814712841e-05
linearized,3,changed_hidden,0.01,2.1249361271606187e-05
nearest-neighbor,3,changed_hidden,0.01,0.30297432648357886
persistence,3,changed_hidden,1.0,0.4619140897253156
constant-velocity,3,changed_hidden,1.0,0.35038395774983416
linearized,3,changed_hidden,1.0,0.003727134676155005
nearest-neighbor,3,changed_hidden,1.0,0.43609099463684675
persistence,3,changed_hidden,10.0,0.7013685510096176
constant-velocity,3,changed_hidden,10.0,1.7761463359285121
linearized,3,changed_hidden,10.0,0.044080798294776624
nearest-neighbor,3,changed_hidden,10.0,0.5299798863756414
persistence,3,changed_hidden,60.0,0.3321308722662
constant-velocity,3,changed_hidden,60.0,2.1310184572477504
linearized,3,changed_hidden,60.0,0.19923053040220426
nearest-neighbor,3,changed_hidden,60.0,0.36234604623956396
persistence,3,changed_hidden,0.01,0.007056566958875206
constant-velocity,3,changed_hidden,0.01,7.554414229578772e-05
linearized,3,changed_hidden,0.01,0.00356712743499088
nearest-neighbor,3,changed_hidden,0.01,0.7450814503957307
persistence,3,changed_hidden,1.0,1.710738781986658
constant-velocity,3,changed_hidden,1.0,1.416843851060151
linearized,3,changed_hidden,1.0,2.717331283260893
nearest-neighbor,3,changed_hidden,1.0,0.6630444632946788
persistence,3,changed_hidden,10.0,1.1955688368051225
constant-velocity,3,changed_hidden,10.0,0.9520466466868994
linearized,3,changed_hidden,10.0,1.4198124552520213
nearest-neighbor,3,changed_hidden,10.0,0.8365810584259671
persistence,3,changed_hidden,60.0,1.2329790157697624
constant-velocity,3,changed_hidden,60.0,0.3544439793249066
linearized,3,changed_hidden,60.0,1.9035104444659217
nearest-neighbor,3,changed_hidden,60.0,0.2385094931234133
persistence,3,changed_hidden,0.01,0.01070925735884091
constant-velocity,3,changed_hidden,0.01,0.00011693275339090074
linearized,3,changed_hidden,0.01,0.00043723889272880473
nearest-neighbor,3,changed_hidden,0.01,0.2617369230506152
persistence,3,changed_hidden,1.0,0.5200538827161391
constant-velocity,3,changed_hidden,1.0,0.545860194325349
linearized,3,changed_hidden,1.0,1.3268620737444425
nearest-neighbor,3,changed_hidden,1.0,0.5998653483629828
persistence,3,changed_hidden,10.0,1.0179697305656668
constant-velocity,3,changed_hidden,10.0,2.0046355635728816
linearized,3,changed_hidden,10.0,1.268425246766153
nearest-neighbor,3,changed_hidden,10.0,0.16570745914175453
persistence,3,changed_hidden,60.0,0.7140897454389422
constant-velocity,3,changed_hidden,60.0,1.5202029420104932
linearized,3,changed_hidden,60.0,0.6689475933333133
nearest-neighbor,3,changed_hidden,60.0,0.0873006393781773
persistence,3,changed_hidden,0.01,0.02134642930387957
constant-velocity,3,changed_hidden,0.01,0.00031606636914401537
linearized,3,changed_hidden,0.01,0.0002820463285854539
nearest-neighbor,3,changed_hidden,0.01,0.4100898935679524
persistence,3,changed_hidden,1.0,0.6457402810413524
constant-velocity,3,changed_hidden,1.0,1.485771034478552
linearized,3,changed_hidden,1.0,0.5446203417576186
nearest-neighbor,3,changed_hidden,1.0,1.175634574737475
persistence,3,changed_hidden,10.0,0.18108584695902477
constant-velocity,3,changed_hidden,10.0,0.5121926238380965
linearized,3,changed_hidden,10.0,0.14503386866366533
nearest-neighbor,3,changed_hidden,10.0,0.5757587227095812
persistence,3,changed_hidden,60.0,0.6778740903461847
constant-velocity,3,changed_hidden,60.0,1.3420723577446114
linearized,3,changed_hidden,60.0,0.3007515765209046
nearest-neighbor,3,changed_hidden,60.0,0.21424884314943501
persistence,3,changed_hidden,0.01,0.007454092654259299
constant-velocity,3,changed_hidden,0.01,9.148179053974914e-05
linearized,3,changed_hidden,0.01,0.0006676822868958432
nearest-neighbor,3,changed_hidden,0.01,0.4191251089807717
persistence,3,changed_hidden,1.0,0.6426974236415157
constant-velocity,3,changed_hidden,1.0,0.8296082571351042
linearized,3,changed_hidden,1.0,0.6535907019263649
nearest-neighbor,3,changed_hidden,1.0,0.779778780864059
persistence,3,changed_hidden,10.0,0.5071599856558455
constant-velocity,3,changed_hidden,10.0,1.6544895533930752
linearized,3,changed_hidden,10.0,0.904983147243274
nearest-neighbor,3,changed_hidden,10.0,0.39213900088123443
persistence,3,changed_hidden,60.0,0.7196620370320228
constant-velocity,3,changed_hidden,60.0,1.189623541362258
linearized,3,changed_hidden,60.0,0.09633013254676737
nearest-neighbor,3,changed_hidden,60.0,0.23549319169550106
