model,trial,horizon,err,answered
physics-rk4,Trial2,0.1,0.2292667195642495,True
physics-rk4-damped,Trial2,0.1,0.2312416605871399,True
persistence,Trial2,0.1,0.279098171903422,True
constant-velocity,Trial2,0.1,0.03212902465844647,True
nearest-neighbor,Trial2,0.1,0.612451675814726,True
sindy-real,Trial2,0.1,0.18760351319408675,True
chronos2,Trial2,0.1,1.5707963267948966,False
physics-rk4,Trial2,0.5,1.764463249400515,True
physics-rk4-damped,Trial2,0.5,1.8221197716006539,True
persistence,Trial2,0.5,1.3991273048722932,True
constant-velocity,Trial2,0.5,0.5191824104599005,True
nearest-neighbor,Trial2,0.5,1.353705221684205,True
sindy-real,Trial2,0.5,2.300458962550238,True
chronos2,Trial2,0.5,1.5707963267948966,False
physics-rk4,Trial2,1.0,2.4589630081473826,True
physics-rk4-damped,Trial2,1.0,2.4898834658009137,True
persistence,Trial2,1.0,2.0149810569216626,True
constant-velocity,Trial2,1.0,2.113087920912757,True
nearest-neighbor,Trial2,1.0,1.9892011985216205,True
sindy-real,Trial2,1.0,1.9393235615109483,True
chronos2,Trial2,1.0,1.5707963267948966,False
physics-rk4,Trial2,0.1,0.17732597117318472,True
physics-rk4-damped,Trial2,0.1,0.17930782751594498,True
persistence,Trial2,0.1,0.22358346941427354,True
constant-velocity,Trial2,0.1,0.08100309832092134,True
nearest-neighbor,Trial2,0.1,0.7974980761450028,True
sindy-real,Trial2,0.1,0.38819841581514436,True
chronos2,Trial2,0.1,1.5707963267948966,False
physics-rk4,Trial2,0.5,1.732894278739272,True
physics-rk4-damped,Trial2,0.5,1.8632687115235815,True
persistence,Trial2,0.5,0.8141576112101867,True
constant-velocity,Trial2,0.5,0.6549345282453392,True
nearest-neighbor,Trial2,0.5,2.293286501550281,True
sindy-real,Trial2,0.5,2.144110781165623,True
chronos2,Trial2,0.5,1.5707963267948966,False
physics-rk4,Trial2,1.0,2.696405030840582,True
physics-rk4-damped,Trial2,1.0,1.5686469453996787,True
persistence,Trial2,1.0,1.073101221742804,True
constant-velocity,Trial2,1.0,1.526588193119571,True
nearest-neighbor,Trial2,1.0,1.9011411227906758,True
sindy-real,Trial2,1.0,1.9372915393091874,True
chronos2,Trial2,1.0,1.5707963267948966,False
physics-rk4,Trial2,0.1,0.17512468786774438,True
physics-rk4-damped,Trial2,0.1,0.17550664907349844,True
persistence,Trial2,0.1,0.16891601817911273,True
constant-velocity,Trial2,0.1,0.027809474362546993,True
nearest-neighbor,Trial2,0.1,0.17848404674835283,True
sindy-real,Trial2,0.1,0.11145961518794634,True
chronos2,Trial2,0.1,1.5707963267948966,False
physics-rk4,Trial2,0.5,2.0806871248704866,True
physics-rk4-damped,Trial2,0.5,1.8534968173580093,True
persistence,Trial2,0.5,0.4211612990159823,True
constant-velocity,Trial2,0.5,0.5843885557774695,True
nearest-neighbor,Trial2,0.5,0.08454688393083987,True
sindy-real,Trial2,0.5,2.6374213388865644,True
chronos2,Trial2,0.5,1.5707963267948966,False
physics-rk4,Trial2,1.0,2.8895809754130704,True
physics-rk4-damped,Trial2,1.0,2.9833370230080214,True
persistence,Trial2,1.0,0.4335478037658107,True
constant-velocity,Trial2,1.0,1.5650133337393923,True
nearest-neighbor,Trial2,1.0,0.02017847103514714,True
sindy-real,Trial2,1.0,1.8177666135936237,True
chronos2,Trial2,1.0,1.5707963267948966,False
physics-rk4,Trial2,0.1,0.018621778878919804,True
physics-rk4-damped,Trial2,0.1,0.017874228866523678,True
persistence,Trial2,0.1,0.04226812492824639,True
constant-velocity,Trial2,0.1,0.016998704826227007,True
nearest-neighbor,Trial2,0.1,0.024305162745162256,True
sindy-real,Trial2,0.1,0.03892289039856989,True
chronos2,Trial2,0.1,1.5707963267948966,False
physics-rk4,Trial2,0.5,0.6893962258033273,True
physics-rk4-damped,Trial2,0.5,0.634730919248522,True
persistence,Trial2,0.5,0.05747302522877695,True
constant-velocity,Trial2,0.5,0.23886112354359046,True
nearest-neighbor,Trial2,0.5,0.019245285194354977,True
sindy-real,Trial2,0.5,1.5691806899391425,True
chronos2,Trial2,0.5,1.5707963267948966,False
physics-rk4,Trial2,1.0,0.9309203311833363,True
physics-rk4-damped,Trial2,1.0,0.9520873908068586,True
persistence,Trial2,1.0,0.021833567322763203,True
constant-velocity,Trial2,1.0,0.5708347302219716,True
nearest-neighbor,Trial2,1.0,0.028526384257956616,True
sindy-real,Trial2,1.0,1.577713099804414,True
chronos2,Trial2,1.0,1.5707963267948966,False
physics-rk4,Trial2,0.1,0.014755089261114795,True
physics-rk4-damped,Trial2,0.1,0.014667737849265228,True
persistence,Trial2,0.1,0.005550976039927713,True
constant-velocity,Trial2,0.1,0.0043606108606391025,True
nearest-neighbor,Trial2,0.1,0.01657156836478868,True
sindy-real,Trial2,0.1,0.05986327745781317,True
chronos2,Trial2,0.1,1.5707963267948966,False
physics-rk4,Trial2,0.5,0.6356250572168007,True
physics-rk4-damped,Trial2,0.5,0.5834121780975865,True
persistence,Trial2,0.5,0.025652193628917797,True
constant-velocity,Trial2,0.5,0.019700367732474522,True
nearest-neighbor,Trial2,0.5,0.29986521958251533,True
sindy-real,Trial2,0.5,2.375239566130494,True
chronos2,Trial2,0.5,1.5707963267948966,False
physics-rk4,Trial2,1.0,1.5960629685808985,True
physics-rk4-damped,Trial2,1.0,1.869498517737425,True
persistence,Trial2,1.0,1.3014752330800357,True
constant-velocity,Trial2,1.0,1.2895715812870638,True
nearest-neighbor,Trial2,1.0,1.0264680795022354,True
sindy-real,Trial2,1.0,2.0838967440330745,True
chronos2,Trial2,1.0,1.5707963267948966,False
physics-rk4,Trial2,0.1,0.017499877588237567,True
physics-rk4-damped,Trial2,0.1,0.01742466078357663,True
persistence,Trial2,0.1,0.010733040707963104,True
constant-velocity,Trial2,0.1,0.011035944283018129,True
nearest-neighbor,Trial2,0.1,0.00822602202742817,True
sindy-real,Trial2,0.1,0.05303702774951358,True
chronos2,Trial2,0.1,1.5707963267948966,False
physics-rk4,Trial2,0.5,0.7961658771861952,True
physics-rk4-damped,Trial2,0.5,0.7368601063106079,True
persistence,Trial2,0.5,0.5797034740136224,True
constant-velocity,Trial2,0.5,0.5812179918888485,True
nearest-neighbor,Trial2,0.5,1.111131721609051,True
sindy-real,Trial2,0.5,2.0189410844670554,True
chronos2,Trial2,0.5,1.5707963267948966,False
physics-rk4,Trial2,1.0,1.0414878925228637,True
physics-rk4-damped,Trial2,1.0,0.5682057711176371,True
persistence,Trial2,1.0,1.711179083509938,True
constant-velocity,Trial2,1.0,1.7142081192604879,True
nearest-neighbor,Trial2,1.0,1.5813382537927865,True
sindy-real,Trial2,1.0,1.8878580454519802,True
chronos2,Trial2,1.0,1.5707963267948966,False
physics-rk4,Trial2,0.1,0.047802861527696416,True
physics-rk4-damped,Trial2,0.1,0.05541083070138564,True
persistence,Trial2,0.1,0.40503809266918966,True
constant-velocity,Trial2,0.1,0.17318869160851946,True
nearest-neighbor,Trial2,0.1,0.18261453174507758,True
sindy-real,Trial2,0.1,0.11637560789852963,True
chronos2,Trial2,0.1,0.21999253017944942,True
physics-rk4,Trial2,0.5,0.5070981975433653,True
physics-rk4-damped,Trial2,0.5,0.429931596183762,True
persistence,Trial2,0.5,2.3452806638575354,True
constant-velocity,Trial2,0.5,2.7786576380186996,True
nearest-neighbor,Trial2,0.5,1.2533873926088561,True
sindy-real,Trial2,0.5,2.177091021362397,True
chronos2,Trial2,0.5,2.854222143690892,True
physics-rk4,Trial2,1.0,1.370798692317654,True
physics-rk4-damped,Trial2,1.0,0.613743640315433,True
persistence,Trial2,1.0,1.5896074347032902,True
constant-velocity,Trial2,1.0,2.412706077686381,True
nearest-neighbor,Trial2,1.0,0.3882961979772732,True
sindy-real,Trial2,1.0,1.5707963267948966,False
chronos2,Trial2,1.0,2.4444132531749707,True
physics-rk4,Trial2,0.1,0.27364661772516885,True
physics-rk4-damped,Trial2,0.1,0.27346512895187636,True
persistence,Trial2,0.1,1.2555811730782245,True
constant-velocity,Trial2,0.1,1.0931069275007959,True
nearest-neighbor,Trial2,0.1,0.25950695625360876,True
sindy-real,Trial2,0.1,0.5639936120423323,True
chronos2,Trial2,0.1,1.6068031127213787,True
physics-rk4,Trial2,0.5,1.1045812963753368,True
physics-rk4-damped,Trial2,0.5,1.783045562682641,True
persistence,Trial2,0.5,2.11140317160701,True
constant-velocity,Trial2,0.5,1.2990319437198679,True
nearest-neighbor,Trial2,0.5,2.0935097011301567,True
sindy-real,Trial2,0.5,2.099668501753506,True
chronos2,Trial2,0.5,0.9881897222082632,True
physics-rk4,Trial2,1.0,0.07664027118550143,True
physics-rk4-damped,Trial2,1.0,0.3356135615821292,True
persistence,Trial2,1.0,1.4194323872780306,True
constant-velocity,Trial2,1.0,0.8068839371289016,True
nearest-neighbor,Trial2,1.0,1.6072692306988166,True
sindy-real,Trial2,1.0,1.7313761896101028,True
chronos2,Trial2,1.0,0.987526728755411,True
physics-rk4,Trial2,0.1,0.03851358255630899,True
physics-rk4-damped,Trial2,0.1,0.05696113279427184,True
persistence,Trial2,0.1,1.6752356228858276,True
constant-velocity,Trial2,0.1,0.0976680283610345,True
nearest-neighbor,Trial2,0.1,0.19249674712506426,True
sindy-real,Trial2,0.1,0.4054607905096441,True
chronos2,Trial2,0.1,1.2229906094571743,True
physics-rk4,Trial2,0.5,0.19341048804838445,True
physics-rk4-damped,Trial2,0.5,1.0362656913406978,True
persistence,Trial2,0.5,2.786246897055841,True
constant-velocity,Trial2,0.5,0.7284620729989926,True
nearest-neighbor,Trial2,0.5,0.9441667959420412,True
sindy-real,Trial2,0.5,1.0222303261155252,True
chronos2,Trial2,0.5,1.4632362886385946,True
physics-rk4,Trial2,1.0,2.6966871666814214,True
physics-rk4-damped,Trial2,1.0,1.144130919673712,True
persistence,Trial2,1.0,2.1747741570420294,True
constant-velocity,Trial2,1.0,0.7543342694432242,True
nearest-neighbor,Trial2,1.0,1.1350048511649957,True
sindy-real,Trial2,1.0,1.8277390066234096,True
chronos2,Trial2,1.0,1.159898988986959,True
physics-rk4,Trial2,0.1,0.03996364361629956,True
physics-rk4-damped,Trial2,0.1,0.04622937652366499,True
persistence,Trial2,0.1,1.628259162706462,True
constant-velocity,Trial2,0.1,0.2218797896680802,True
nearest-neighbor,Trial2,0.1,0.32441213696058036,True
sindy-real,Trial2,0.1,0.38401386294269324,True
chronos2,Trial2,0.1,0.8790421810565894,True
physics-rk4,Trial2,0.5,0.1966055349263769,True
physics-rk4-damped,Trial2,0.5,0.16043175279931177,True
persistence,Trial2,0.5,2.5142257481541903,True
constant-velocity,Trial2,0.5,1.4908355070966346,True
nearest-neighbor,Trial2,0.5,0.5740653987602915,True
sindy-real,Trial2,0.5,2.072324462791654,True
chronos2,Trial2,0.5,1.292640329903838,True
physics-rk4,Trial2,1.0,1.2711122002362423,True
physics-rk4-damped,Trial2,1.0,0.8700074744557069,True
persistence,Trial2,1.0,2.6163257954622736,True
constant-velocity,Trial2,1.0,1.236779031139526,True
nearest-neighbor,Trial2,1.0,2.9140572907277313,True
sindy-real,Trial2,1.0,2.200997192850849,True
chronos2,Trial2,1.0,0.7445031963709381,True
physics-rk4,Trial2,0.1,0.06924331824942875,True
physics-rk4-damped,Trial2,0.1,0.06697901555307517,True
persistence,Trial2,0.1,0.3864144709667441,True
constant-velocity,Trial2,0.1,0.14258913732563627,True
nearest-neighbor,Trial2,0.1,0.6158468266024784,True
sindy-real,Trial2,0.1,0.34439397160173346,True
chronos2,Trial2,0.1,0.6102728826592063,True
physics-rk4,Trial2,0.5,0.2901869553231524,True
physics-rk4-damped,Trial2,0.5,0.22338437102169628,True
persistence,Trial2,0.5,1.3834125807160937,True
constant-velocity,Trial2,0.5,0.11769192331777933,True
nearest-neighbor,Trial2,0.5,1.1588564683094695,True
sindy-real,Trial2,0.5,1.4773094511717986,True
chronos2,Trial2,0.5,2.668205366298328,True
physics-rk4,Trial2,1.0,0.8003354818209907,True
physics-rk4-damped,Trial2,1.0,1.3808310822257663,True
persistence,Trial2,1.0,1.5562433158233686,True
constant-velocity,Trial2,1.0,1.2618278251648984,True
nearest-neighbor,Trial2,1.0,1.2820248231379052,True
sindy-real,Trial2,1.0,0.1697551293171271,True
chronos2,Trial2,1.0,1.4429062692767598,True
physics-rk4,Trial2,0.1,0.1010124327905162,True
physics-rk4-damped,Trial2,0.1,0.11865375158455738,True
persistence,Trial2,0.1,1.5573716251609389,True
constant-velocity,Trial2,0.1,0.6940225123927686,True
nearest-neighbor,Trial2,0.1,0.3278649994669607,True
sindy-real,Trial2,0.1,0.7051805633695176,True
chronos2,Trial2,0.1,1.070195964760205,True
physics-rk4,Trial2,0.5,1.6987742199861735,True
physics-rk4-damped,Trial2,0.5,1.6734063908141321,True
persistence,Trial2,0.5,2.514508667841815,True
constant-velocity,Trial2,0.5,1.6114231974006739,True
nearest-neighbor,Trial2,0.5,0.5666589827655226,True
sindy-real,Trial2,0.5,1.3856542009518469,True
chronos2,Trial2,0.5,1.8887282594458217,True
physics-rk4,Trial2,1.0,2.1190914529578224,True
physics-rk4-damped,Trial2,1.0,1.958940770923082,True
persistence,Trial2,1.0,2.353377691363229,True
constant-velocity,Trial2,1.0,1.4576028525844213,True
nearest-neighbor,Trial2,1.0,0.869588597098522,True
sindy-real,Trial2,1.0,1.6919350384219243,True
chronos2,Trial2,1.0,1.7280228563382893,True
physics-rk4,Trial2,0.1,0.025634987106964324,True
physics-rk4-damped,Trial2,0.1,0.061105480110223986,True
persistence,Trial2,0.1,1.9090082029500577,True
constant-velocity,Trial2,0.1,0.2469284983467075,True
nearest-neighbor,Trial2,0.1,0.5060902477896958,True
sindy-real,Trial2,0.1,0.5192348701377121,True
chronos2,Trial2,0.1,0.5679590237662362,True
physics-rk4,Trial2,0.5,0.18258927718450124,True
physics-rk4-damped,Trial2,0.5,1.0200380579157295,True
persistence,Trial2,0.5,1.9684767941875423,True
constant-velocity,Trial2,0.5,0.05873642164962156,True
nearest-neighbor,Trial2,0.5,0.6713817397564288,True
sindy-real,Trial2,0.5,2.0271376422131446,True
chronos2,Trial2,0.5,1.260113904152596,True
physics-rk4,Trial2,1.0,0.8190660661711071,True
physics-rk4-damped,Trial2,1.0,1.6457178716019198,True
persistence,Trial2,1.0,1.404895926393344,True
constant-velocity,Trial2,1.0,0.4920621483088041,True
nearest-neighbor,Trial2,1.0,0.8751404153493958,True
sindy-real,Trial2,1.0,0.4813001262073655,True
chronos2,Trial2,1.0,2.7065665986978633,True
physics-rk4,Trial2,0.1,0.05327258594343576,True
physics-rk4-damped,Trial2,0.1,0.027941012560840583,True
persistence,Trial2,0.1,1.5865355289689553,True
constant-velocity,Trial2,0.1,0.6245480077073369,True
nearest-neighbor,Trial2,0.1,0.3313915723898839,True
sindy-real,Trial2,0.1,0.8918593014992435,True
chronos2,Trial2,0.1,0.5518764169312407,True
physics-rk4,Trial2,0.5,1.084557107933204,True
physics-rk4-damped,Trial2,0.5,2.005631231320419,True
persistence,Trial2,0.5,2.1552689334912047,True
constant-velocity,Trial2,0.5,1.2761970266020999,True
nearest-neighbor,Trial2,0.5,0.8183243879886675,True
sindy-real,Trial2,0.5,1.1564384936820717,True
chronos2,Trial2,0.5,1.091686088502847,True
physics-rk4,Trial2,1.0,1.6344300542584875,True
physics-rk4-damped,Trial2,1.0,1.072749332106536,True
persistence,Trial2,1.0,0.34382426226068397,True
constant-velocity,Trial2,1.0,2.5695245096894226,True
nearest-neighbor,Trial2,1.0,0.6616967330451251,True
sindy-real,Trial2,1.0,1.8395989216882391,True
chronos2,Trial2,1.0,1.3618169396980955,True
physics-rk4,Trial2,0.1,0.07605347393908435,True
physics-rk4-damped,Trial2,0.1,0.0702713282174221,True
persistence,Trial2,0.1,0.14050286569720072,True
constant-velocity,Trial2,0.1,0.27325796477128517,True
nearest-neighbor,Trial2,0.1,0.32982998663844665,True
sindy-real,Trial2,0.1,0.23747367292629207,True
chronos2,Trial2,0.1,0.4990313520920102,True
physics-rk4,Trial2,0.5,0.45247686923977604,True
physics-rk4-damped,Trial2,0.5,0.46600644150042037,True
persistence,Trial2,0.5,1.8846409946544451,True
constant-velocity,Trial2,0.5,2.0318663966339123,True
nearest-neighbor,Trial2,0.5,1.5201346681370076,True
sindy-real,Trial2,0.5,1.7276751920505067,True
chronos2,Trial2,0.5,1.1064888377027158,True
physics-rk4,Trial2,1.0,0.6316923049716614,True
physics-rk4-damped,Trial2,1.0,0.9574969022360085,True
persistence,Trial2,1.0,2.423188308830931,True
constant-velocity,Trial2,1.0,1.855342316318783,True
nearest-neighbor,Trial2,1.0,2.5113589934164198,True
sindy-real,Trial2,1.0,2.7717697988494816,True
chronos2,Trial2,1.0,1.6236141725333653,True
physics-rk4,Trial2,0.1,0.16812863453410287,True
physics-rk4-damped,Trial2,0.1,0.16074045319356411,True
persistence,Trial2,0.1,0.6731714270216669,True
constant-velocity,Trial2,0.1,0.8022284504682649,True
nearest-neighbor,Trial2,0.1,0.6318643104539712,True
sindy-real,Trial2,0.1,0.5267511603364223,True
chronos2,Trial2,0.1,1.6819053279212728,True
physics-rk4,Trial2,0.5,2.8703402661659663,True
physics-rk4-damped,Trial2,0.5,2.728737457342408,True
persistence,Trial2,0.5,0.5601248512780117,True
constant-velocity,Trial2,0.5,0.7921710329857712,True
nearest-neighbor,Trial2,0.5,1.4610934922842072,True
sindy-real,Trial2,0.5,1.6900788321351357,True
chronos2,Trial2,0.5,1.2182267239078515,True
physics-rk4,Trial2,1.0,2.571010560419893,True
physics-rk4-damped,Trial2,1.0,1.9101212030878774,True
persistence,Trial2,1.0,1.2310371789938772,True
constant-velocity,Trial2,1.0,2.5427800474321476,True
nearest-neighbor,Trial2,1.0,1.8999891156899338,True
sindy-real,Trial2,1.0,1.7104156344398156,True
chronos2,Trial2,1.0,1.6383290159756303,True
physics-rk4,Trial2,0.1,0.09644573711294857,True
physics-rk4-damped,Trial2,0.1,0.12232646091325261,True
persistence,Trial2,0.1,1.641814308661604,True
constant-velocity,Trial2,0.1,0.231319342060468,True
nearest-neighbor,Trial2,0.1,0.3858135479887945,True
sindy-real,Trial2,0.1,0.12286033644900751,True
chronos2,Trial2,0.1,0.7756011126664779,True
physics-rk4,Trial2,0.5,0.8737014039839872,True
physics-rk4-damped,Trial2,0.5,0.9008836363761699,True
persistence,Trial2,0.5,2.1702759087313446,True
constant-velocity,Trial2,0.5,0.9512644738342182,True
nearest-neighbor,Trial2,0.5,1.5676512240010965,True
sindy-real,Trial2,0.5,0.9257122916524816,True
chronos2,Trial2,0.5,2.5543840272416443,True
physics-rk4,Trial2,1.0,1.0449011446706518,True
physics-rk4-damped,Trial2,1.0,0.5115764726295646,True
persistence,Trial2,1.0,1.2613811181882966,True
constant-velocity,Trial2,1.0,2.423270394316855,True
nearest-neighbor,Trial2,1.0,1.2430800985312018,True
sindy-real,Trial2,1.0,1.106545521074418,True
chronos2,Trial2,1.0,1.0374003502874718,True
physics-rk4,Trial2,0.1,0.07881019176381532,True
physics-rk4-damped,Trial2,0.1,0.09127193383770749,True
persistence,Trial2,0.1,0.660320327579428,True
constant-velocity,Trial2,0.1,0.3079426452278673,True
nearest-neighbor,Trial2,0.1,1.2732912446875027,True
sindy-real,Trial2,0.1,0.18458433402115038,True
chronos2,Trial2,0.1,0.15056310869110234,True
physics-rk4,Trial2,0.5,0.5486765798322448,True
physics-rk4-damped,Trial2,0.5,0.6566050091696534,True
persistence,Trial2,0.5,2.2050730774054745,True
constant-velocity,Trial2,0.5,1.6214396077095232,True
nearest-neighbor,Trial2,0.5,0.9213941008654807,True
sindy-real,Trial2,0.5,1.8846279907353538,True
chronos2,Trial2,0.5,2.050277889835079,True
physics-rk4,Trial2,1.0,2.085378687475605,True
physics-rk4-damped,Trial2,1.0,0.3946263352178807,True
persistence,Trial2,1.0,2.2079792656316757,True
constant-velocity,Trial2,1.0,1.3392058418691821,True
nearest-neighbor,Trial2,1.0,1.5586009901411435,True
sindy-real,Trial2,1.0,2.0667263810654983,True
chronos2,Trial2,1.0,0.9106983682277825,True
physics-rk4,Trial2,0.1,0.19725456375947292,True
physics-rk4-damped,Trial2,0.1,0.19068912795675086,True
persistence,Trial2,0.1,0.9768149978252714,True
constant-velocity,Trial2,0.1,1.1181315528653748,True
nearest-neighbor,Trial2,0.1,0.3196462893967933,True
sindy-real,Trial2,0.1,0.6945141179557748,True
chronos2,Trial2,0.1,1.1497601229291545,True
physics-rk4,Trial2,0.5,1.3748590181522573,True
physics-rk4-damped,Trial2,0.5,1.374188324423871,True
persistence,Trial2,0.5,1.6313060709197336,True
constant-velocity,Trial2,0.5,2.2464490443126364,True
nearest-neighbor,Trial2,0.5,1.89812408666314,True
sindy-real,Trial2,0.5,1.58446364408589,True
chronos2,Trial2,0.5,1.086658882686705,True
physics-rk4,Trial2,1.0,1.875797483993443,True
physics-rk4-damped,Trial2,1.0,1.7695829487763257,True
persistence,Trial2,1.0,2.0842542457862123,True
constant-velocity,Trial2,1.0,1.5603595608730636,True
nearest-neighbor,Trial2,1.0,2.742443186723145,True
sindy-real,Trial2,1.0,2.2665464680844867,True
chronos2,Trial2,1.0,2.7899183109096164,True
physics-rk4,Trial2,0.1,0.08007360663005247,True
physics-rk4-damped,Trial2,0.1,0.08189728661653017,True
persistence,Trial2,0.1,0.3656134040740575,True
constant-velocity,Trial2,0.1,0.2145573366181397,True
nearest-neighbor,Trial2,0.1,0.06596004467918348,True
sindy-real,Trial2,0.1,0.87330302357537,True
chronos2,Trial2,0.1,0.042712475705731556,True
physics-rk4,Trial2,0.5,0.5720404447276666,True
physics-rk4-damped,Trial2,0.5,0.539732811393149,True
persistence,Trial2,0.5,2.3467432142112354,True
constant-velocity,Trial2,0.5,2.636516237300122,True
nearest-neighbor,Trial2,0.5,0.11638790655546494,True
sindy-real,Trial2,0.5,0.7344831242464371,True
chronos2,Trial2,0.5,1.1277691509270857,True
physics-rk4,Trial2,1.0,1.0891526813456824,True
physics-rk4-damped,Trial2,1.0,0.9519166787049578,True
persistence,Trial2,1.0,0.9353821760564287,True
constant-velocity,Trial2,1.0,2.3850432667089807,True
nearest-neighbor,Trial2,1.0,0.622944192014101,True
sindy-real,Trial2,1.0,2.9596586755381757,True
chronos2,Trial2,1.0,1.8298909769363627,True
physics-rk4,Trial2,0.1,0.025874177644821472,True
physics-rk4-damped,Trial2,0.1,0.023200974099423455,True
persistence,Trial2,0.1,0.2734532619625778,True
constant-velocity,Trial2,0.1,0.20261215958827528,True
nearest-neighbor,Trial2,0.1,0.10946504930425238,True
sindy-real,Trial2,0.1,0.17209397450458486,True
chronos2,Trial2,0.1,0.2566755211075318,True
physics-rk4,Trial2,0.5,1.0902885622272356,True
physics-rk4-damped,Trial2,0.5,1.1076047737447787,True
persistence,Trial2,0.5,1.97403998130416,True
constant-velocity,Trial2,0.5,0.6708170256739026,True
nearest-neighbor,Trial2,0.5,0.19401854056916434,True
sindy-real,Trial2,0.5,1.2489385249263991,True
chronos2,Trial2,0.5,1.0367275215147034,True
physics-rk4,Trial2,1.0,1.8336861792368087,True
physics-rk4-damped,Trial2,1.0,1.4527458452217417,True
persistence,Trial2,1.0,1.9314672760399034,True
constant-velocity,Trial2,1.0,2.73265646922094,True
nearest-neighbor,Trial2,1.0,0.8323418794684656,True
sindy-real,Trial2,1.0,0.7130513959106377,True
chronos2,Trial2,1.0,1.3651347476619353,True
physics-rk4,Trial2,0.1,0.06310223535835924,True
physics-rk4-damped,Trial2,0.1,0.025297652418693417,True
persistence,Trial2,0.1,1.7980420006931226,True
constant-velocity,Trial2,0.1,0.35983578388137794,True
nearest-neighbor,Trial2,0.1,0.23874319650680942,True
sindy-real,Trial2,0.1,0.039213859672694085,True
chronos2,Trial2,0.1,0.6397497585414103,True
physics-rk4,Trial2,0.5,1.847438384403275,True
physics-rk4-damped,Trial2,0.5,1.588230311898064,True
persistence,Trial2,0.5,1.6867766652807266,True
constant-velocity,Trial2,0.5,1.5650027817318133,True
nearest-neighbor,Trial2,0.5,1.1963132588495444,True
sindy-real,Trial2,0.5,0.7062052625863986,True
chronos2,Trial2,0.5,1.4948516756365988,True
physics-rk4,Trial2,1.0,2.343035000239686,True
physics-rk4-damped,Trial2,1.0,1.5141749551961778,True
persistence,Trial2,1.0,1.6154434931679393,True
constant-velocity,Trial2,1.0,1.305775573576362,True
nearest-neighbor,Trial2,1.0,0.7842810636628776,True
sindy-real,Trial2,1.0,2.0132293442778444,True
chronos2,Trial2,1.0,0.8121630977121752,True
physics-rk4,Trial2,0.1,0.026488346276419605,True
physics-rk4-damped,Trial2,0.1,0.025991388318933772,True
persistence,Trial2,0.1,0.5735020751835158,True
constant-velocity,Trial2,0.1,0.20486014260201468,True
nearest-neighbor,Trial2,0.1,0.18996670850289377,True
sindy-real,Trial2,0.1,0.7899057517944623,True
chronos2,Trial2,0.1,0.20248699773013978,True
physics-rk4,Trial2,0.5,0.24121773472664287,True
physics-rk4-damped,Trial2,0.5,0.2700542785394724,True
persistence,Trial2,0.5,2.430280018555327,True
constant-velocity,Trial2,0.5,2.0096956257167573,True
nearest-neighbor,Trial2,0.5,0.36295859487132986,True
sindy-real,Trial2,0.5,1.8966226556514991,True
chronos2,Trial2,0.5,1.3175684152710385,True
physics-rk4,Trial2,1.0,1.0451385882924953,True
physics-rk4-damped,Trial2,1.0,1.0497163157596976,True
persistence,Trial2,1.0,0.2922194895921306,True
constant-velocity,Trial2,1.0,1.602779308648472,True
nearest-neighbor,Trial2,1.0,1.3970940714360047,True
sindy-real,Trial2,1.0,1.6829068745198832,True
chronos2,Trial2,1.0,0.4961001785581445,True
physics-rk4,Trial2,0.1,0.08440577309172248,True
physics-rk4-damped,Trial2,0.1,0.08747578425512081,True
persistence,Trial2,0.1,0.23284494575387882,True
constant-velocity,Trial2,0.1,0.21001928719164997,True
nearest-neighbor,Trial2,0.1,0.3252296565837618,True
sindy-real,Trial2,0.1,0.3113162728717702,True
chronos2,Trial2,0.1,0.005276535100687596,True
physics-rk4,Trial2,0.5,0.6644455349471556,True
physics-rk4-damped,Trial2,0.5,0.7471779820848097,True
persistence,Trial2,0.5,2.4674351355301045,True
constant-velocity,Trial2,0.5,0.803365171351734,True
nearest-neighbor,Trial2,0.5,0.6020605384904405,True
sindy-real,Trial2,0.5,1.1980998907840092,True
chronos2,Trial2,0.5,0.9909189321662293,True
physics-rk4,Trial2,1.0,1.3443697500665,True
physics-rk4-damped,Trial2,1.0,1.4652687718305177,True
persistence,Trial2,1.0,0.8362052262040889,True
constant-velocity,Trial2,1.0,1.7467465322654148,True
nearest-neighbor,Trial2,1.0,0.4084218887337876,True
sindy-real,Trial2,1.0,1.50812274717046,True
chronos2,Trial2,1.0,0.6563532818024287,True
physics-rk4,Trial2,0.1,0.18374598866847958,True
physics-rk4-damped,Trial2,0.1,0.15968604608105785,True
persistence,Trial2,0.1,1.20812602965756,True
constant-velocity,Trial2,0.1,0.8105168059307415,True
nearest-neighbor,Trial2,0.1,0.1579172425953681,True
sindy-real,Trial2,0.1,0.3412641867518227,True
chronos2,Trial2,0.1,0.19062529009291662,True
physics-rk4,Trial2,0.5,2.289873749555988,True
physics-rk4-damped,Trial2,0.5,2.274894864880684,True
persistence,Trial2,0.5,0.3970761528762283,True
constant-velocity,Trial2,0.5,2.2723830386766437,True
nearest-neighbor,Trial2,0.5,0.11583292250359989,True
sindy-real,Trial2,0.5,0.892312803644816,True
chronos2,Trial2,0.5,0.6799237785252004,True
physics-rk4,Trial2,1.0,1.386475423567206,True
physics-rk4-damped,Trial2,1.0,2.2504751129479175,True
persistence,Trial2,1.0,1.9654442857214312,True
constant-velocity,Trial2,1.0,1.6534223369790793,True
nearest-neighbor,Trial2,1.0,0.7144892227563187,True
sindy-real,Trial2,1.0,2.3248850319879084,True
chronos2,Trial2,1.0,0.3425954897154959,True
physics-rk4,Trial2,0.1,0.1324646094406301,True
physics-rk4-damped,Trial2,0.1,0.14573002223115594,True
persistence,Trial2,0.1,1.229450413390329,True
constant-velocity,Trial2,0.1,0.5130584082604734,True
nearest-neighbor,Trial2,0.1,0.1333729377951629,True
sindy-real,Trial2,0.1,0.24375423626154724,True
chronos2,Trial2,0.1,0.21070901286514943,True
physics-rk4,Trial2,0.5,0.43028004758931626,True
physics-rk4-damped,Trial2,0.5,0.35934122081732944,True
persistence,Trial2,0.5,2.8056599602620738,True
constant-velocity,Trial2,0.5,1.177901384574226,True
nearest-neighbor,Trial2,0.5,0.8781974618194912,True
sindy-real,Trial2,0.5,1.5464028294082883,True
chronos2,Trial2,0.5,0.3864526397822763,True
physics-rk4,Trial2,1.0,0.17738012848695206,True
physics-rk4-damped,Trial2,1.0,0.3215558855155729,True
persistence,Trial2,1.0,0.3670955881149709,True
constant-velocity,Trial2,1.0,1.4721382324196188,True
nearest-neighbor,Trial2,1.0,0.670090933904711,True
sindy-real,Trial2,1.0,2.466323359201711,True
chronos2,Trial2,1.0,0.21472181510701205,True
physics-rk4,Trial2,0.1,0.049387758795776726,True
physics-rk4-damped,Trial2,0.1,0.0508101770711793,True
persistence,Trial2,0.1,0.1776835417991789,True
constant-velocity,Trial2,0.1,0.15346710586581036,True
nearest-neighbor,Trial2,0.1,0.6960624134385363,True
sindy-real,Trial2,0.1,0.3045996368596331,True
chronos2,Trial2,0.1,0.14202104132678173,True
physics-rk4,Trial2,0.5,0.42792283152208377,True
physics-rk4-damped,Trial2,0.5,0.3972711520898988,True
persistence,Trial2,0.5,2.6793444084159432,True
constant-velocity,Trial2,0.5,2.451593710338825,True
nearest-neighbor,Trial2,0.5,1.131559026430268,True
sindy-real,Trial2,0.5,1.9096051635323956,True
chronos2,Trial2,0.5,0.1869283160204569,True
physics-rk4,Trial2,1.0,0.7941008816162558,True
physics-rk4-damped,Trial2,1.0,1.1605465548585414,True
persistence,Trial2,1.0,0.5205409684182323,True
constant-velocity,Trial2,1.0,0.6062953948864207,True
nearest-neighbor,Trial2,1.0,1.2714375210835804,True
sindy-real,Trial2,1.0,2.7010990385222087,True
chronos2,Trial2,1.0,0.7330678151684733,True
physics-rk4,Trial2,0.1,0.04846433117353399,True
physics-rk4-damped,Trial2,0.1,0.04576302954995093,True
persistence,Trial2,0.1,0.4251674076454579,True
constant-velocity,Trial2,0.1,0.3497115891742233,True
nearest-neighbor,Trial2,0.1,0.8646166807510287,True
sindy-real,Trial2,0.1,0.3826931306416821,True
chronos2,Trial2,0.1,0.06261664777874909,True
physics-rk4,Trial2,0.5,1.0133735289265742,True
physics-rk4-damped,Trial2,0.5,1.0002824986667793,True
persistence,Trial2,0.5,2.205153173598265,True
constant-velocity,Trial2,0.5,0.1300117266069183,True
nearest-neighbor,Trial2,0.5,0.8055927826371692,True
sindy-real,Trial2,0.5,2.452557549529968,True
chronos2,Trial2,0.5,0.422285210153027,True
physics-rk4,Trial2,1.0,1.6239141157767518,True
physics-rk4-damped,Trial2,1.0,1.3461739763829836,True
persistence,Trial2,1.0,1.586471596769539,True
constant-velocity,Trial2,1.0,2.0860392533938743,True
nearest-neighbor,Trial2,1.0,0.813926272867656,True
sindy-real,Trial2,1.0,1.6914733226096903,True
chronos2,Trial2,1.0,0.9517334632882664,True
physics-rk4,Trial2,0.1,0.005931962363448839,True
physics-rk4-damped,Trial2,0.1,0.03226721539819888,True
persistence,Trial2,0.1,1.5984687403920965,True
constant-velocity,Trial2,0.1,0.14858640448673555,True
nearest-neighbor,Trial2,0.1,0.24250430408553125,True
sindy-real,Trial2,0.1,0.4087364160231708,True
chronos2,Trial2,0.1,0.10679074303254676,True
physics-rk4,Trial2,0.5,0.753154922236491,True
physics-rk4-damped,Trial2,0.5,0.6977612008958634,True
persistence,Trial2,0.5,1.760499641726562,True
constant-velocity,Trial2,0.5,2.821302935558556,True
nearest-neighbor,Trial2,0.5,1.0586157292994596,True
sindy-real,Trial2,0.5,1.1878281664050103,True
chronos2,Trial2,0.5,0.2251485369059143,True
physics-rk4,Trial2,1.0,0.7214049999048511,True
physics-rk4-damped,Trial2,1.0,0.5359412440739151,True
persistence,Trial2,1.0,1.5609836719604688,True
constant-velocity,Trial2,1.0,1.2998108657613265,True
nearest-neighbor,Trial2,1.0,1.4747359199567924,True
sindy-real,Trial2,1.0,1.603369479931402,True
chronos2,Trial2,1.0,0.8477236621780122,True
physics-rk4,Trial2,0.1,0.10802604446616648,True
physics-rk4-damped,Trial2,0.1,0.1088108061704034,True
persistence,Trial2,0.1,0.4246607377781828,True
constant-velocity,Trial2,0.1,0.33136323602879436,True
nearest-neighbor,Trial2,0.1,0.3993259236237643,True
sindy-real,Trial2,0.1,0.40474339764020506,True
chronos2,Trial2,0.1,0.23964004153403096,True
physics-rk4,Trial2,0.5,0.2828927019527736,True
physics-rk4-damped,Trial2,0.5,0.2187843349149068,True
persistence,Trial2,0.5,2.4544358670458974,True
constant-velocity,Trial2,0.5,1.988639843112808,True
nearest-neighbor,Trial2,0.5,0.7518794986447395,True
sindy-real,Trial2,0.5,2.2961418117434818,True
chronos2,Trial2,0.5,0.7826557684483246,True
physics-rk4,Trial2,1.0,1.9309308431487802,True
physics-rk4-damped,Trial2,1.0,1.6368000169987837,True
persistence,Trial2,1.0,0.5585482310254211,True
constant-velocity,Trial2,1.0,2.540721068165423,True
nearest-neighbor,Trial2,1.0,0.8800979987823379,True
sindy-real,Trial2,1.0,2.294170275347268,True
chronos2,Trial2,1.0,0.844768362997721,True
physics-rk4,Trial2,0.1,0.03678535903518565,True
physics-rk4-damped,Trial2,0.1,0.04087176691827743,True
persistence,Trial2,0.1,0.2643126273687555,True
constant-velocity,Trial2,0.1,0.15686397820367226,True
nearest-neighbor,Trial2,0.1,0.659209872703161,True
sindy-real,Trial2,0.1,0.5486421528460221,True
chronos2,Trial2,0.1,0.5802016717424143,True
physics-rk4,Trial2,0.5,0.9398864113479997,True
physics-rk4-damped,Trial2,0.5,1.2487869645559915,True
persistence,Trial2,0.5,1.6024674708536866,True
constant-velocity,Trial2,0.5,2.313861933672788,True
nearest-neighbor,Trial2,0.5,1.3114000322443031,True
sindy-real,Trial2,0.5,2.156196429294482,True
chronos2,Trial2,0.5,1.0104758110340386,True
physics-rk4,Trial2,1.0,1.1135881204578197,True
physics-rk4-damped,Trial2,1.0,1.5621963360918345,True
persistence,Trial2,1.0,1.521436590981276,True
constant-velocity,Trial2,1.0,1.3205547689588428,True
nearest-neighbor,Trial2,1.0,1.1863356054254268,True
sindy-real,Trial2,1.0,2.394195237088942,True
chronos2,Trial2,1.0,0.927154115194103,True
physics-rk4,Trial2,0.1,0.10407821792493532,True
physics-rk4-damped,Trial2,0.1,0.04763736855031908,True
persistence,Trial2,0.1,1.8126277169114173,True
constant-velocity,Trial2,0.1,0.6180563346398893,True
nearest-neighbor,Trial2,0.1,0.5313827326306688,True
sindy-real,Trial2,0.1,0.8867891302658615,True
chronos2,Trial2,0.1,0.714076916198219,True
physics-rk4,Trial2,0.5,0.511024616305293,True
physics-rk4-damped,Trial2,0.5,0.4458057240436366,True
persistence,Trial2,0.5,1.7054049480109157,True
constant-velocity,Trial2,0.5,1.3950765521889723,True
nearest-neighbor,Trial2,0.5,0.06019656784524052,True
sindy-real,Trial2,0.5,1.0108476520974605,True
chronos2,Trial2,0.5,1.8277424600624972,True
physics-rk4,Trial2,1.0,0.5735697361528418,True
physics-rk4-damped,Trial2,1.0,0.288761440536196,True
persistence,Trial2,1.0,1.3459204640595441,True
constant-velocity,Trial2,1.0,1.8202755982636134,True
nearest-neighbor,Trial2,1.0,0.7173557724859734,True
sindy-real,Trial2,1.0,2.785986784060043,True
chronos2,Trial2,1.0,2.0400079345269653,True
physics-rk4,Trial2,0.1,0.03376746179448542,True
physics-rk4-damped,Trial2,0.1,0.07193837011460413,True
persistence,Trial2,0.1,1.4305113269572072,True
constant-velocity,Trial2,0.1,0.3727935288483364,True
nearest-neighbor,Trial2,0.1,0.7326486059980342,True
sindy-real,Trial2,0.1,0.736547222153086,True
chronos2,Trial2,0.1,1.0244225020712374,True
physics-rk4,Trial2,0.5,0.2541638779176676,True
physics-rk4-damped,Trial2,0.5,0.6386328585119436,True
persistence,Trial2,0.5,1.384120528846294,True
constant-velocity,Trial2,0.5,0.5629357609975854,True
nearest-neighbor,Trial2,0.5,0.6809429916446383,True
sindy-real,Trial2,0.5,1.937158180561191,True
chronos2,Trial2,0.5,1.7335358747927554,True
physics-rk4,Trial2,1.0,1.3858498054164974,True
physics-rk4-damped,Trial2,1.0,0.7848299315750094,True
persistence,Trial2,1.0,0.6266251793632538,True
constant-velocity,Trial2,1.0,1.2722176396521157,True
nearest-neighbor,Trial2,1.0,2.061840764985689,True
sindy-real,Trial2,1.0,1.6309451380068154,True
chronos2,Trial2,1.0,2.333874080891418,True
physics-rk4,Trial2,0.1,0.0695229699037645,True
physics-rk4-damped,Trial2,0.1,0.08364481091238751,True
persistence,Trial2,0.1,1.1217116739987123,True
constant-velocity,Trial2,0.1,0.3398879112797628,True
nearest-neighbor,Trial2,0.1,0.41112861459111016,True
sindy-real,Trial2,0.1,1.054746889708718,True
chronos2,Trial2,0.1,0.1765008614074528,True
physics-rk4,Trial2,0.5,0.41240888914062523,True
physics-rk4-damped,Trial2,0.5,0.25889011458193956,True
persistence,Trial2,0.5,2.1811625790645577,True
constant-velocity,Trial2,0.5,1.6956720990585081,True
nearest-neighbor,Trial2,0.5,0.19026098243286071,True
sindy-real,Trial2,0.5,1.7712651424114974,True
chronos2,Trial2,0.5,1.9260276781709882,True
physics-rk4,Trial2,1.0,1.5594357571642554,True
physics-rk4-damped,Trial2,1.0,1.051027652141796,True
persistence,Trial2,1.0,1.7430118962807954,True
constant-velocity,Trial2,1.0,1.3697282480941206,True
nearest-neighbor,Trial2,1.0,0.6235729156918275,True
sindy-real,Trial2,1.0,2.694743395020497,True
chronos2,Trial2,1.0,0.751824073795615,True
physics-rk4,Trial2,0.1,0.06777923110763773,True
physics-rk4-damped,Trial2,0.1,0.06282801486361578,True
persistence,Trial2,0.1,0.4644998392457147,True
constant-velocity,Trial2,0.1,0.4427364795177331,True
nearest-neighbor,Trial2,0.1,1.1292425175413312,True
sindy-real,Trial2,0.1,1.006582868403969,True
chronos2,Trial2,0.1,0.2757268683623382,True
physics-rk4,Trial2,0.5,0.5174461458528405,True
physics-rk4-damped,Trial2,0.5,0.5019549653446873,True
persistence,Trial2,0.5,1.88263117311166,True
constant-velocity,Trial2,0.5,0.7315850493655551,True
nearest-neighbor,Trial2,0.5,0.6450324067428728,True
sindy-real,Trial2,0.5,1.6315847244930577,True
chronos2,Trial2,0.5,1.135659685463712,True
physics-rk4,Trial2,1.0,1.59308804184601,True
physics-rk4-damped,Trial2,1.0,1.6787123594120654,True
persistence,Trial2,1.0,1.3600342929590363,True
constant-velocity,Trial2,1.0,2.1339731337656795,True
nearest-neighbor,Trial2,1.0,0.25084536383301437,True
sindy-real,Trial2,1.0,0.814218952940065,True
chronos2,Trial2,1.0,1.206367349494247,True
physics-rk4,Trial2,0.1,0.2192103479948324,True
physics-rk4-damped,Trial2,0.1,0.1999547954408616,True
persistence,Trial2,0.1,0.9532722512246927,True
constant-velocity,Trial2,0.1,1.0369404939117306,True
nearest-neighbor,Trial2,0.1,0.3267194282167871,True
sindy-real,Trial2,0.1,0.34654644976784343,True
chronos2,Trial2,0.1,0.26689837667637395,True
physics-rk4,Trial2,0.5,2.0028269156253096,True
physics-rk4-damped,Trial2,0.5,1.7900165776139696,True
persistence,Trial2,0.5,0.8194900707317254,True
constant-velocity,Trial2,0.5,1.3457758356444565,True
nearest-neighbor,Trial2,0.5,1.190014103989217,True
sindy-real,Trial2,0.5,1.9786266303302051,True
chronos2,Trial2,0.5,0.7654456075833043,True
physics-rk4,Trial2,1.0,1.1610483943664898,True
physics-rk4-damped,Trial2,1.0,2.1387645713071093,True
persistence,Trial2,1.0,1.1658985053080233,True
constant-velocity,Trial2,1.0,2.8632689606789183,True
nearest-neighbor,Trial2,1.0,1.1209420983028906,True
sindy-real,Trial2,1.0,2.742431762549012,True
chronos2,Trial2,1.0,0.9373183402704415,True
physics-rk4,Trial2,0.1,0.18397519510925964,True
physics-rk4-damped,Trial2,0.1,0.1853659715086584,True
persistence,Trial2,0.1,0.9738001886525263,True
constant-velocity,Trial2,0.1,0.7336031314317912,True
nearest-neighbor,Trial2,0.1,0.20984091209699596,True
sindy-real,Trial2,0.1,1.3090488896543935,True
chronos2,Trial2,0.1,0.047474486096570345,True
physics-rk4,Trial2,0.5,0.10124504751466379,True
physics-rk4-damped,Trial2,0.5,0.5290582742666858,True
persistence,Trial2,0.5,2.0296915872260444,True
constant-velocity,Trial2,0.5,0.9308408812601483,True
nearest-neighbor,Trial2,0.5,1.6525840502051619,True
sindy-real,Trial2,0.5,0.6888485613370046,True
chronos2,Trial2,0.5,1.2083945488714338,True
physics-rk4,Trial2,1.0,0.31476105950772837,True
physics-rk4-damped,Trial2,1.0,1.2368452749929055,True
persistence,Trial2,1.0,0.5838619113908301,True
constant-velocity,Trial2,1.0,1.365219782339178,True
nearest-neighbor,Trial2,1.0,1.0996033445163969,True
sindy-real,Trial2,1.0,1.6854681015523436,True
chronos2,Trial2,1.0,1.8180301150887823,True
physics-rk4,Trial2,0.1,0.09132274960977327,True
physics-rk4-damped,Trial2,0.1,0.11669828782355651,True
persistence,Trial2,0.1,1.5058827194329023,True
constant-velocity,Trial2,0.1,0.5161197216496607,True
nearest-neighbor,Trial2,0.1,0.2777062732560358,True
sindy-real,Trial2,0.1,1.2754547185030285,True
chronos2,Trial2,0.1,0.48276893837579316,True
physics-rk4,Trial2,0.5,0.8089496373777463,True
physics-rk4-damped,Trial2,0.5,1.8048562825663161,True
persistence,Trial2,0.5,1.7310582993068078,True
constant-velocity,Trial2,0.5,1.4812781442635607,True
nearest-neighbor,Trial2,0.5,1.4096749188376094,True
sindy-real,Trial2,0.5,0.6344215488424672,True
chronos2,Trial2,0.5,1.7106007370929195,True
physics-rk4,Trial2,1.0,1.3297639084027715,True
physics-rk4-damped,Trial2,1.0,1.5027612056071735,True
persistence,Trial2,1.0,2.050265795315375,True
constant-velocity,Trial2,1.0,1.5641788753374417,True
nearest-neighbor,Trial2,1.0,1.3301622462422147,True
sindy-real,Trial2,1.0,1.3772081879691047,True
chronos2,Trial2,1.0,2.169217213471838,True
physics-rk4,Trial2,0.1,0.10082389049004714,True
physics-rk4-damped,Trial2,0.1,0.12116250113236937,True
persistence,Trial2,0.1,1.1634763068219804,True
constant-velocity,Trial2,0.1,0.40110996102404606,True
nearest-neighbor,Trial2,0.1,0.2994149331708069,True
sindy-real,Trial2,0.1,0.1140971099918664,True
chronos2,Trial2,0.1,0.24549422177661917,True
physics-rk4,Trial2,0.5,1.3408003704060123,True
physics-rk4-damped,Trial2,0.5,1.4897617269863224,True
persistence,Trial2,0.5,1.3025444577433642,True
constant-velocity,Trial2,0.5,0.47983151747039976,True
nearest-neighbor,Trial2,0.5,0.2505752284640108,True
sindy-real,Trial2,0.5,1.1957647571157803,True
chronos2,Trial2,0.5,0.5347528029511786,True
physics-rk4,Trial2,1.0,1.9372227364482058,True
physics-rk4-damped,Trial2,1.0,0.9180370880451054,True
persistence,Trial2,1.0,1.6331310219880635,True
constant-velocity,Trial2,1.0,2.3840399529011016,True
nearest-neighbor,Trial2,1.0,1.38835852286197,True
sindy-real,Trial2,1.0,0.9138651740016304,True
chronos2,Trial2,1.0,2.351489078239089,True
physics-rk4,Trial2,0.1,0.03896078592496188,True
physics-rk4-damped,Trial2,0.1,0.009372992530840563,True
persistence,Trial2,0.1,1.2529557427473375,True
constant-velocity,Trial2,0.1,0.3391356884711003,True
nearest-neighbor,Trial2,0.1,0.2045526134053457,True
sindy-real,Trial2,0.1,0.3075590100928576,True
chronos2,Trial2,0.1,0.167287739371071,True
physics-rk4,Trial2,0.5,0.5280534109604291,True
physics-rk4-damped,Trial2,0.5,0.5129193435441266,True
persistence,Trial2,0.5,1.4242519362596395,True
constant-velocity,Trial2,0.5,2.108492325140303,True
nearest-neighbor,Trial2,0.5,0.975753367054268,True
sindy-real,Trial2,0.5,1.4730617463024078,True
chronos2,Trial2,0.5,1.2898154964307595,True
physics-rk4,Trial2,1.0,1.1205343660366394,True
physics-rk4-damped,Trial2,1.0,0.17018866552549206,True
persistence,Trial2,1.0,0.656453527318674,True
constant-velocity,Trial2,1.0,0.6032845218056408,True
nearest-neighbor,Trial2,1.0,1.2892830183380557,True
sindy-real,Trial2,1.0,1.4207660247776062,True
chronos2,Trial2,1.0,1.2698847153261275,True
physics-rk4,Trial2,0.1,0.02202767500699121,True
physics-rk4-damped,Trial2,0.1,0.04647835190601146,True
persistence,Trial2,0.1,1.4518922780882466,True
constant-velocity,Trial2,0.1,0.33856536705237694,True
nearest-neighbor,Trial2,0.1,0.31965363524394164,True
sindy-real,Trial2,0.1,0.3010287641594891,True
chronos2,Trial2,0.1,0.499431804420178,True
physics-rk4,Trial2,0.5,0.5699189032675287,True
physics-rk4-damped,Trial2,0.5,1.4325447746911877,True
persistence,Trial2,0.5,1.2590004901684662,True
constant-velocity,Trial2,0.5,1.975551242168712,True
nearest-neighbor,Trial2,0.5,0.8132074060911982,True
sindy-real,Trial2,0.5,1.2625901440085432,True
chronos2,Trial2,0.5,1.1875457722264091,True
physics-rk4,Trial2,1.0,1.1812428645239992,True
physics-rk4-damped,Trial2,1.0,0.8926832801786704,True
persistence,Trial2,1.0,2.26175736683777,True
constant-velocity,Trial2,1.0,0.5532662172484724,True
nearest-neighbor,Trial2,1.0,0.40059611356130187,True
sindy-real,Trial2,1.0,1.8494193855135865,True
chronos2,Trial2,1.0,1.858473586132348,True
physics-rk4,Trial2,0.1,0.036730619843379664,True
physics-rk4-damped,Trial2,0.1,0.07133455316514148,True
persistence,Trial2,0.1,1.871727619206812,True
constant-velocity,Trial2,0.1,0.5330544287045864,True
nearest-neighbor,Trial2,0.1,0.5961819292261374,True
sindy-real,Trial2,0.1,0.4724731310065611,True
chronos2,Trial2,0.1,0.6020927531143778,True
physics-rk4,Trial2,0.5,0.2024493551794455,True
physics-rk4-damped,Trial2,0.5,1.307182250649725,True
persistence,Trial2,0.5,1.6623818937540173,True
constant-velocity,Trial2,0.5,1.252201248422483,True
nearest-neighbor,Trial2,0.5,0.710759495634405,True
sindy-real,Trial2,0.5,2.562155902595837,True
chronos2,Trial2,0.5,1.0111850669123914,True
physics-rk4,Trial2,1.0,0.648548356416665,True
physics-rk4-damped,Trial2,1.0,1.2086639174792508,True
persistence,Trial2,1.0,1.430033711915594,True
constant-velocity,Trial2,1.0,1.1373554813691684,True
nearest-neighbor,Trial2,1.0,0.41865044471640633,True
sindy-real,Trial2,1.0,2.0165121488949316,True
chronos2,Trial2,1.0,1.8776663590983063,True
physics-rk4,Trial2,0.1,0.055909809188966264,True
physics-rk4-damped,Trial2,0.1,0.08774566238418391,True
persistence,Trial2,0.1,1.573277890694471,True
constant-velocity,Trial2,0.1,0.5140071712490331,True
nearest-neighbor,Trial2,0.1,0.3765433018469331,True
sindy-real,Trial2,0.1,0.24057619081396098,True
chronos2,Trial2,0.1,0.442752005110572,True
physics-rk4,Trial2,0.5,0.8378622917985776,True
physics-rk4-damped,Trial2,0.5,0.46405553904663144,True
persistence,Trial2,0.5,0.18993258233359978,True
constant-velocity,Trial2,0.5,1.8010053493390537,True
nearest-neighbor,Trial2,0.5,1.8939903523083963,True
sindy-real,Trial2,0.5,0.38435700964162667,True
chronos2,Trial2,0.5,1.236343808898292,True
physics-rk4,Trial2,1.0,1.1906972913747444,True
physics-rk4-damped,Trial2,1.0,1.6143182373709815,True
persistence,Trial2,1.0,1.1311681975597168,True
constant-velocity,Trial2,1.0,2.103062127113924,True
nearest-neighbor,Trial2,1.0,1.4407451661913715,True
sindy-real,Trial2,1.0,0.987353310648829,True
chronos2,Trial2,1.0,1.4559684396163002,True
physics-rk4,Trial2,0.1,0.06007287234573955,True
physics-rk4-damped,Trial2,0.1,0.030288335994719695,True
persistence,Trial2,0.1,1.145197450157693,True
constant-velocity,Trial2,0.1,0.1776440289784622,True
nearest-neighbor,Trial2,0.1,0.6844302137170866,True
sindy-real,Trial2,0.1,0.2955162362528423,True
chronos2,Trial2,0.1,0.4288944053890722,True
physics-rk4,Trial2,0.5,0.3181735566843624,True
physics-rk4-damped,Trial2,0.5,0.8032839143825382,True
persistence,Trial2,0.5,0.7120639534656155,True
constant-velocity,Trial2,0.5,1.7948188840866888,True
nearest-neighbor,Trial2,0.5,0.6630311980093273,True
sindy-real,Trial2,0.5,1.0430360499117315,True
chronos2,Trial2,0.5,0.3417592473265121,True
physics-rk4,Trial2,1.0,0.7103556807482847,True
physics-rk4-damped,Trial2,1.0,0.5944035818465614,True
persistence,Trial2,1.0,1.3708570316497726,True
constant-velocity,Trial2,1.0,2.1348772747082627,True
nearest-neighbor,Trial2,1.0,1.2336823018285399,True
sindy-real,Trial2,1.0,2.9344551963235777,True
chronos2,Trial2,1.0,1.1141467441326514,True
physics-rk4,Trial2,0.1,0.06143824430984601,True
physics-rk4-damped,Trial2,0.1,0.02848651907567401,True
persistence,Trial2,0.1,1.4643056238335124,True
constant-velocity,Trial2,0.1,0.41710070927071263,True
nearest-neighbor,Trial2,0.1,0.26360267360009093,True
sindy-real,Trial2,0.1,0.2131473449816017,True
chronos2,Trial2,0.1,0.21678547453737318,True
physics-rk4,Trial2,0.5,1.3951957881972876,True
physics-rk4-damped,Trial2,0.5,1.4976651058950985,True
persistence,Trial2,0.5,1.2101307910861272,True
constant-velocity,Trial2,0.5,2.055863400215218,True
nearest-neighbor,Trial2,0.5,0.11938616647525002,True
sindy-real,Trial2,0.5,1.4901248732037273,True
chronos2,Trial2,0.5,0.8265854277512732,True
physics-rk4,Trial2,1.0,1.6580048997400967,True
physics-rk4-damped,Trial2,1.0,1.9005176326243283,True
persistence,Trial2,1.0,1.2869980261797918,True
constant-velocity,Trial2,1.0,2.7764428051807206,True
nearest-neighbor,Trial2,1.0,0.6815225952708328,True
sindy-real,Trial2,1.0,1.1029382426825105,True
chronos2,Trial2,1.0,1.6283493635884616,True
physics-rk4,Trial2,0.1,0.11814497656329981,True
physics-rk4-damped,Trial2,0.1,0.11235833812550355,True
persistence,Trial2,0.1,0.5643544721937355,True
constant-velocity,Trial2,0.1,0.4740735056340528,True
nearest-neighbor,Trial2,0.1,0.12233310055953162,True
sindy-real,Trial2,0.1,0.7384207332258046,True
chronos2,Trial2,0.1,0.36230393484686463,True
physics-rk4,Trial2,0.5,0.6313603328012314,True
physics-rk4-damped,Trial2,0.5,0.7152356662808108,True
persistence,Trial2,0.5,1.9377676567042337,True
constant-velocity,Trial2,0.5,0.18189048787227247,True
nearest-neighbor,Trial2,0.5,0.12032388809608197,True
sindy-real,Trial2,0.5,0.31044203135410564,True
chronos2,Trial2,0.5,0.37042905983706076,True
physics-rk4,Trial2,1.0,1.5695490540018415,True
physics-rk4-damped,Trial2,1.0,1.6917718738163021,True
persistence,Trial2,1.0,0.9202819256503929,True
constant-velocity,Trial2,1.0,2.363696780670036,True
nearest-neighbor,Trial2,1.0,0.04309238022228712,True
sindy-real,Trial2,1.0,1.7334076465637347,True
chronos2,Trial2,1.0,0.9928222573384513,True
physics-rk4,Trial2,0.1,0.06937850268091506,True
physics-rk4-damped,Trial2,0.1,0.049191395069223987,True
persistence,Trial2,0.1,0.6798520305705185,True
constant-velocity,Trial2,0.1,0.1657001920477441,True
nearest-neighbor,Trial2,0.1,0.07920202416085598,True
sindy-real,Trial2,0.1,0.29006167257653637,True
chronos2,Trial2,0.1,0.5975879545289384,True
physics-rk4,Trial2,0.5,0.33484012728586166,True
physics-rk4-damped,Trial2,0.5,0.6556874131754888,True
persistence,Trial2,0.5,1.789029682852454,True
constant-velocity,Trial2,0.5,1.5803377908518597,True
nearest-neighbor,Trial2,0.5,0.17281460855246866,True
sindy-real,Trial2,0.5,1.436557151742818,True
chronos2,Trial2,0.5,0.38295356166284567,True
physics-rk4,Trial2,1.0,0.3705977070236548,True
physics-rk4-damped,Trial2,1.0,0.4342100681012271,True
persistence,Trial2,1.0,1.3682403310299165,True
constant-velocity,Trial2,1.0,1.785624115031104,True
nearest-neighbor,Trial2,1.0,0.7266932643034565,True
sindy-real,Trial2,1.0,0.9219453742626609,True
chronos2,Trial2,1.0,1.715167152242703,True
physics-rk4,Trial2,0.1,0.03877250161781376,True
physics-rk4-damped,Trial2,0.1,0.056116713372720284,True
persistence,Trial2,0.1,0.979145428001452,True
constant-velocity,Trial2,0.1,0.09657712183570588,True
nearest-neighbor,Trial2,0.1,0.1544795403828232,True
sindy-real,Trial2,0.1,0.25066141744960824,True
chronos2,Trial2,0.1,0.32819937574486246,True
physics-rk4,Trial2,0.5,0.14449984769963464,True
physics-rk4-damped,Trial2,0.5,0.14395621265703706,True
persistence,Trial2,0.5,2.6636588628410633,True
constant-velocity,Trial2,0.5,1.5235897870326474,True
nearest-neighbor,Trial2,0.5,0.3892104591101795,True
sindy-real,Trial2,0.5,1.1114812911310228,True
chronos2,Trial2,0.5,0.23575808663486253,True
physics-rk4,Trial2,1.0,1.7442688489036762,True
physics-rk4-damped,Trial2,1.0,1.2303879504580957,True
persistence,Trial2,1.0,0.28038542446705783,True
constant-velocity,Trial2,1.0,1.7843768967632423,True
nearest-neighbor,Trial2,1.0,0.20308354172622423,True
sindy-real,Trial2,1.0,1.4253634330723859,True
chronos2,Trial2,1.0,1.6320152788506546,True
physics-rk4,Trial2,0.1,0.049002107165722286,True
physics-rk4-damped,Trial2,0.1,0.04638614798388385,True
persistence,Trial2,0.1,0.12842327913092433,True
constant-velocity,Trial2,0.1,0.24011538882729244,True
nearest-neighbor,Trial2,0.1,0.2430220263868046,True
sindy-real,Trial2,0.1,0.14181933477378994,True
chronos2,Trial2,0.1,0.3535711503634644,True
physics-rk4,Trial2,0.5,1.0158453181132554,True
physics-rk4-damped,Trial2,0.5,0.9939300323946156,True
persistence,Trial2,0.5,2.352059402134832,True
constant-velocity,Trial2,0.5,1.4378698612506042,True
nearest-neighbor,Trial2,0.5,0.18221412132001902,True
sindy-real,Trial2,0.5,1.9026534687655703,True
chronos2,Trial2,0.5,0.6112554772759653,True
physics-rk4,Trial2,1.0,1.0965998645161372,True
physics-rk4-damped,Trial2,1.0,1.0843557199594853,True
persistence,Trial2,1.0,1.07513434821289,True
constant-velocity,Trial2,1.0,1.5226642793845322,True
nearest-neighbor,Trial2,1.0,0.9033491035493029,True
sindy-real,Trial2,1.0,2.835092428249074,True
chronos2,Trial2,1.0,0.7783070358435804,True
physics-rk4,Trial2,0.1,0.022875746015809106,True
physics-rk4-damped,Trial2,0.1,0.048816967714814474,True
persistence,Trial2,0.1,1.0807485262435623,True
constant-velocity,Trial2,0.1,0.1098428223287451,True
nearest-neighbor,Trial2,0.1,0.32831806385622997,True
sindy-real,Trial2,0.1,0.4236325684995208,True
chronos2,Trial2,0.1,0.6377760785604174,True
physics-rk4,Trial2,0.5,0.01878481962355183,True
physics-rk4-damped,Trial2,0.5,0.3844841876473013,True
persistence,Trial2,0.5,2.1947212645557457,True
constant-velocity,Trial2,0.5,2.1295555140925484,True
nearest-neighbor,Trial2,0.5,0.9567318686791566,True
sindy-real,Trial2,0.5,1.3644637484618496,True
chronos2,Trial2,0.5,0.6286899877538645,True
physics-rk4,Trial2,1.0,0.12954621364121643,True
physics-rk4-damped,Trial2,1.0,0.746631282961284,True
persistence,Trial2,1.0,0.3784972543540537,True
constant-velocity,Trial2,1.0,1.8635714528374923,True
nearest-neighbor,Trial2,1.0,0.9320863006110205,True
sindy-real,Trial2,1.0,1.235819115512741,True
chronos2,Trial2,1.0,1.467681652024066,True
physics-rk4,Trial2,0.1,0.04520811797572932,True
physics-rk4-damped,Trial2,0.1,0.06675656332094393,True
persistence,Trial2,0.1,0.8313664383633699,True
constant-velocity,Trial2,0.1,0.17910290310716204,True
nearest-neighbor,Trial2,0.1,0.23789340195642872,True
sindy-real,Trial2,0.1,0.48521019628418594,True
chronos2,Trial2,0.1,0.3368884350122039,True
physics-rk4,Trial2,0.5,0.2631138906142889,True
physics-rk4-damped,Trial2,0.5,0.33994311638794317,True
persistence,Trial2,0.5,1.6255968639090952,True
constant-velocity,Trial2,0.5,2.1747639129126557,True
nearest-neighbor,Trial2,0.5,0.577580982905924,True
sindy-real,Trial2,0.5,0.3063692171687915,True
chronos2,Trial2,0.5,1.1639500145544677,True
physics-rk4,Trial2,1.0,1.3774685924969665,True
physics-rk4-damped,Trial2,1.0,0.9692562525982602,True
persistence,Trial2,1.0,1.3569120624185074,True
constant-velocity,Trial2,1.0,0.6769966084825674,True
nearest-neighbor,Trial2,1.0,0.33760400177888616,True
sindy-real,Trial2,1.0,1.2118854638341698,True
chronos2,Trial2,1.0,1.622907996797177,True
physics-rk4,Trial2,0.1,0.03761227350174812,True
physics-rk4-damped,Trial2,0.1,0.021816986322658494,True
persistence,Trial2,0.1,0.8588930678318911,True
constant-velocity,Trial2,0.1,0.12041235513125814,True
nearest-neighbor,Trial2,0.1,0.3220971513412083,True
sindy-real,Trial2,0.1,0.38271383705595063,True
chronos2,Trial2,0.1,0.6785490769356093,True
physics-rk4,Trial2,0.5,0.5764505778525892,True
physics-rk4-damped,Trial2,0.5,0.559456333962808,True
persistence,Trial2,0.5,0.9842308904833534,True
constant-velocity,Trial2,0.5,1.7671688500259415,True
nearest-neighbor,Trial2,0.5,0.2904412072125009,True
sindy-real,Trial2,0.5,1.2611922875286394,True
chronos2,Trial2,0.5,1.048152184866872,True
physics-rk4,Trial2,1.0,0.5514568455785733,True
physics-rk4-damped,Trial2,1.0,0.45088773122150005,True
persistence,Trial2,1.0,1.8367469997739256,True
constant-velocity,Trial2,1.0,1.4857808268828276,True
nearest-neighbor,Trial2,1.0,0.2495701559577439,True
sindy-real,Trial2,1.0,0.7386341798248699,True
chronos2,Trial2,1.0,1.1201474516861145,True
physics-rk4,Trial2,0.1,0.1619505125559486,True
physics-rk4-damped,Trial2,0.1,0.17195896028858915,True
persistence,Trial2,0.1,0.997689708308517,True
constant-velocity,Trial2,0.1,0.6792671343576355,True
nearest-neighbor,Trial2,0.1,0.12603461486884093,True
sindy-real,Trial2,0.1,0.036541468062339266,True
chronos2,Trial2,0.1,0.6606778696373001,True
physics-rk4,Trial2,0.5,0.5025076294813982,True
physics-rk4-damped,Trial2,0.5,1.1590090702106641,True
persistence,Trial2,0.5,1.2888165974943808,True
constant-velocity,Trial2,0.5,0.7628611479183345,True
nearest-neighbor,Trial2,0.5,0.18941289840662545,True
sindy-real,Trial2,0.5,1.1985743300804623,True
chronos2,Trial2,0.5,0.42847157145127657,True
physics-rk4,Trial2,1.0,0.5360948287428631,True
physics-rk4-damped,Trial2,1.0,0.3772634333117626,True
persistence,Trial2,1.0,1.2840959099517493,True
constant-velocity,Trial2,1.0,1.981200067452324,True
nearest-neighbor,Trial2,1.0,0.35498681131059584,True
sindy-real,Trial2,1.0,1.138708332298,True
chronos2,Trial2,1.0,1.4508593730373613,True
physics-rk4,Trial2,0.1,0.07061348731708694,True
physics-rk4-damped,Trial2,0.1,0.09700899000410601,True
persistence,Trial2,0.1,1.6026507547581272,True
constant-velocity,Trial2,0.1,0.49477476393064457,True
nearest-neighbor,Trial2,0.1,0.023844237584430772,True
sindy-real,Trial2,0.1,0.14375368881381556,True
chronos2,Trial2,0.1,0.05682278818994968,True
physics-rk4,Trial2,0.5,0.2520088085373331,True
physics-rk4-damped,Trial2,0.5,0.6139612331212216,True
persistence,Trial2,0.5,1.4950628069713545,True
constant-velocity,Trial2,0.5,1.5889630303126427,True
nearest-neighbor,Trial2,0.5,0.10629056172627038,True
sindy-real,Trial2,0.5,1.6840933351355494,True
chronos2,Trial2,0.5,0.8145890714420299,True
physics-rk4,Trial2,1.0,0.55399851080952,True
physics-rk4-damped,Trial2,1.0,0.49634314996898166,True
persistence,Trial2,1.0,1.4734160870490465,True
constant-velocity,Trial2,1.0,1.0832122721036281,True
nearest-neighbor,Trial2,1.0,0.1860969279534821,True
sindy-real,Trial2,1.0,1.8076396174444076,True
chronos2,Trial2,1.0,1.1927962406332249,True
physics-rk4,Trial2,0.1,0.1130481761962221,True
physics-rk4-damped,Trial2,0.1,0.09446030358964386,True
persistence,Trial2,0.1,1.0538681595724286,True
constant-velocity,Trial2,0.1,0.6730317674568473,True
nearest-neighbor,Trial2,0.1,0.1421518868632674,True
sindy-real,Trial2,0.1,0.6757475083908355,True
chronos2,Trial2,0.1,0.21753363866189535,True
physics-rk4,Trial2,0.5,0.9637358973608299,True
physics-rk4-damped,Trial2,0.5,0.7963461122653452,True
persistence,Trial2,0.5,1.1578902462704868,True
constant-velocity,Trial2,0.5,1.455232086543405,True
nearest-neighbor,Trial2,0.5,0.3514159954580949,True
sindy-real,Trial2,0.5,0.9546357575741071,True
chronos2,Trial2,0.5,0.9523952735412617,True
physics-rk4,Trial2,1.0,1.6913094895086167,True
physics-rk4-damped,Trial2,1.0,1.7197555342624011,True
persistence,Trial2,1.0,1.0374463294748666,True
constant-velocity,Trial2,1.0,1.6321300100207,True
nearest-neighbor,Trial2,1.0,0.5230353575496807,True
sindy-real,Trial2,1.0,1.8089506226227066,True
chronos2,Trial2,1.0,1.386800134125552,True
physics-rk4,Trial2,0.1,0.11298943588312671,True
physics-rk4-damped,Trial2,0.1,0.12228038199822056,True
persistence,Trial2,0.1,0.7829555485632191,True
constant-velocity,Trial2,0.1,0.44754799786717836,True
nearest-neighbor,Trial2,0.1,0.3429104559360239,True
sindy-real,Trial2,0.1,0.41667565299038856,True
chronos2,Trial2,0.1,0.12795912361960227,True
physics-rk4,Trial2,0.5,0.5962297061106101,True
physics-rk4-damped,Trial2,0.5,0.747289426906379,True
persistence,Trial2,0.5,1.9643185779513157,True
constant-velocity,Trial2,0.5,1.1404352041572396,True
nearest-neighbor,Trial2,0.5,1.5825056725908944,True
sindy-real,Trial2,0.5,0.6227942044409769,True
chronos2,Trial2,0.5,0.7441247313287924,True
physics-rk4,Trial2,1.0,0.18670260429657404,True
physics-rk4-damped,Trial2,1.0,1.045932731609171,True
persistence,Trial2,1.0,1.0377174865585825,True
constant-velocity,Trial2,1.0,2.326786441371489,True
nearest-neighbor,Trial2,1.0,0.9018876157485769,True
sindy-real,Trial2,1.0,1.079933937028919,True
chronos2,Trial2,1.0,0.33055856166572184,True
physics-rk4,Trial2,0.1,0.05919729603417956,True
physics-rk4-damped,Trial2,0.1,0.03871969238598982,True
persistence,Trial2,0.1,0.6733644269867032,True
constant-velocity,Trial2,0.1,0.15048545559842363,True
nearest-neighbor,Trial2,0.1,0.31590144489528527,True
sindy-real,Trial2,0.1,0.15389813328604784,True
chronos2,Trial2,0.1,0.28016723632997653,True
physics-rk4,Trial2,0.5,0.37486156444573515,True
physics-rk4-damped,Trial2,0.5,0.7610299126794299,True
persistence,Trial2,0.5,1.5857399636301421,True
constant-velocity,Trial2,0.5,1.4571208494322336,True
nearest-neighbor,Trial2,0.5,1.175555478987845,True
sindy-real,Trial2,0.5,2.4028490276019365,True
chronos2,Trial2,0.5,0.3384223781763338,True
physics-rk4,Trial2,1.0,0.45498441609958373,True
physics-rk4-damped,Trial2,1.0,1.2844924012973582,True
persistence,Trial2,1.0,1.5226867591415605,True
constant-velocity,Trial2,1.0,1.5625711864455445,True
nearest-neighbor,Trial2,1.0,0.3989728801587038,True
sindy-real,Trial2,1.0,1.4510439298946558,True
chronos2,Trial2,1.0,0.22854886551995057,True
physics-rk4,Trial2,0.1,0.03787906171482991,True
physics-rk4-damped,Trial2,0.1,0.057856224406912515,True
persistence,Trial2,0.1,1.1023472823227296,True
constant-velocity,Trial2,0.1,0.19250323862640517,True
nearest-neighbor,Trial2,0.1,0.12970734312019783,True
sindy-real,Trial2,0.1,0.18631395822931118,True
chronos2,Trial2,0.1,0.148574678206308,True
physics-rk4,Trial2,0.5,0.7773223788815922,True
physics-rk4-damped,Trial2,0.5,0.4655642979488057,True
persistence,Trial2,0.5,2.2214419607973683,True
constant-velocity,Trial2,0.5,0.7440938682824649,True
nearest-neighbor,Trial2,0.5,0.2717969592666183,True
sindy-real,Trial2,0.5,1.802808623231971,True
chronos2,Trial2,0.5,0.2732696927024323,True
physics-rk4,Trial2,1.0,0.9197005646498635,True
physics-rk4-damped,Trial2,1.0,0.7586887023215354,True
persistence,Trial2,1.0,0.21146007805185674,True
constant-velocity,Trial2,1.0,2.2518067156001322,True
nearest-neighbor,Trial2,1.0,0.187776575864663,True
sindy-real,Trial2,1.0,1.3727457033036163,True
chronos2,Trial2,1.0,1.0768986987720957,True
physics-rk4,Trial2,0.1,0.05279185947205711,True
physics-rk4-damped,Trial2,0.1,0.03495941002766667,True
persistence,Trial2,0.1,0.5634999348213015,True
constant-velocity,Trial2,0.1,0.18888542576641187,True
nearest-neighbor,Trial2,0.1,0.13044652872143914,True
sindy-real,Trial2,0.1,0.6618185097352609,True
chronos2,Trial2,0.1,0.345928957688574,True
physics-rk4,Trial2,0.5,0.9902400789529375,True
physics-rk4-damped,Trial2,0.5,0.879103779779872,True
persistence,Trial2,0.5,2.1846556160279933,True
constant-velocity,Trial2,0.5,2.1462000496079883,True
nearest-neighbor,Trial2,0.5,0.5866675367415954,True
sindy-real,Trial2,0.5,0.55924096114863,True
chronos2,Trial2,0.5,0.1279816639232605,True
physics-rk4,Trial2,1.0,0.9608021387214687,True
physics-rk4-damped,Trial2,1.0,0.7018987532280994,True
persistence,Trial2,1.0,0.663676915020424,True
constant-velocity,Trial2,1.0,1.237247439871818,True
nearest-neighbor,Trial2,1.0,1.5756384934129084,True
sindy-real,Trial2,1.0,1.8282525093250621,True
chronos2,Trial2,1.0,0.47141329102535856,True
physics-rk4,Trial2,0.1,0.03113439254604833,True
physics-rk4-damped,Trial2,0.1,0.014129897494694621,True
persistence,Trial2,0.1,0.7274152382360408,True
constant-velocity,Trial2,0.1,0.1938651156833111,True
nearest-neighbor,Trial2,0.1,0.12806369754052493,True
sindy-real,Trial2,0.1,0.01617560369928417,True
chronos2,Trial2,0.1,0.4926774887911063,True
physics-rk4,Trial2,0.5,0.5324335108222051,True
physics-rk4-damped,Trial2,0.5,0.26974430255537296,True
persistence,Trial2,0.5,1.4594615795414514,True
constant-velocity,Trial2,0.5,2.3057523029242306,True
nearest-neighbor,Trial2,0.5,0.9232244082353036,True
sindy-real,Trial2,0.5,0.8997292204423122,True
chronos2,Trial2,0.5,1.5331927949358848,True
physics-rk4,Trial2,1.0,1.6205369940267778,True
physics-rk4-damped,Trial2,1.0,0.8962880978159822,True
persistence,Trial2,1.0,0.7961409011025324,True
constant-velocity,Trial2,1.0,1.0013121172690624,True
nearest-neighbor,Trial2,1.0,0.9216930126311409,True
sindy-real,Trial2,1.0,1.4312129241648162,True
chronos2,Trial2,1.0,0.6889252582177541,True
physics-rk4,Trial3,0.1,0.1713246591889681,True
physics-rk4-damped,Trial3,0.1,0.17317788401057133,True
persistence,Trial3,0.1,0.22104737295380628,True
constant-velocity,Trial3,0.1,0.024871211663021198,True
nearest-neighbor,Trial3,0.1,1.1338635910271897,True
sindy-real,Trial3,0.1,0.17799614061045643,True
chronos2,Trial3,0.1,1.5707963267948966,False
physics-rk4,Trial3,0.5,1.6753856125439754,True
physics-rk4-damped,Trial3,0.5,1.7300012992784182,True
persistence,Trial3,0.5,1.302544235650899,True
constant-velocity,Trial3,0.5,0.3672705372340137,True
nearest-neighbor,Trial3,0.5,1.6192181793653284,True
sindy-real,Trial3,0.5,2.132506430716158,True
chronos2,Trial3,0.5,1.5707963267948966,False
physics-rk4,Trial3,1.0,2.4567939306068163,True
physics-rk4-damped,Trial3,1.0,2.536464156580169,True
persistence,Trial3,1.0,2.162875643742205,True
constant-velocity,Trial3,1.0,1.9439421474916376,True
nearest-neighbor,Trial3,1.0,1.985892543552937,True
sindy-real,Trial3,1.0,1.9313657696418898,True
chronos2,Trial3,1.0,1.5707963267948966,False
physics-rk4,Trial3,0.1,0.1921616383150444,True
physics-rk4-damped,Trial3,0.1,0.19504802032055735,True
persistence,Trial3,0.1,0.2559507687302258,True
constant-velocity,Trial3,0.1,0.03227576559344825,True
nearest-neighbor,Trial3,0.1,0.615169420524778,True
sindy-real,Trial3,0.1,0.208210590085673,True
chronos2,Trial3,0.1,1.5707963267948966,False
physics-rk4,Trial3,0.5,1.4100719005870124,True
physics-rk4-damped,Trial3,0.5,1.521413258656152,True
persistence,Trial3,0.5,1.0086138724111837,True
constant-velocity,Trial3,0.5,0.6692536559480617,True
nearest-neighbor,Trial3,0.5,2.099536369998508,True
sindy-real,Trial3,0.5,1.6582322433330932,True
chronos2,Trial3,0.5,1.5707963267948966,False
physics-rk4,Trial3,1.0,1.5553899589222029,True
physics-rk4-damped,Trial3,1.0,2.083395576434367,True
persistence,Trial3,1.0,1.3539858196792334,True
constant-velocity,Trial3,1.0,1.5592764354454431,True
nearest-neighbor,Trial3,1.0,2.171309725316459,True
sindy-real,Trial3,1.0,1.0465641704939628,True
chronos2,Trial3,1.0,1.5707963267948966,False
physics-rk4,Trial3,0.1,0.19178060102785555,True
physics-rk4-damped,Trial3,0.1,0.19193038964954878,True
persistence,Trial3,0.1,0.19087785998982354,True
constant-velocity,Trial3,0.1,0.011647365955413491,True
nearest-neighbor,Trial3,0.1,0.5035368276612875,True
sindy-real,Trial3,0.1,0.37055047640869265,True
chronos2,Trial3,0.1,1.5707963267948966,False
physics-rk4,Trial3,0.5,2.025888308815103,True
physics-rk4-damped,Trial3,0.5,2.1687329249870912,True
persistence,Trial3,0.5,0.8567566440340266,True
constant-velocity,Trial3,0.5,0.20234015107183057,True
nearest-neighbor,Trial3,0.5,0.08537758815444008,True
sindy-real,Trial3,0.5,2.0173082079300384,True
chronos2,Trial3,0.5,1.5707963267948966,False
physics-rk4,Trial3,1.0,1.828420292888869,True
physics-rk4-damped,Trial3,1.0,1.5905246546957752,True
persistence,Trial3,1.0,0.8465029270154685,True
constant-velocity,Trial3,1.0,0.9458020133286313,True
nearest-neighbor,Trial3,1.0,0.029613867811764782,True
sindy-real,Trial3,1.0,1.7042402788483741,True
chronos2,Trial3,1.0,1.5707963267948966,False
physics-rk4,Trial3,0.1,0.07909779011646645,True
physics-rk4-damped,Trial3,0.1,0.07979080480681122,True
persistence,Trial3,0.1,0.05493335662603793,True
constant-velocity,Trial3,0.1,0.03574353657623042,True
nearest-neighbor,Trial3,0.1,0.040996056380713686,True
sindy-real,Trial3,0.1,0.04933334659920763,True
chronos2,Trial3,0.1,1.5707963267948966,False
physics-rk4,Trial3,0.5,2.096976421812352,True
physics-rk4-damped,Trial3,0.5,2.0024511667563063,True
persistence,Trial3,0.5,0.09472954857356508,True
constant-velocity,Trial3,0.5,0.30657393807922806,True
nearest-neighbor,Trial3,0.5,0.026972871980731616,True
sindy-real,Trial3,0.5,1.0126545827017537,True
chronos2,Trial3,0.5,1.5707963267948966,False
physics-rk4,Trial3,1.0,1.098326737208505,True
physics-rk4-damped,Trial3,1.0,0.5534370127724832,True
persistence,Trial3,1.0,0.0949048975066733,True
constant-velocity,Trial3,1.0,0.707702075798913,True
nearest-neighbor,Trial3,1.0,0.02368766641154396,True
sindy-real,Trial3,1.0,2.123576012612121,True
chronos2,Trial3,1.0,1.5707963267948966,False
physics-rk4,Trial3,0.1,0.017810064810430237,True
physics-rk4-damped,Trial3,0.1,0.017408592120275346,True
persistence,Trial3,0.1,0.0012761495175437343,True
constant-velocity,Trial3,0.1,0.009784680551560898,True
nearest-neighbor,Trial3,0.1,0.026016043620558538,True
sindy-real,Trial3,0.1,0.03912628646143479,True
chronos2,Trial3,0.1,1.5707963267948966,False
physics-rk4,Trial3,0.5,1.349452395373198,True
physics-rk4-damped,Trial3,0.5,1.2745351427267462,True
persistence,Trial3,0.5,0.013561146899176979,True
constant-velocity,Trial3,0.5,0.04793982512492545,True
nearest-neighbor,Trial3,0.5,0.01971701047637575,True
sindy-real,Trial3,0.5,2.166359348686041,True
chronos2,Trial3,0.5,1.5707963267948966,False
physics-rk4,Trial3,1.0,0.8899449440847622,True
physics-rk4-damped,Trial3,1.0,0.7210127228151162,True
persistence,Trial3,1.0,0.8398692013488931,True
constant-velocity,Trial3,1.0,0.9249545116890643,True
nearest-neighbor,Trial3,1.0,0.8628922069825147,True
sindy-real,Trial3,1.0,1.6889782524126105,True
chronos2,Trial3,1.0,1.5707963267948966,False
physics-rk4,Trial3,0.1,0.009505124639339613,True
physics-rk4-damped,Trial3,0.1,0.009434720443113553,True
persistence,Trial3,0.1,0.003501033420607369,True
constant-velocity,Trial3,0.1,0.0031132291308890725,True
nearest-neighbor,Trial3,0.1,0.009516025344414869,True
sindy-real,Trial3,0.1,0.0449436299264363,True
chronos2,Trial3,0.1,1.5707963267948966,False
physics-rk4,Trial3,0.5,0.799039952629276,True
physics-rk4-damped,Trial3,0.5,0.7937593429459344,True
persistence,Trial3,0.5,0.36461736438193304,True
constant-velocity,Trial3,0.5,0.3572431939210585,True
nearest-neighbor,Trial3,0.5,0.385972769897023,True
sindy-real,Trial3,0.5,2.6676237207938875,True
chronos2,Trial3,0.5,1.5707963267948966,False
physics-rk4,Trial3,1.0,1.6037442820547558,True
physics-rk4-damped,Trial3,1.0,1.2211825481268974,True
persistence,Trial3,1.0,1.41434955337699,True
constant-velocity,Trial3,1.0,1.3996012124553268,True
nearest-neighbor,Trial3,1.0,1.407542573457548,True
sindy-real,Trial3,1.0,1.4239834239670293,True
chronos2,Trial3,1.0,1.5707963267948966,False
physics-rk4,Trial3,0.1,0.03876243704860305,True
physics-rk4-damped,Trial3,0.1,0.044164680347275054,True
persistence,Trial3,0.1,0.2286568236920885,True
constant-velocity,Trial3,0.1,0.10219412914047821,True
nearest-neighbor,Trial3,0.1,0.10705195031237258,True
sindy-real,Trial3,0.1,0.06963802109291706,True
chronos2,Trial3,0.1,1.5707963267948966,False
physics-rk4,Trial3,0.5,0.8841644652328569,True
physics-rk4-damped,Trial3,0.5,0.7171576740953305,True
persistence,Trial3,0.5,2.8624822562961363,True
constant-velocity,Trial3,0.5,2.3323781717580188,True
nearest-neighbor,Trial3,0.5,2.970530502199199,True
sindy-real,Trial3,0.5,0.8518464202436231,True
chronos2,Trial3,0.5,1.5707963267948966,False
physics-rk4,Trial3,1.0,1.6643553411753946,True
physics-rk4-damped,Trial3,1.0,2.0539514006625414,True
persistence,Trial3,1.0,1.408662096663262,True
constant-velocity,Trial3,1.0,2.4688702657394987,True
nearest-neighbor,Trial3,1.0,1.367202610669624,True
sindy-real,Trial3,1.0,1.546263038648152,True
chronos2,Trial3,1.0,1.5707963267948966,False
physics-rk4,Trial3,0.1,0.22387114927847662,True
physics-rk4-damped,Trial3,0.1,0.2761747420216403,True
persistence,Trial3,0.1,1.8710583019884592,True
constant-velocity,Trial3,0.1,0.8429308172821051,True
nearest-neighbor,Trial3,0.1,0.5769534683246214,True
sindy-real,Trial3,0.1,0.8665626101150963,True
chronos2,Trial3,0.1,0.9787648663126003,True
physics-rk4,Trial3,0.5,0.44205902314909995,True
physics-rk4-damped,Trial3,0.5,1.5224534469399398,True
persistence,Trial3,0.5,1.8246858559854195,True
constant-velocity,Trial3,0.5,1.3504799133180638,True
nearest-neighbor,Trial3,0.5,1.0276228374047083,True
sindy-real,Trial3,0.5,1.1253808506739982,True
chronos2,Trial3,0.5,0.22753980248631134,True
physics-rk4,Trial3,1.0,0.9640529118180909,True
physics-rk4-damped,Trial3,1.0,0.7309899379544764,True
persistence,Trial3,1.0,0.7175774714172061,True
constant-velocity,Trial3,1.0,1.8520201610197056,True
nearest-neighbor,Trial3,1.0,1.395804598883652,True
sindy-real,Trial3,1.0,0.9970991836587397,True
chronos2,Trial3,1.0,1.26959237784819,True
physics-rk4,Trial3,0.1,0.06008731959562752,True
physics-rk4-damped,Trial3,0.1,0.10734682200937717,True
persistence,Trial3,0.1,1.9244479620450914,True
constant-velocity,Trial3,0.1,0.41105084859820984,True
nearest-neighbor,Trial3,0.1,0.26122202954839757,True
sindy-real,Trial3,0.1,0.13103557111239184,True
chronos2,Trial3,0.1,1.5088027868423954,True
physics-rk4,Trial3,0.5,0.14830956287334462,True
physics-rk4-damped,Trial3,0.5,0.8388963782645296,True
persistence,Trial3,0.5,2.688422850915103,True
constant-velocity,Trial3,0.5,1.2849277033014004,True
nearest-neighbor,Trial3,0.5,0.6060137257367071,True
sindy-real,Trial3,0.5,2.2324793648550534,True
chronos2,Trial3,0.5,0.9551106388959796,True
physics-rk4,Trial3,1.0,0.7186160105595616,True
physics-rk4-damped,Trial3,1.0,1.3272206094002623,True
persistence,Trial3,1.0,0.9826969980228228,True
constant-velocity,Trial3,1.0,2.8653903260050497,True
nearest-neighbor,Trial3,1.0,0.7435268393206016,True
sindy-real,Trial3,1.0,1.413005807848232,True
chronos2,Trial3,1.0,0.3216669594396482,True
physics-rk4,Trial3,0.1,0.034732046474713396,True
physics-rk4-damped,Trial3,0.1,0.07340521201377381,True
persistence,Trial3,0.1,1.5328108320069354,True
constant-velocity,Trial3,0.1,0.1693495166454979,True
nearest-neighbor,Trial3,0.1,0.24216614122216829,True
sindy-real,Trial3,0.1,0.3557683791348909,True
chronos2,Trial3,0.1,0.7104567372271884,True
physics-rk4,Trial3,0.5,0.49927932238938855,True
physics-rk4-damped,Trial3,0.5,0.18579412665112294,True
persistence,Trial3,0.5,1.64591951890803,True
constant-velocity,Trial3,0.5,0.5925111004318504,True
nearest-neighbor,Trial3,0.5,0.3812458910261025,True
sindy-real,Trial3,0.5,2.3654206671812843,True
chronos2,Trial3,0.5,2.489034350643287,True
physics-rk4,Trial3,1.0,0.8605292965826616,True
physics-rk4-damped,Trial3,1.0,2.1552504916469704,True
persistence,Trial3,1.0,2.3050473948849657,True
constant-velocity,Trial3,1.0,1.349713213937891,True
nearest-neighbor,Trial3,1.0,2.4981056186424127,True
sindy-real,Trial3,1.0,1.514340421436553,True
chronos2,Trial3,1.0,1.3581908339428748,True
physics-rk4,Trial3,0.1,0.04469764428118239,True
physics-rk4-damped,Trial3,0.1,0.03682161082837787,True
persistence,Trial3,0.1,0.5004049020016614,True
constant-velocity,Trial3,0.1,0.1753406091066898,True
nearest-neighbor,Trial3,0.1,0.35665327079653597,True
sindy-real,Trial3,0.1,0.5601935271400311,True
chronos2,Trial3,0.1,0.9789823451494906,True
physics-rk4,Trial3,0.5,0.7958920484502592,True
physics-rk4-damped,Trial3,0.5,0.773683800216789,True
persistence,Trial3,0.5,1.214093100594111,True
constant-velocity,Trial3,0.5,1.3210355241495293,True
nearest-neighbor,Trial3,0.5,2.4156997300170797,True
sindy-real,Trial3,0.5,1.4820116236172236,True
chronos2,Trial3,0.5,1.91597355198288,True
physics-rk4,Trial3,1.0,2.2725466850681997,True
physics-rk4-damped,Trial3,1.0,1.9931933387781902,True
persistence,Trial3,1.0,1.435374037167894,True
constant-velocity,Trial3,1.0,1.4282227895081192,True
nearest-neighbor,Trial3,1.0,2.8214591958422144,True
sindy-real,Trial3,1.0,0.7373052654368015,True
chronos2,Trial3,1.0,0.16748442967916755,True
physics-rk4,Trial3,0.1,0.05895989360627141,True
physics-rk4-damped,Trial3,0.1,0.050654508070826054,True
persistence,Trial3,0.1,0.5261228762211783,True
constant-velocity,Trial3,0.1,0.28790224043915735,True
nearest-neighbor,Trial3,0.1,0.535163648697325,True
sindy-real,Trial3,0.1,0.08329047138866397,True
chronos2,Trial3,0.1,0.19034004251808234,True
physics-rk4,Trial3,0.5,0.47989678547596304,True
physics-rk4-damped,Trial3,0.5,0.373533406827228,True
persistence,Trial3,0.5,2.414349959253514,True
constant-velocity,Trial3,0.5,2.3548997497526076,True
nearest-neighbor,Trial3,0.5,1.6857233037254913,True
sindy-real,Trial3,0.5,1.6019107586063135,True
chronos2,Trial3,0.5,1.047375926634285,True
physics-rk4,Trial3,1.0,1.624650888811761,True
physics-rk4-damped,Trial3,1.0,0.5755577540161165,True
persistence,Trial3,1.0,2.205805880356891,True
constant-velocity,Trial3,1.0,0.8299031443367557,True
nearest-neighbor,Trial3,1.0,2.050629858476242,True
sindy-real,Trial3,1.0,1.4890725892903784,True
chronos2,Trial3,1.0,2.0940792751587374,True
physics-rk4,Trial3,0.1,0.16482062938756847,True
physics-rk4-damped,Trial3,0.1,0.15115729738552286,True
persistence,Trial3,0.1,0.9161476739930792,True
constant-velocity,Trial3,0.1,0.7043447140600696,True
nearest-neighbor,Trial3,0.1,0.27603281013582315,True
sindy-real,Trial3,0.1,0.3601594770098915,True
chronos2,Trial3,0.1,1.7071392347018888,True
physics-rk4,Trial3,0.5,2.323323854645494,True
physics-rk4-damped,Trial3,0.5,2.173033094473736,True
persistence,Trial3,0.5,1.3260443654213625,True
constant-velocity,Trial3,0.5,0.8964341696807345,True
nearest-neighbor,Trial3,0.5,0.8173399170063136,True
sindy-real,Trial3,0.5,1.5936503894131993,True
chronos2,Trial3,0.5,0.4753212498609427,True
physics-rk4,Trial3,1.0,1.4848881039161075,True
physics-rk4-damped,Trial3,1.0,1.1134955228577672,True
persistence,Trial3,1.0,2.110827889953055,True
constant-velocity,Trial3,1.0,0.634129841260485,True
nearest-neighbor,Trial3,1.0,0.7966601577022665,True
sindy-real,Trial3,1.0,2.684415231850018,True
chronos2,Trial3,1.0,1.6838267627582755,True
physics-rk4,Trial3,0.1,0.04826157583497315,True
physics-rk4-damped,Trial3,0.1,0.04193489005874618,True
persistence,Trial3,0.1,0.8394861799445392,True
constant-velocity,Trial3,0.1,0.3010831408674828,True
nearest-neighbor,Trial3,0.1,0.6345566424714182,True
sindy-real,Trial3,0.1,0.6273695722964434,True
chronos2,Trial3,0.1,0.4209465691870786,True
physics-rk4,Trial3,0.5,1.1881387187835086,True
physics-rk4-damped,Trial3,0.5,1.4395295141535982,True
persistence,Trial3,0.5,1.4602409171753008,True
constant-velocity,Trial3,0.5,2.148863656834509,True
nearest-neighbor,Trial3,0.5,1.1599391910270196,True
sindy-real,Trial3,0.5,2.421559932391831,True
chronos2,Trial3,0.5,1.9497710238773358,True
physics-rk4,Trial3,1.0,0.5478284812366816,True
physics-rk4-damped,Trial3,1.0,0.5812263472903019,True
persistence,Trial3,1.0,1.211139220242967,True
constant-velocity,Trial3,1.0,1.131889877996033,True
nearest-neighbor,Trial3,1.0,0.657058924537461,True
sindy-real,Trial3,1.0,1.8623584925254626,True
chronos2,Trial3,1.0,0.7953474713542836,True
physics-rk4,Trial3,0.1,0.0301245299730466,True
physics-rk4-damped,Trial3,0.1,0.017868465559288893,True
persistence,Trial3,0.1,1.605812633793259,True
constant-velocity,Trial3,0.1,0.07862210351426402,True
nearest-neighbor,Trial3,0.1,0.7436624565708057,True
sindy-real,Trial3,0.1,0.7366731289735995,True
chronos2,Trial3,0.1,0.789404128537786,True
physics-rk4,Trial3,0.5,0.9528203988915362,True
physics-rk4-damped,Trial3,0.5,0.2250389164735287,True
persistence,Trial3,0.5,2.784458439019343,True
constant-velocity,Trial3,0.5,1.9098089059542311,True
nearest-neighbor,Trial3,0.5,1.2914977974716049,True
sindy-real,Trial3,0.5,2.4753551186113496,True
chronos2,Trial3,0.5,1.543787975396088,True
physics-rk4,Trial3,1.0,0.3997369830684736,True
physics-rk4-damped,Trial3,1.0,1.0229718888458366,True
persistence,Trial3,1.0,0.9433190169501429,True
constant-velocity,Trial3,1.0,2.0797031220764084,True
nearest-neighbor,Trial3,1.0,1.158102991017767,True
sindy-real,Trial3,1.0,1.7325157325305796,True
chronos2,Trial3,1.0,1.78264247131948,True
physics-rk4,Trial3,0.1,0.15495614235254784,True
physics-rk4-damped,Trial3,0.1,0.11192991355401638,True
persistence,Trial3,0.1,1.6001986457238684,True
constant-velocity,Trial3,0.1,0.8602686162018891,True
nearest-neighbor,Trial3,0.1,0.5207557908312115,True
sindy-real,Trial3,0.1,1.137017150843073,True
chronos2,Trial3,0.1,1.178110649330827,True
physics-rk4,Trial3,0.5,0.9873435278756406,True
physics-rk4-damped,Trial3,0.5,0.1439899274202876,True
persistence,Trial3,0.5,1.5758676311164814,True
constant-velocity,Trial3,0.5,2.767731991591125,True
nearest-neighbor,Trial3,0.5,0.4201963435910576,True
sindy-real,Trial3,0.5,1.4033066328664772,True
chronos2,Trial3,0.5,1.6412797745645422,True
physics-rk4,Trial3,1.0,1.423093694843529,True
physics-rk4-damped,Trial3,1.0,1.8914133110202274,True
persistence,Trial3,1.0,0.8362125116444474,True
constant-velocity,Trial3,1.0,2.833448751406129,True
nearest-neighbor,Trial3,1.0,0.30978275148591194,True
sindy-real,Trial3,1.0,1.1499611874096338,True
chronos2,Trial3,1.0,0.5112532894036992,True
physics-rk4,Trial3,0.1,0.1692189160350681,True
physics-rk4-damped,Trial3,0.1,0.15578163823456492,True
persistence,Trial3,0.1,0.8632343635087829,True
constant-velocity,Trial3,0.1,0.6754274661761555,True
nearest-neighbor,Trial3,0.1,0.14582722488906885,True
sindy-real,Trial3,0.1,0.3473487222704117,True
chronos2,Trial3,0.1,0.40636631245184995,True
physics-rk4,Trial3,0.5,1.3653254912431363,True
physics-rk4-damped,Trial3,0.5,1.7886017440596316,True
persistence,Trial3,0.5,1.697181072022596,True
constant-velocity,Trial3,0.5,2.517445523259221,True
nearest-neighbor,Trial3,0.5,0.5663208662652526,True
sindy-real,Trial3,0.5,1.9090095150835014,True
chronos2,Trial3,0.5,1.0851248225577694,True
physics-rk4,Trial3,1.0,1.9959926436122903,True
physics-rk4-damped,Trial3,1.0,1.8328419535668905,True
persistence,Trial3,1.0,0.4622136599568005,True
constant-velocity,Trial3,1.0,1.2544890928169696,True
nearest-neighbor,Trial3,1.0,0.879072453035489,True
sindy-real,Trial3,1.0,0.9767064984443454,True
chronos2,Trial3,1.0,1.3261042555415914,True
physics-rk4,Trial3,0.1,0.15471293495070348,True
physics-rk4-damped,Trial3,0.1,0.12037386363806402,True
persistence,Trial3,0.1,1.6206363167042257,True
constant-velocity,Trial3,0.1,0.42578353066730834,True
nearest-neighbor,Trial3,0.1,0.13879037977566,True
sindy-real,Trial3,0.1,1.2262551514336582,True
chronos2,Trial3,0.1,0.2535958386628012,True
physics-rk4,Trial3,0.5,0.8327210366128464,True
physics-rk4-damped,Trial3,0.5,0.316310410750396,True
persistence,Trial3,0.5,2.3895295462300106,True
constant-velocity,Trial3,0.5,2.841322183616206,True
nearest-neighbor,Trial3,0.5,1.118823086353669,True
sindy-real,Trial3,0.5,2.951802548253008,True
chronos2,Trial3,0.5,0.6772591825527399,True
physics-rk4,Trial3,1.0,1.926654582848359,True
physics-rk4-damped,Trial3,1.0,1.071007610333072,True
persistence,Trial3,1.0,0.6444139281523054,True
constant-velocity,Trial3,1.0,1.090489520839359,True
nearest-neighbor,Trial3,1.0,1.911350740383349,True
sindy-real,Trial3,1.0,0.13177223159136986,True
chronos2,Trial3,1.0,0.8507670200994131,True
physics-rk4,Trial3,0.1,0.052409684380858135,True
physics-rk4-damped,Trial3,0.1,0.07875083743115807,True
persistence,Trial3,0.1,1.5254565967308422,True
constant-velocity,Trial3,0.1,0.2647240893781615,True
nearest-neighbor,Trial3,0.1,0.13628051904191452,True
sindy-real,Trial3,0.1,1.1478342751345947,True
chronos2,Trial3,0.1,0.5825311678856928,True
physics-rk4,Trial3,0.5,0.7524174285336453,True
physics-rk4-damped,Trial3,0.5,0.5264082889258681,True
persistence,Trial3,0.5,1.7890924132412493,True
constant-velocity,Trial3,0.5,1.014072682291963,True
nearest-neighbor,Trial3,0.5,1.3737456654949929,True
sindy-real,Trial3,0.5,0.7847419666461963,True
chronos2,Trial3,0.5,1.0873140351370232,True
physics-rk4,Trial3,1.0,2.5298074206953274,True
physics-rk4-damped,Trial3,1.0,1.646682622206478,True
persistence,Trial3,1.0,1.0887336318287368,True
constant-velocity,Trial3,1.0,0.875404988077801,True
nearest-neighbor,Trial3,1.0,0.4227143330707648,True
sindy-real,Trial3,1.0,1.4352286663066298,True
chronos2,Trial3,1.0,1.7346932138906035,True
physics-rk4,Trial3,0.1,0.03560803699358317,True
physics-rk4-damped,Trial3,0.1,0.027575824851470365,True
persistence,Trial3,0.1,0.4198806315077803,True
constant-velocity,Trial3,0.1,0.24080261751966425,True
nearest-neighbor,Trial3,0.1,0.5852738626988554,True
sindy-real,Trial3,0.1,1.4514711227227788,True
chronos2,Trial3,0.1,0.5954428993349037,True
physics-rk4,Trial3,0.5,0.7569401209034918,True
physics-rk4-damped,Trial3,0.5,0.8218309966554478,True
persistence,Trial3,0.5,2.7801403540806264,True
constant-velocity,Trial3,0.5,0.6530215300476874,True
nearest-neighbor,Trial3,0.5,1.5127823397636053,True
sindy-real,Trial3,0.5,1.7620848098883934,True
chronos2,Trial3,0.5,1.6396251037272789,True
physics-rk4,Trial3,1.0,1.8544427064694577,True
physics-rk4-damped,Trial3,1.0,1.4874139224698237,True
persistence,Trial3,1.0,1.6682101151109703,True
constant-velocity,Trial3,1.0,1.820698040864316,True
nearest-neighbor,Trial3,1.0,1.2848565906679768,True
sindy-real,Trial3,1.0,0.8076070032854643,True
chronos2,Trial3,1.0,1.3775582300684106,True
physics-rk4,Trial3,0.1,0.11035625323667775,True
physics-rk4-damped,Trial3,0.1,0.08204006983551482,True
persistence,Trial3,0.1,1.51742176117352,True
constant-velocity,Trial3,0.1,0.5639513130540661,True
nearest-neighbor,Trial3,0.1,0.26517408742536475,True
sindy-real,Trial3,0.1,1.2402285319819986,True
chronos2,Trial3,0.1,0.42102985952749883,True
physics-rk4,Trial3,0.5,1.323333475805093,True
physics-rk4-damped,Trial3,0.5,1.1261313727384188,True
persistence,Trial3,0.5,1.3316186196452087,True
constant-velocity,Trial3,0.5,1.4732852551868487,True
nearest-neighbor,Trial3,0.5,1.1726238903625723,True
sindy-real,Trial3,0.5,1.7026568178183936,True
chronos2,Trial3,0.5,1.7275106901009436,True
physics-rk4,Trial3,1.0,1.4116348170723967,True
physics-rk4-damped,Trial3,1.0,2.2081239255044016,True
persistence,Trial3,1.0,2.354564147379432,True
constant-velocity,Trial3,1.0,1.6811865898639624,True
nearest-neighbor,Trial3,1.0,1.8272164866419471,True
sindy-real,Trial3,1.0,0.6761001401624762,True
chronos2,Trial3,1.0,1.0846534174669773,True
physics-rk4,Trial3,0.1,0.10342813691238506,True
physics-rk4-damped,Trial3,0.1,0.10289319160285082,True
persistence,Trial3,0.1,0.4788077563903057,True
constant-velocity,Trial3,0.1,0.31836596440329945,True
nearest-neighbor,Trial3,0.1,0.12246312415422533,True
sindy-real,Trial3,0.1,2.008171017732041,True
chronos2,Trial3,0.1,0.2640102709389316,True
physics-rk4,Trial3,0.5,0.4379373234604884,True
physics-rk4-damped,Trial3,0.5,0.39811573565802316,True
persistence,Trial3,0.5,2.226819983883768,True
constant-velocity,Trial3,0.5,1.9559485345245813,True
nearest-neighbor,Trial3,0.5,0.24343015647395028,True
sindy-real,Trial3,0.5,1.3777987799494102,True
chronos2,Trial3,0.5,0.9149193885528213,True
physics-rk4,Trial3,1.0,0.8754347106943934,True
physics-rk4-damped,Trial3,1.0,1.2335533393500802,True
persistence,Trial3,1.0,0.8980140760108326,True
constant-velocity,Trial3,1.0,2.335199493821633,True
nearest-neighbor,Trial3,1.0,1.4812258204424769,True
sindy-real,Trial3,1.0,2.1141686949343903,True
chronos2,Trial3,1.0,1.0109527298569438,True
physics-rk4,Trial3,0.1,0.05910711244671951,True
physics-rk4-damped,Trial3,0.1,0.06136695888133126,True
persistence,Trial3,0.1,0.28030182617837074,True
constant-velocity,Trial3,0.1,0.19580994526127693,True
nearest-neighbor,Trial3,0.1,0.2580947643901492,True
sindy-real,Trial3,0.1,1.7472956471706493,True
chronos2,Trial3,0.1,0.5124159136948911,True
physics-rk4,Trial3,0.5,1.7392220669684537,True
physics-rk4-damped,Trial3,0.5,1.5109406413314699,True
persistence,Trial3,0.5,1.4740539638587173,True
constant-velocity,Trial3,0.5,1.0516050891290063,True
nearest-neighbor,Trial3,0.5,0.3467672513975657,True
sindy-real,Trial3,0.5,1.8681151962347897,True
chronos2,Trial3,0.5,1.323166540538224,True
physics-rk4,Trial3,1.0,0.5218869232306287,True
physics-rk4-damped,Trial3,1.0,0.542949266485087,True
persistence,Trial3,1.0,1.5838399490014008,True
constant-velocity,Trial3,1.0,0.6565106854464209,True
nearest-neighbor,Trial3,1.0,1.402805890845249,True
sindy-real,Trial3,1.0,1.0735268407836998,True
chronos2,Trial3,1.0,0.48821659380686766,True
physics-rk4,Trial3,0.1,0.01111232163443221,True
physics-rk4-damped,Trial3,0.1,0.07168240495729972,True
persistence,Trial3,0.1,1.3732789154440308,True
constant-velocity,Trial3,0.1,0.06083066102949042,True
nearest-neighbor,Trial3,0.1,0.2962589078632636,True
sindy-real,Trial3,0.1,1.810406498486533,True
chronos2,Trial3,0.1,1.1470186580572506,True
physics-rk4,Trial3,0.5,0.40984624746450615,True
physics-rk4-damped,Trial3,0.5,0.6758087676261972,True
persistence,Trial3,0.5,2.0628524600082776,True
constant-velocity,Trial3,0.5,2.0306990625177117,True
nearest-neighbor,Trial3,0.5,0.9425453739328349,True
sindy-real,Trial3,0.5,1.1604482888240462,True
chronos2,Trial3,0.5,1.1320163514876476,True
physics-rk4,Trial3,1.0,1.4558388989204687,True
physics-rk4-damped,Trial3,1.0,0.6990443956188157,True
persistence,Trial3,1.0,0.9683893345712109,True
constant-velocity,Trial3,1.0,1.2889724497098878,True
nearest-neighbor,Trial3,1.0,0.633375726852508,True
sindy-real,Trial3,1.0,1.8405131087481692,True
chronos2,Trial3,1.0,1.9165165990442157,True
physics-rk4,Trial3,0.1,0.039770535990031775,True
physics-rk4-damped,Trial3,0.1,0.029519695545124236,True
persistence,Trial3,0.1,1.643180099757882,True
constant-velocity,Trial3,0.1,0.5275864809816833,True
nearest-neighbor,Trial3,0.1,1.0325776537897813,True
sindy-real,Trial3,0.1,1.1174496248370636,True
chronos2,Trial3,0.1,0.21199232838312998,True
physics-rk4,Trial3,0.5,0.3704720920544351,True
physics-rk4-damped,Trial3,0.5,1.1940439052230696,True
persistence,Trial3,0.5,1.9133250903542396,True
constant-velocity,Trial3,0.5,0.6124795725535521,True
nearest-neighbor,Trial3,0.5,1.824748003287974,True
sindy-real,Trial3,0.5,0.515267752164787,True
chronos2,Trial3,0.5,1.332443043685966,True
physics-rk4,Trial3,1.0,0.2340762207277005,True
physics-rk4-damped,Trial3,1.0,0.7500155627493066,True
persistence,Trial3,1.0,0.7488689491918237,True
constant-velocity,Trial3,1.0,1.0323517169247296,True
nearest-neighbor,Trial3,1.0,0.983427239831471,True
sindy-real,Trial3,1.0,1.573088769432312,True
chronos2,Trial3,1.0,2.0252114358707978,True
physics-rk4,Trial3,0.1,0.07075906355849115,True
physics-rk4-damped,Trial3,0.1,0.046253075712299196,True
persistence,Trial3,0.1,1.9178956940628833,True
constant-velocity,Trial3,0.1,0.5389307575708755,True
nearest-neighbor,Trial3,0.1,0.44919779889347033,True
sindy-real,Trial3,0.1,0.7062284366872089,True
chronos2,Trial3,0.1,0.19760878038946217,True
physics-rk4,Trial3,0.5,0.4246089228240817,True
physics-rk4-damped,Trial3,0.5,0.7230310319221607,True
persistence,Trial3,0.5,1.8667910755570616,True
constant-velocity,Trial3,0.5,2.1462639521595532,True
nearest-neighbor,Trial3,0.5,1.378234636267079,True
sindy-real,Trial3,0.5,1.217276077419795,True
chronos2,Trial3,0.5,1.9780155230411824,True
physics-rk4,Trial3,1.0,1.7219213575263757,True
physics-rk4-damped,Trial3,1.0,1.8257527319266766,True
persistence,Trial3,1.0,0.9771235728558452,True
constant-velocity,Trial3,1.0,0.24615517770505146,True
nearest-neighbor,Trial3,1.0,0.8854616153312937,True
sindy-real,Trial3,1.0,0.9122345832496181,True
chronos2,Trial3,1.0,2.4829813296682257,True
physics-rk4,Trial3,0.1,0.042366470687087876,True
physics-rk4-damped,Trial3,0.1,0.08167723220553169,True
persistence,Trial3,0.1,1.6768825551041728,True
constant-velocity,Trial3,0.1,0.09531170275068712,True
nearest-neighbor,Trial3,0.1,0.9874210865683093,True
sindy-real,Trial3,0.1,0.7177900061620335,True
chronos2,Trial3,0.1,0.30836786995688836,True
physics-rk4,Trial3,0.5,0.4376403899457073,True
physics-rk4-damped,Trial3,0.5,1.2835898012978109,True
persistence,Trial3,0.5,2.4763198484012796,True
constant-velocity,Trial3,0.5,2.0242105185489416,True
nearest-neighbor,Trial3,0.5,1.1504234581049673,True
sindy-real,Trial3,0.5,0.35791015358891975,True
chronos2,Trial3,0.5,1.400166358535074,True
physics-rk4,Trial3,1.0,1.1358420367698074,True
physics-rk4-damped,Trial3,1.0,1.1181345681028305,True
persistence,Trial3,1.0,0.927010656592171,True
constant-velocity,Trial3,1.0,2.242225745258416,True
nearest-neighbor,Trial3,1.0,0.8179427264789672,True
sindy-real,Trial3,1.0,2.1809816595184874,True
chronos2,Trial3,1.0,1.622229129452751,True
physics-rk4,Trial3,0.1,0.09850118621428106,True
physics-rk4-damped,Trial3,0.1,0.046585618078077484,True
persistence,Trial3,0.1,1.86499651407448,True
constant-velocity,Trial3,0.1,0.20758443379492197,True
nearest-neighbor,Trial3,0.1,0.6861316736566483,True
sindy-real,Trial3,0.1,0.3751368603149996,True
chronos2,Trial3,0.1,0.5834399943057655,True
physics-rk4,Trial3,0.5,1.158037967539415,True
physics-rk4-damped,Trial3,0.5,0.26322373600303983,True
persistence,Trial3,0.5,1.6520804986904403,True
constant-velocity,Trial3,0.5,2.3131618858612786,True
nearest-neighbor,Trial3,0.5,1.1956133800220492,True
sindy-real,Trial3,0.5,2.161208412251513,True
chronos2,Trial3,0.5,1.9947038167406297,True
physics-rk4,Trial3,1.0,1.9050235230206165,True
physics-rk4-damped,Trial3,1.0,0.35776793837217324,True
persistence,Trial3,1.0,2.115306868869316,True
constant-velocity,Trial3,1.0,0.8673909041879337,True
nearest-neighbor,Trial3,1.0,1.9224464111762667,True
sindy-real,Trial3,1.0,0.9620638522459104,True
chronos2,Trial3,1.0,1.4451141961379368,True
physics-rk4,Trial3,0.1,0.07200089284795297,True
physics-rk4-damped,Trial3,0.1,0.09876569267580138,True
persistence,Trial3,0.1,1.828420540144418,True
constant-velocity,Trial3,0.1,0.328193144367495,True
nearest-neighbor,Trial3,0.1,0.45540367683843463,True
sindy-real,Trial3,0.1,0.34590695109656,True
chronos2,Trial3,0.1,0.7511049644501129,True
physics-rk4,Trial3,0.5,0.5847534397084488,True
physics-rk4-damped,Trial3,0.5,0.6548527525956973,True
persistence,Trial3,0.5,1.5691664986607319,True
constant-velocity,Trial3,0.5,0.9252037818956946,True
nearest-neighbor,Trial3,0.5,1.3434837737780692,True
sindy-real,Trial3,0.5,1.5117634849486703,True
chronos2,Trial3,0.5,2.0421040933046255,True
physics-rk4,Trial3,1.0,1.671380833871308,True
physics-rk4-damped,Trial3,1.0,1.2694915597176606,True
persistence,Trial3,1.0,1.0285589244857691,True
constant-velocity,Trial3,1.0,1.7342482346655128,True
nearest-neighbor,Trial3,1.0,1.6095808753713445,True
sindy-real,Trial3,1.0,2.180924356601955,True
chronos2,Trial3,1.0,0.9943280190195338,True
physics-rk4,Trial3,0.1,0.10866507966364747,True
physics-rk4-damped,Trial3,0.1,0.12209586705931974,True
persistence,Trial3,0.1,1.21259507243091,True
constant-velocity,Trial3,0.1,0.638740153113174,True
nearest-neighbor,Trial3,0.1,0.10205755257699689,True
sindy-real,Trial3,0.1,0.23957433316713406,True
chronos2,Trial3,0.1,1.45328652346522,True
physics-rk4,Trial3,0.5,1.4630079142834536,True
physics-rk4-damped,Trial3,0.5,1.2870945589197706,True
persistence,Trial3,0.5,0.4271425957699915,True
constant-velocity,Trial3,0.5,0.42351357226408215,True
nearest-neighbor,Trial3,0.5,0.6962508387156268,True
sindy-real,Trial3,0.5,1.4002725385188577,True
chronos2,Trial3,0.5,1.252057937052291,True
physics-rk4,Trial3,1.0,1.2979657426842235,True
physics-rk4-damped,Trial3,1.0,1.4378877438280435,True
persistence,Trial3,1.0,1.296638083457467,True
constant-velocity,Trial3,1.0,1.4795196346796367,True
nearest-neighbor,Trial3,1.0,1.442753630440218,True
sindy-real,Trial3,1.0,1.6386528857264215,True
chronos2,Trial3,1.0,0.4194032720817722,True
physics-rk4,Trial3,0.1,0.04138805937531265,True
physics-rk4-damped,Trial3,0.1,0.05429004947121463,True
persistence,Trial3,0.1,0.9571954967149812,True
constant-velocity,Trial3,0.1,0.27156034891415937,True
nearest-neighbor,Trial3,0.1,0.2640648863532622,True
sindy-real,Trial3,0.1,0.6611254004590115,True
chronos2,Trial3,0.1,0.8431004958426134,True
physics-rk4,Trial3,0.5,0.11796550986222032,True
physics-rk4-damped,Trial3,0.5,0.5138284104791753,True
persistence,Trial3,0.5,1.5723882281454165,True
constant-velocity,Trial3,0.5,2.0292454133597864,True
nearest-neighbor,Trial3,0.5,0.9033038295251394,True
sindy-real,Trial3,0.5,1.5725063614029198,True
chronos2,Trial3,0.5,1.0070860247689022,True
physics-rk4,Trial3,1.0,1.081756121522154,True
physics-rk4-damped,Trial3,1.0,1.0259225324070362,True
persistence,Trial3,1.0,1.700438677960776,True
constant-velocity,Trial3,1.0,1.3074377113979851,True
nearest-neighbor,Trial3,1.0,0.620310701561066,True
sindy-real,Trial3,1.0,1.6767510433491264,True
chronos2,Trial3,1.0,1.13190181332677,True
physics-rk4,Trial3,0.1,0.05799031969292612,True
physics-rk4-damped,Trial3,0.1,0.03682558507954381,True
persistence,Trial3,0.1,0.7420429287401062,True
constant-velocity,Trial3,0.1,0.2683920615713098,True
nearest-neighbor,Trial3,0.1,0.5504751482599586,True
sindy-real,Trial3,0.1,0.5398505370904019,True
chronos2,Trial3,0.1,0.3468768221723688,True
physics-rk4,Trial3,0.5,1.9541618584946234,True
physics-rk4-damped,Trial3,0.5,1.6620404567358897,True
persistence,Trial3,0.5,1.7513268670648925,True
constant-velocity,Trial3,0.5,2.426941153789774,True
nearest-neighbor,Trial3,0.5,1.3043589914474625,True
sindy-real,Trial3,0.5,0.8296674493897775,True
chronos2,Trial3,0.5,1.6354553789912503,True
physics-rk4,Trial3,1.0,1.6869026534714835,True
physics-rk4-damped,Trial3,1.0,0.8999156100821359,True
persistence,Trial3,1.0,0.7860768599270327,True
constant-velocity,Trial3,1.0,2.5286530058534242,True
nearest-neighbor,Trial3,1.0,1.180291251549459,True
sindy-real,Trial3,1.0,1.133225020567668,True
chronos2,Trial3,1.0,1.3009637460173358,True
physics-rk4,Trial3,0.1,0.048892138206872104,True
physics-rk4-damped,Trial3,0.1,0.07827475290044283,True
persistence,Trial3,0.1,1.4130914596412403,True
constant-velocity,Trial3,0.1,0.24287836108564909,True
nearest-neighbor,Trial3,0.1,0.31195277956607814,True
sindy-real,Trial3,0.1,0.6545571877829537,True
chronos2,Trial3,0.1,1.215614780270743,True
physics-rk4,Trial3,0.5,0.21244432065348606,True
physics-rk4-damped,Trial3,0.5,0.9341829098237966,True
persistence,Trial3,0.5,2.0316423061778917,True
constant-velocity,Trial3,0.5,1.1492215477040038,True
nearest-neighbor,Trial3,0.5,0.8214264121929391,True
sindy-real,Trial3,0.5,0.7304434055254241,True
chronos2,Trial3,0.5,0.5235614171030574,True
physics-rk4,Trial3,1.0,0.5293469625810019,True
physics-rk4-damped,Trial3,1.0,0.8871314897872069,True
persistence,Trial3,1.0,0.6850110778747673,True
constant-velocity,Trial3,1.0,1.4681891981403714,True
nearest-neighbor,Trial3,1.0,1.1318134441754193,True
sindy-real,Trial3,1.0,1.5153347282068879,True
chronos2,Trial3,1.0,0.9348424824445538,True
physics-rk4,Trial3,0.1,0.0421418109503251,True
physics-rk4-damped,Trial3,0.1,0.06438191321337672,True
persistence,Trial3,0.1,1.3178527400514377,True
constant-velocity,Trial3,0.1,0.2208886029138306,True
nearest-neighbor,Trial3,0.1,0.714383515767886,True
sindy-real,Trial3,0.1,0.43547886490481424,True
chronos2,Trial3,0.1,0.3482230040471914,True
physics-rk4,Trial3,0.5,0.11509599666105297,True
physics-rk4-damped,Trial3,0.5,0.05191024086450602,True
persistence,Trial3,0.5,2.734342625502091,True
constant-velocity,Trial3,0.5,2.125962713850825,True
nearest-neighbor,Trial3,0.5,0.5813625272640204,True
sindy-real,Trial3,0.5,1.1431874432719935,True
chronos2,Trial3,0.5,0.839248614985376,True
physics-rk4,Trial3,1.0,1.4719907201284546,True
physics-rk4-damped,Trial3,1.0,0.6717774859677985,True
persistence,Trial3,1.0,1.8201443634435672,True
constant-velocity,Trial3,1.0,0.8211404741698578,True
nearest-neighbor,Trial3,1.0,2.1483732888554803,True
sindy-real,Trial3,1.0,0.8946914728859499,True
chronos2,Trial3,1.0,1.8533449880403658,True
physics-rk4,Trial3,0.1,0.05600120748671533,True
physics-rk4-damped,Trial3,0.1,0.05594321605698993,True
persistence,Trial3,0.1,0.21108253724872528,True
constant-velocity,Trial3,0.1,0.1714564668522507,True
nearest-neighbor,Trial3,0.1,0.8989504658105734,True
sindy-real,Trial3,0.1,0.12267263008282225,True
chronos2,Trial3,0.1,0.21445678598242135,True
physics-rk4,Trial3,0.5,0.2779534834745916,True
physics-rk4-damped,Trial3,0.5,0.2599554656395333,True
persistence,Trial3,0.5,1.9545642008606476,True
constant-velocity,Trial3,0.5,0.9057047685079403,True
nearest-neighbor,Trial3,0.5,1.0242254730659042,True
sindy-real,Trial3,0.5,2.1539563893131337,True
chronos2,Trial3,0.5,1.5984987756478528,True
physics-rk4,Trial3,1.0,1.435653658545755,True
physics-rk4-damped,Trial3,1.0,1.3380990937353867,True
persistence,Trial3,1.0,1.5134443495308472,True
constant-velocity,Trial3,1.0,0.46957056064646796,True
nearest-neighbor,Trial3,1.0,1.163129085340567,True
sindy-real,Trial3,1.0,1.5707963267948966,False
chronos2,Trial3,1.0,0.2453499580177918,True
physics-rk4,Trial3,0.1,0.0765468302909964,True
physics-rk4-damped,Trial3,0.1,0.08101831740684795,True
persistence,Trial3,0.1,0.6667863240286311,True
constant-velocity,Trial3,0.1,0.43479144179173623,True
nearest-neighbor,Trial3,0.1,0.1961321231317097,True
sindy-real,Trial3,0.1,0.39358460107969817,True
chronos2,Trial3,0.1,0.2995986651665117,True
physics-rk4,Trial3,0.5,0.9483107780149438,True
physics-rk4-damped,Trial3,0.5,0.9528744087717538,True
persistence,Trial3,0.5,0.8845103892967217,True
constant-velocity,Trial3,0.5,0.24842103603454002,True
nearest-neighbor,Trial3,0.5,0.22018779980601444,True
sindy-real,Trial3,0.5,1.0089176195540719,True
chronos2,Trial3,0.5,0.48096732575017387,True
physics-rk4,Trial3,1.0,0.7539772840136973,True
physics-rk4-damped,Trial3,1.0,0.45082137190773786,True
persistence,Trial3,1.0,0.6488451160062314,True
constant-velocity,Trial3,1.0,1.851538301375788,True
nearest-neighbor,Trial3,1.0,1.5272254315119316,True
sindy-real,Trial3,1.0,1.605981009132706,True
chronos2,Trial3,1.0,1.0213326022156983,True
physics-rk4,Trial3,0.1,0.15909133359142502,True
physics-rk4-damped,Trial3,0.1,0.18831769124177145,True
persistence,Trial3,0.1,1.4811954209045473,True
constant-velocity,Trial3,0.1,0.8388672352053925,True
nearest-neighbor,Trial3,0.1,0.21260551117974158,True
sindy-real,Trial3,0.1,0.8104450855378545,True
chronos2,Trial3,0.1,1.5635689073697128,True
physics-rk4,Trial3,0.5,0.3673356950209419,True
physics-rk4-damped,Trial3,0.5,0.393704082068707,True
persistence,Trial3,0.5,1.7786336139075059,True
constant-velocity,Trial3,0.5,1.196090734127417,True
nearest-neighbor,Trial3,0.5,0.644058207502888,True
sindy-real,Trial3,0.5,0.23675169803015006,True
chronos2,Trial3,0.5,1.6428877557874566,True
physics-rk4,Trial3,1.0,0.42679948024887615,True
physics-rk4-damped,Trial3,1.0,1.3086905402424671,True
persistence,Trial3,1.0,1.3434922407372758,True
constant-velocity,Trial3,1.0,1.882544435215351,True
nearest-neighbor,Trial3,1.0,0.8145754276019548,True
sindy-real,Trial3,1.0,1.4561137141383718,True
chronos2,Trial3,1.0,1.446844643351954,True
physics-rk4,Trial3,0.1,0.2673317391612984,True
physics-rk4-damped,Trial3,0.1,0.24599907324540782,True
persistence,Trial3,0.1,0.9483285895660294,True
constant-velocity,Trial3,0.1,0.6948464829755991,True
nearest-neighbor,Trial3,0.1,0.3866528880029829,True
sindy-real,Trial3,0.1,0.2534019629945172,True
chronos2,Trial3,0.1,0.4203448263093996,True
physics-rk4,Trial3,0.5,0.46394637630369084,True
physics-rk4-damped,Trial3,0.5,0.982539880806736,True
persistence,Trial3,0.5,0.7098727243593315,True
constant-velocity,Trial3,0.5,1.9187753224205673,True
nearest-neighbor,Trial3,0.5,0.4078568099162956,True
sindy-real,Trial3,0.5,1.8093726206092842,True
chronos2,Trial3,0.5,0.9646867441426887,True
physics-rk4,Trial3,1.0,1.0226137872221521,True
physics-rk4-damped,Trial3,1.0,1.694280236775617,True
persistence,Trial3,1.0,1.6611318638518182,True
constant-velocity,Trial3,1.0,1.0969533341082673,True
nearest-neighbor,Trial3,1.0,0.6292463378820878,True
sindy-real,Trial3,1.0,1.1989445139304533,True
chronos2,Trial3,1.0,0.560675179912502,True
physics-rk4,Trial3,0.1,0.05528792591726628,True
physics-rk4-damped,Trial3,0.1,0.051245507770480536,True
persistence,Trial3,0.1,0.5590064651549711,True
constant-velocity,Trial3,0.1,0.23314812812632324,True
nearest-neighbor,Trial3,0.1,0.33305957760663407,True
sindy-real,Trial3,0.1,0.5907423291543532,True
chronos2,Trial3,0.1,0.15913773875774595,True
physics-rk4,Trial3,0.5,1.4245155115686625,True
physics-rk4-damped,Trial3,0.5,1.425120690495965,True
persistence,Trial3,0.5,1.63005940570027,True
constant-velocity,Trial3,0.5,2.4832721320247813,True
nearest-neighbor,Trial3,0.5,0.3450195011076582,True
sindy-real,Trial3,0.5,2.2356935563768743,True
chronos2,Trial3,0.5,1.3079180618108626,True
physics-rk4,Trial3,1.0,1.673343811523063,True
physics-rk4-damped,Trial3,1.0,0.6482692808260571,True
persistence,Trial3,1.0,1.6582051827036728,True
constant-velocity,Trial3,1.0,1.5691679741353877,True
nearest-neighbor,Trial3,1.0,1.8739438598308018,True
sindy-real,Trial3,1.0,1.4438061799898594,True
chronos2,Trial3,1.0,0.7079829562860915,True
physics-rk4,Trial3,0.1,0.10021525804826314,True
physics-rk4-damped,Trial3,0.1,0.1385873654501979,True
persistence,Trial3,0.1,1.5902773300574657,True
constant-velocity,Trial3,0.1,0.5650980028772976,True
nearest-neighbor,Trial3,0.1,0.17204643078318838,True
sindy-real,Trial3,0.1,0.3772371468433,True
chronos2,Trial3,0.1,0.5076024915545589,True
physics-rk4,Trial3,0.5,1.6852031733434265,True
physics-rk4-damped,Trial3,0.5,0.7840124762114202,True
persistence,Trial3,0.5,1.3244615862148352,True
constant-velocity,Trial3,0.5,1.3703982792684704,True
nearest-neighbor,Trial3,0.5,0.5583409805323667,True
sindy-real,Trial3,0.5,2.210537969717906,True
chronos2,Trial3,0.5,0.6816418822357726,True
physics-rk4,Trial3,1.0,1.0530911379265508,True
physics-rk4-damped,Trial3,1.0,1.9823277471893785,True
persistence,Trial3,1.0,1.34840283028062,True
constant-velocity,Trial3,1.0,2.100802781970838,True
nearest-neighbor,Trial3,1.0,1.235862857196902,True
sindy-real,Trial3,1.0,1.1358836078122008,True
chronos2,Trial3,1.0,0.5581538234174026,True
physics-rk4,Trial3,0.1,0.0448536005217508,True
physics-rk4-damped,Trial3,0.1,0.050454266199386755,True
persistence,Trial3,0.1,0.5295461147649474,True
constant-velocity,Trial3,0.1,0.25495952689744694,True
nearest-neighbor,Trial3,0.1,0.4044410798709086,True
sindy-real,Trial3,0.1,0.2843651098977007,True
chronos2,Trial3,0.1,0.039156764636862906,True
physics-rk4,Trial3,0.5,0.44020087538968244,True
physics-rk4-damped,Trial3,0.5,0.4947269312393465,True
persistence,Trial3,0.5,2.7297600080127715,True
constant-velocity,Trial3,0.5,1.9843683256212747,True
nearest-neighbor,Trial3,0.5,0.15263231349456152,True
sindy-real,Trial3,0.5,1.1457776412139058,True
chronos2,Trial3,0.5,1.4456941461517276,True
physics-rk4,Trial3,1.0,0.5586580963304271,True
physics-rk4-damped,Trial3,1.0,0.676019110859551,True
persistence,Trial3,1.0,0.13383279801387404,True
constant-velocity,Trial3,1.0,1.7995070771804236,True
nearest-neighbor,Trial3,1.0,1.7217747308723714,True
sindy-real,Trial3,1.0,0.7378882751687792,True
chronos2,Trial3,1.0,0.9811499454084491,True
physics-rk4,Trial3,0.1,0.08199242746861546,True
physics-rk4-damped,Trial3,0.1,0.07450135207608266,True
persistence,Trial3,0.1,0.27417376013430683,True
constant-velocity,Trial3,0.1,0.2796053180926248,True
nearest-neighbor,Trial3,0.1,0.48190366069284885,True
sindy-real,Trial3,0.1,0.7044214086210712,True
chronos2,Trial3,0.1,0.18090997406826181,True
physics-rk4,Trial3,0.5,0.7087844898508768,True
physics-rk4-damped,Trial3,0.5,0.6861719963946644,True
persistence,Trial3,0.5,2.563449750126446,True
constant-velocity,Trial3,0.5,0.950840165918482,True
nearest-neighbor,Trial3,0.5,0.267257257781889,True
sindy-real,Trial3,0.5,1.0103709401572352,True
chronos2,Trial3,0.5,1.0672720919891563,True
physics-rk4,Trial3,1.0,1.0757046706539772,True
physics-rk4-damped,Trial3,1.0,0.42751007010353614,True
persistence,Trial3,1.0,0.8917494622742494,True
constant-velocity,Trial3,1.0,1.5044486664052754,True
nearest-neighbor,Trial3,1.0,1.4747553439601733,True
sindy-real,Trial3,1.0,1.4780017184330316,True
chronos2,Trial3,1.0,0.3302374065916718,True
physics-rk4,Trial3,0.1,0.07645241087918131,True
physics-rk4-damped,Trial3,0.1,0.05349822062008647,True
persistence,Trial3,0.1,1.0691205124013963,True
constant-velocity,Trial3,0.1,0.3733076979492309,True
nearest-neighbor,Trial3,0.1,0.2108166972707819,True
sindy-real,Trial3,0.1,0.5135900542601544,True
chronos2,Trial3,0.1,0.5679138053594888,True
physics-rk4,Trial3,0.5,0.8518313984698036,True
physics-rk4-damped,Trial3,0.5,1.1931988518637002,True
persistence,Trial3,0.5,1.33333225681276,True
constant-velocity,Trial3,0.5,2.514834208620576,True
nearest-neighbor,Trial3,0.5,0.9084352782061913,True
sindy-real,Trial3,0.5,1.5393188580336674,True
chronos2,Trial3,0.5,0.17798809859421016,True
physics-rk4,Trial3,1.0,1.3465002232318217,True
physics-rk4-damped,Trial3,1.0,1.6054574068486986,True
persistence,Trial3,1.0,0.6547347903958483,True
constant-velocity,Trial3,1.0,3.0071148246510586,True
nearest-neighbor,Trial3,1.0,1.9948373071025447,True
sindy-real,Trial3,1.0,0.9918196148581866,True
chronos2,Trial3,1.0,0.37453417446989734,True
physics-rk4,Trial3,0.1,0.024016798377990867,True
physics-rk4-damped,Trial3,0.1,0.04007625465302955,True
persistence,Trial3,0.1,1.1044313313670018,True
constant-velocity,Trial3,0.1,0.15316312181357405,True
nearest-neighbor,Trial3,0.1,0.785210298616593,True
sindy-real,Trial3,0.1,0.23849185045634647,True
chronos2,Trial3,0.1,0.011781166604649673,True
physics-rk4,Trial3,0.5,0.6635460685105112,True
physics-rk4-damped,Trial3,0.5,0.5506868602269697,True
persistence,Trial3,0.5,1.8908374963458887,True
constant-velocity,Trial3,0.5,0.9303759243909591,True
nearest-neighbor,Trial3,0.5,0.47861721086506215,True
sindy-real,Trial3,0.5,1.1093347374664149,True
chronos2,Trial3,0.5,1.7213787564755303,True
physics-rk4,Trial3,1.0,1.0248420663890547,True
physics-rk4-damped,Trial3,1.0,0.9802514119008445,True
persistence,Trial3,1.0,0.8725602368758798,True
constant-velocity,Trial3,1.0,1.7146615665552893,True
nearest-neighbor,Trial3,1.0,1.3531045010510416,True
sindy-real,Trial3,1.0,2.2391461068535774,True
chronos2,Trial3,1.0,1.6347480033580908,True
physics-rk4,Trial3,0.1,0.13338455775446012,True
physics-rk4-damped,Trial3,0.1,0.14601897711771716,True
persistence,Trial3,0.1,1.129098687114689,True
constant-velocity,Trial3,0.1,0.5734504033218855,True
nearest-neighbor,Trial3,0.1,0.4880156301990306,True
sindy-real,Trial3,0.1,0.3113995192554708,True
chronos2,Trial3,0.1,0.2539715664777735,True
physics-rk4,Trial3,0.5,0.8851231288184569,True
physics-rk4-damped,Trial3,0.5,1.490068934306211,True
persistence,Trial3,0.5,1.6952645070843126,True
constant-velocity,Trial3,0.5,0.8453975191089413,True
nearest-neighbor,Trial3,0.5,1.5199537554660107,True
sindy-real,Trial3,0.5,0.7015272995555595,True
chronos2,Trial3,0.5,1.5574120610597348,True
physics-rk4,Trial3,1.0,1.2611300759709878,True
physics-rk4-damped,Trial3,1.0,0.7868627787568392,True
persistence,Trial3,1.0,1.4654897004917777,True
constant-velocity,Trial3,1.0,3.028737063001973,True
nearest-neighbor,Trial3,1.0,0.13741776598092414,True
sindy-real,Trial3,1.0,1.8105066305530761,True
chronos2,Trial3,1.0,1.0608242867298991,True
physics-rk4,Trial3,0.1,0.16640177625606345,True
physics-rk4-damped,Trial3,0.1,0.1221364507677074,True
persistence,Trial3,0.1,1.4651409839158638,True
constant-velocity,Trial3,0.1,0.822045951370002,True
nearest-neighbor,Trial3,0.1,0.27791172223499316,True
sindy-real,Trial3,0.1,0.6672482475026449,True
chronos2,Trial3,0.1,0.5225331825332806,True
physics-rk4,Trial3,0.5,1.6924168472041692,True
physics-rk4-damped,Trial3,0.5,0.5750333018457798,True
persistence,Trial3,0.5,1.2107313622286657,True
constant-velocity,Trial3,0.5,2.0917152785204562,True
nearest-neighbor,Trial3,0.5,0.4273601297786467,True
sindy-real,Trial3,0.5,2.280411836268937,True
chronos2,Trial3,0.5,1.1668079791733899,True
physics-rk4,Trial3,1.0,0.13196905554845495,True
physics-rk4-damped,Trial3,1.0,0.3943854049949733,True
persistence,Trial3,1.0,1.3446499786322446,True
constant-velocity,Trial3,1.0,0.4639292009021396,True
nearest-neighbor,Trial3,1.0,1.7912096040401355,True
sindy-real,Trial3,1.0,1.4074450370171219,True
chronos2,Trial3,1.0,0.8215688511271595,True
physics-rk4,Trial3,0.1,0.1276939730367732,True
physics-rk4-damped,Trial3,0.1,0.1392190068448551,True
persistence,Trial3,0.1,1.0013196278475514,True
constant-velocity,Trial3,0.1,0.5706921082542968,True
nearest-neighbor,Trial3,0.1,0.522561466459706,True
sindy-real,Trial3,0.1,0.5064617835374037,True
chronos2,Trial3,0.1,0.41919782365859115,True
physics-rk4,Trial3,0.5,0.8681472167829964,True
physics-rk4-damped,Trial3,0.5,0.5805129575861465,True
persistence,Trial3,0.5,1.0724360934041974,True
constant-velocity,Trial3,0.5,0.8222514661871863,True
nearest-neighbor,Trial3,0.5,1.3760824793699524,True
sindy-real,Trial3,0.5,1.2273156120104125,True
chronos2,Trial3,0.5,1.576743163417694,True
physics-rk4,Trial3,1.0,0.6149570566892684,True
physics-rk4-damped,Trial3,1.0,0.5120076511258436,True
persistence,Trial3,1.0,2.0847764334838725,True
constant-velocity,Trial3,1.0,2.4548130856585226,True
nearest-neighbor,Trial3,1.0,1.2885458785749995,True
sindy-real,Trial3,1.0,0.6441259636616641,True
chronos2,Trial3,1.0,0.917853511012138,True
physics-rk4,Trial3,0.1,0.026149023430948493,True
physics-rk4-damped,Trial3,0.1,0.014004357967777992,True
persistence,Trial3,0.1,1.3300144193652117,True
constant-velocity,Trial3,0.1,0.08118504650431646,True
nearest-neighbor,Trial3,0.1,0.35827084737085624,True
sindy-real,Trial3,0.1,0.25944096972609376,True
chronos2,Trial3,0.1,0.401745181806044,True
physics-rk4,Trial3,0.5,0.9117280909078347,True
physics-rk4-damped,Trial3,0.5,1.656854934513758,True
persistence,Trial3,0.5,0.7095847159322144,True
constant-velocity,Trial3,0.5,0.7660504665492205,True
nearest-neighbor,Trial3,0.5,0.5095040946977178,True
sindy-real,Trial3,0.5,2.0747258060203384,True
chronos2,Trial3,0.5,0.879067335045328,True
physics-rk4,Trial3,1.0,0.885027104635125,True
physics-rk4-damped,Trial3,1.0,1.3144389274059964,True
persistence,Trial3,1.0,1.1768270714979772,True
constant-velocity,Trial3,1.0,1.0635218781684035,True
nearest-neighbor,Trial3,1.0,0.948395547037137,True
sindy-real,Trial3,1.0,1.4804544647782172,True
chronos2,Trial3,1.0,1.5649900841356992,True
physics-rk4,Trial3,0.1,0.12549595587015183,True
physics-rk4-damped,Trial3,0.1,0.14663221677470384,True
persistence,Trial3,0.1,1.4440366827454985,True
constant-velocity,Trial3,0.1,0.6110843077871522,True
nearest-neighbor,Trial3,0.1,0.3082790723222937,True
sindy-real,Trial3,0.1,0.5582872846092188,True
chronos2,Trial3,0.1,0.6153487853336332,True
physics-rk4,Trial3,0.5,0.7696376754870928,True
physics-rk4-damped,Trial3,0.5,1.580458378525388,True
persistence,Trial3,0.5,1.6611257847749479,True
constant-velocity,Trial3,0.5,1.71645641762092,True
nearest-neighbor,Trial3,0.5,0.12650756781702555,True
sindy-real,Trial3,0.5,1.6268754537194834,True
chronos2,Trial3,0.5,0.5477024545440381,True
physics-rk4,Trial3,1.0,1.3181421285297712,True
physics-rk4-damped,Trial3,1.0,1.0364001411158301,True
persistence,Trial3,1.0,0.8831443496997804,True
constant-velocity,Trial3,1.0,1.1631940927040945,True
nearest-neighbor,Trial3,1.0,0.669963308298672,True
sindy-real,Trial3,1.0,0.9920425777316777,True
chronos2,Trial3,1.0,0.38414274478452315,True
physics-rk4,Trial3,0.1,0.03448608037120904,True
physics-rk4-damped,Trial3,0.1,0.06517664022742897,True
persistence,Trial3,0.1,1.4391698737928849,True
constant-velocity,Trial3,0.1,0.23395922363815513,True
nearest-neighbor,Trial3,0.1,0.29226975573575054,True
sindy-real,Trial3,0.1,0.36131974039108794,True
chronos2,Trial3,0.1,0.3861015895083537,True
physics-rk4,Trial3,0.5,1.692952103198761,True
physics-rk4-damped,Trial3,0.5,1.061972231088478,True
persistence,Trial3,0.5,1.4266594416339395,True
constant-velocity,Trial3,0.5,1.4055169730611108,True
nearest-neighbor,Trial3,0.5,0.2631935079947665,True
sindy-real,Trial3,0.5,1.1416533315772246,True
chronos2,Trial3,0.5,0.15739589124566677,True
physics-rk4,Trial3,1.0,1.645239531274679,True
physics-rk4-damped,Trial3,1.0,1.0088621933882838,True
persistence,Trial3,1.0,0.20680746072170875,True
constant-velocity,Trial3,1.0,1.4542705128475624,True
nearest-neighbor,Trial3,1.0,1.2380939919938578,True
sindy-real,Trial3,1.0,1.0114360246662981,True
chronos2,Trial3,1.0,1.804421934949251,True
physics-rk4,Trial3,0.1,0.03985314911432569,True
physics-rk4-damped,Trial3,0.1,0.050542053150523625,True
persistence,Trial3,0.1,0.7954987362744266,True
constant-velocity,Trial3,0.1,0.2064948646420408,True
nearest-neighbor,Trial3,0.1,0.33512308681662706,True
sindy-real,Trial3,0.1,0.5570433382527402,True
chronos2,Trial3,0.1,0.15183599402473247,True
physics-rk4,Trial3,0.5,0.3948990512726933,True
physics-rk4-damped,Trial3,0.5,0.3886195772167862,True
persistence,Trial3,0.5,2.1327043039139597,True
constant-velocity,Trial3,0.5,0.6584047450750905,True
nearest-neighbor,Trial3,0.5,0.7269566588321279,True
sindy-real,Trial3,0.5,0.6776667689804761,True
chronos2,Trial3,0.5,0.4077226977264621,True
physics-rk4,Trial3,1.0,0.4277663283189779,True
physics-rk4-damped,Trial3,1.0,0.6336684985128058,True
persistence,Trial3,1.0,1.2411954742213396,True
constant-velocity,Trial3,1.0,1.7074036434563986,True
nearest-neighbor,Trial3,1.0,1.479597870184536,True
sindy-real,Trial3,1.0,1.1071740555735956,True
chronos2,Trial3,1.0,1.6024067264012694,True
physics-rk4,Trial3,0.1,0.04104984245492016,True
physics-rk4-damped,Trial3,0.1,0.034484704204180705,True
persistence,Trial3,0.1,0.4385486103711247,True
constant-velocity,Trial3,0.1,0.23509866316880812,True
nearest-neighbor,Trial3,0.1,0.6071058573972996,True
sindy-real,Trial3,0.1,0.04560430516059988,True
chronos2,Trial3,0.1,0.08939568701629819,True
physics-rk4,Trial3,0.5,0.27973605792850864,True
physics-rk4-damped,Trial3,0.5,0.48987783003652496,True
persistence,Trial3,0.5,1.606818333814855,True
constant-velocity,Trial3,0.5,2.276408924014126,True
nearest-neighbor,Trial3,0.5,0.251062880903679,True
sindy-real,Trial3,0.5,0.7705320835658771,True
chronos2,Trial3,0.5,1.0270590034684477,True
physics-rk4,Trial3,1.0,1.2390298614380755,True
physics-rk4-damped,Trial3,1.0,0.17574225626319206,True
persistence,Trial3,1.0,0.9367986007992863,True
constant-velocity,Trial3,1.0,0.3062312423173603,True
nearest-neighbor,Trial3,1.0,1.4700488655694173,True
sindy-real,Trial3,1.0,0.7568598193924445,True
chronos2,Trial3,1.0,0.9512900461526419,True
physics-rk4,Trial3,0.1,0.1071653492733804,True
physics-rk4-damped,Trial3,0.1,0.08852845352611971,True
persistence,Trial3,0.1,0.6353642370483472,True
constant-velocity,Trial3,0.1,0.31116940775703683,True
nearest-neighbor,Trial3,0.1,0.12291641265816455,True
sindy-real,Trial3,0.1,0.17513163227945672,True
chronos2,Trial3,0.1,0.18137520835511878,True
physics-rk4,Trial3,0.5,0.06099340295521127,True
physics-rk4-damped,Trial3,0.5,0.11287883147960764,True
persistence,Trial3,0.5,1.3110797407409565,True
constant-velocity,Trial3,0.5,1.328581027211409,True
nearest-neighbor,Trial3,0.5,0.24917371482442263,True
sindy-real,Trial3,0.5,1.3940223391521118,True
chronos2,Trial3,0.5,0.6275318673492238,True
physics-rk4,Trial3,1.0,0.3647015735132362,True
physics-rk4-damped,Trial3,1.0,0.026087451075822443,True
persistence,Trial3,1.0,0.30679158871600753,True
constant-velocity,Trial3,1.0,0.5754806189795163,True
nearest-neighbor,Trial3,1.0,1.200213491915843,True
sindy-real,Trial3,1.0,0.31464892174585835,True
chronos2,Trial3,1.0,0.387971381263029,True
physics-rk4,Trial3,0.1,0.0667333036114659,True
physics-rk4-damped,Trial3,0.1,0.04848024814662488,True
persistence,Trial3,0.1,0.8749297102377911,True
constant-velocity,Trial3,0.1,0.4653800840771445,True
nearest-neighbor,Trial3,0.1,0.08282056610835209,True
sindy-real,Trial3,0.1,0.37876519261706765,True
chronos2,Trial3,0.1,0.1591477059237043,True
physics-rk4,Trial3,0.5,0.3576694695454945,True
physics-rk4-damped,Trial3,0.5,0.5163704071196284,True
persistence,Trial3,0.5,1.9568696713707525,True
constant-velocity,Trial3,0.5,0.9029882957349389,True
nearest-neighbor,Trial3,0.5,0.6367352207317758,True
sindy-real,Trial3,0.5,1.1033782821558598,True
chronos2,Trial3,0.5,0.2843611782862694,True
physics-rk4,Trial3,1.0,0.4022061327841402,True
physics-rk4-damped,Trial3,1.0,0.4342677641940629,True
persistence,Trial3,1.0,0.7263524045954206,True
constant-velocity,Trial3,1.0,1.2213497054194455,True
nearest-neighbor,Trial3,1.0,0.15758047621908666,True
sindy-real,Trial3,1.0,0.941329997408809,True
chronos2,Trial3,1.0,0.9625328721877358,True
physics-rk4,Trial3,0.1,0.11651855951346857,True
physics-rk4-damped,Trial3,0.1,0.09849446600445555,True
persistence,Trial3,0.1,0.781619155356982,True
constant-velocity,Trial3,0.1,0.41270289951466665,True
nearest-neighbor,Trial3,0.1,0.30198176123553466,True
sindy-real,Trial3,0.1,0.4220388144616658,True
chronos2,Trial3,0.1,0.6306765409555601,True
physics-rk4,Trial3,0.5,0.6109931951815977,True
physics-rk4-damped,Trial3,0.5,0.5676076923513556,True
persistence,Trial3,0.5,1.469961917648777,True
constant-velocity,Trial3,0.5,1.983205768762359,True
nearest-neighbor,Trial3,0.5,0.7296978886292624,True
sindy-real,Trial3,0.5,2.9558771315705985,True
chronos2,Trial3,0.5,1.0701591849420495,True
physics-rk4,Trial3,1.0,1.783220775443803,True
physics-rk4-damped,Trial3,1.0,1.3330167733786373,True
persistence,Trial3,1.0,0.4183220380395789,True
constant-velocity,Trial3,1.0,1.6571436286251142,True
nearest-neighbor,Trial3,1.0,1.5946864976435169,True
sindy-real,Trial3,1.0,1.0504500985598981,True
chronos2,Trial3,1.0,0.2952137844766338,True
physics-rk4,Trial3,0.1,0.09051207539640282,True
physics-rk4-damped,Trial3,0.1,0.08218435578979966,True
persistence,Trial3,0.1,0.7628821544784894,True
constant-velocity,Trial3,0.1,0.4189673509041376,True
nearest-neighbor,Trial3,0.1,0.23390847236012924,True
sindy-real,Trial3,0.1,0.7412070262295738,True
chronos2,Trial3,0.1,0.6226721576256256,True
physics-rk4,Trial3,0.5,0.44195983030296837,True
physics-rk4-damped,Trial3,0.5,0.3978846934556981,True
persistence,Trial3,0.5,0.6409861543178264,True
constant-velocity,Trial3,0.5,1.860413226697104,True
nearest-neighbor,Trial3,0.5,0.2852709887121456,True
sindy-real,Trial3,0.5,1.5205745391736696,True
chronos2,Trial3,0.5,0.39052912855494837,True
physics-rk4,Trial3,1.0,1.3574119942535186,True
physics-rk4-damped,Trial3,1.0,0.9703184511541174,True
persistence,Trial3,1.0,0.7065361852113616,True
constant-velocity,Trial3,1.0,0.7535226935499417,True
nearest-neighbor,Trial3,1.0,0.9792505703978431,True
sindy-real,Trial3,1.0,0.9542513627142566,True
chronos2,Trial3,1.0,0.06668277583716353,True
physics-rk4,Trial3,0.1,0.10797362527151133,True
physics-rk4-damped,Trial3,0.1,0.11443129456346268,True
persistence,Trial3,0.1,0.8554010624590846,True
constant-velocity,Trial3,0.1,0.4238723541504359,True
nearest-neighbor,Trial3,0.1,0.16613006432090938,True
sindy-real,Trial3,0.1,0.5462335993548106,True
chronos2,Trial3,0.1,0.3972404106126515,True
physics-rk4,Trial3,0.5,0.9673245426444934,True
physics-rk4-damped,Trial3,0.5,0.5288384588440467,True
persistence,Trial3,0.5,1.494370757117454,True
constant-velocity,Trial3,0.5,2.527404160939922,True
nearest-neighbor,Trial3,0.5,1.1735197657827126,True
sindy-real,Trial3,0.5,1.2714482972199526,True
chronos2,Trial3,0.5,0.9531610836092428,True
physics-rk4,Trial3,1.0,0.9219975106947333,True
physics-rk4-damped,Trial3,1.0,1.0021881938991397,True
persistence,Trial3,1.0,0.8121277471371724,True
constant-velocity,Trial3,1.0,1.9360991751686552,True
nearest-neighbor,Trial3,1.0,1.4101193042662263,True
sindy-real,Trial3,1.0,0.9903123400347895,True
chronos2,Trial3,1.0,1.3633181885144507,True
physics-rk4,Trial3,0.1,0.08079352531472805,True
physics-rk4-damped,Trial3,0.1,0.08420760468413757,True
persistence,Trial3,0.1,0.4247340656758949,True
constant-velocity,Trial3,0.1,0.3394813490883317,True
nearest-neighbor,Trial3,0.1,0.8421072465634207,True
sindy-real,Trial3,0.1,0.577016320861564,True
chronos2,Trial3,0.1,0.13053542215995062,True
physics-rk4,Trial3,0.5,0.2877252341332892,True
physics-rk4-damped,Trial3,0.5,0.2273865069336709,True
persistence,Trial3,0.5,1.019749998714914,True
constant-velocity,Trial3,0.5,0.5934864157770989,True
nearest-neighbor,Trial3,0.5,1.7364800394174358,True
sindy-real,Trial3,0.5,1.1545221245819333,True
chronos2,Trial3,0.5,1.2456219080248974,True
physics-rk4,Trial3,1.0,1.1539800340766648,True
physics-rk4-damped,Trial3,1.0,1.1926673875859195,True
persistence,Trial3,1.0,1.7730993730100377,True
constant-velocity,Trial3,1.0,2.221020446455386,True
nearest-neighbor,Trial3,1.0,1.3726155829351763,True
sindy-real,Trial3,1.0,0.8442866721849258,True
chronos2,Trial3,1.0,1.0759183540981367,True
physics-rk4,Trial3,0.1,0.1097862927309321,True
physics-rk4-damped,Trial3,0.1,0.09780276383575037,True
persistence,Trial3,0.1,0.31017420243268834,True
constant-velocity,Trial3,0.1,0.31168000330602186,True
nearest-neighbor,Trial3,0.1,0.5097333611954618,True
sindy-real,Trial3,0.1,0.7158638813913367,True
chronos2,Trial3,0.1,0.08341834099907919,True
physics-rk4,Trial3,0.5,0.15985214774612766,True
physics-rk4-damped,Trial3,0.5,0.04411560783680857,True
persistence,Trial3,0.5,1.7992474457345304,True
constant-velocity,Trial3,0.5,1.374666832751505,True
nearest-neighbor,Trial3,0.5,1.4881230394239093,True
sindy-real,Trial3,0.5,0.6898032864631447,True
chronos2,Trial3,0.5,0.7251659722137833,True
physics-rk4,Trial3,1.0,1.2672466392456498,True
physics-rk4-damped,Trial3,1.0,1.2929138926991488,True
persistence,Trial3,1.0,1.6451815691332103,True
constant-velocity,Trial3,1.0,1.5269559826353363,True
nearest-neighbor,Trial3,1.0,0.7543716411460233,True
sindy-real,Trial3,1.0,0.7145109108826402,True
chronos2,Trial3,1.0,0.2655213200264761,True
physics-rk4,Trial3,0.1,0.05947806657041044,True
physics-rk4-damped,Trial3,0.1,0.04638260302545705,True
persistence,Trial3,0.1,0.4062580408005756,True
constant-velocity,Trial3,0.1,0.16339594832555937,True
nearest-neighbor,Trial3,0.1,0.3278444386895476,True
sindy-real,Trial3,0.1,0.17088573809092988,True
chronos2,Trial3,0.1,0.12640712235572016,True
physics-rk4,Trial3,0.5,0.27848520702779256,True
physics-rk4-damped,Trial3,0.5,0.08152135303719765,True
persistence,Trial3,0.5,2.5346232701891642,True
constant-velocity,Trial3,0.5,1.5494350415060647,True
nearest-neighbor,Trial3,0.5,1.5673652335298573,True
sindy-real,Trial3,0.5,1.4744538923508368,True
chronos2,Trial3,0.5,1.6396668036751607,True
physics-rk4,Trial3,1.0,1.7890271996005582,True
physics-rk4-damped,Trial3,1.0,1.0029129033313557,True
persistence,Trial3,1.0,1.7421694060763206,True
constant-velocity,Trial3,1.0,1.9860686634317082,True
nearest-neighbor,Trial3,1.0,1.1040214964228259,True
sindy-real,Trial3,1.0,2.5729007807546114,True
chronos2,Trial3,1.0,1.4513266187146354,True
